{
  "type": "FeatureCollection",
  "features": [
    {
      "type": "Feature",
      "properties": {
        "name": "BUDAPEST FIR",
        "category": "fir",
        "lower": "GND",
        "upper": "FL660",
        "note": "Border segments derived from Natural Earth 10m HU boundary; verify against official source for operational use."
      },
      "geometry": {
        "type": "Polygon",
        "coordinates": [
          [
            [
              16.113889,
              46.869167
            ],
            [
              16.17462158203125,
              46.9052455464292
            ],
            [
              16.1993408203125,
              46.931509883369316
            ],
            [
              16.25152587890625,
              46.95401192579361
            ],
            [
              16.27899169921875,
              46.97275640318636
            ],
            [
              16.2982177734375,
              47.00460694243501
            ],
            [
              16.32568359375,
              46.997114405385986
            ],
            [
              16.3751220703125,
              47.00273390667881
            ],
            [
              16.46026611328125,
              46.9933677428342
            ],
            [
              16.49871826171875,
              47.00647991252098
            ],
            [
              16.46026611328125,
              47.02333368818491
            ],
            [
              16.44378662109375,
              47.034566583590426
            ],
            [
              16.51519775390625,
              47.06263847995432
            ],
            [
              16.47674560546875,
              47.075733642316195
            ],
            [
              16.47674560546875,
              47.100044694025215
            ],
            [
              16.5179443359375,
              47.131819327544115
            ],
            [
              16.509704589843746,
              47.15236927446393
            ],
            [
              16.449279785156246,
              47.150501425705635
            ],
            [
              16.446533203125,
              47.187845928576344
            ],
            [
              16.4300537109375,
              47.191578934752954
            ],
            [
              16.42181396484375,
              47.21583707523794
            ],
            [
              16.43829345703125,
              47.2549998709802
            ],
            [
              16.46575927734375,
              47.25872815157009
            ],
            [
              16.4849853515625,
              47.297859249409825
            ],
            [
              16.42181396484375,
              47.34812813983327
            ],
            [
              16.449279785156246,
              47.3630134401339
            ],
            [
              16.45477294921875,
              47.38905261221537
            ],
            [
              16.446533203125,
              47.4057852900587
            ],
            [
              16.47674560546875,
              47.41136166853917
            ],
            [
              16.490478515625,
              47.39834920035926
            ],
            [
              16.53717041015625,
              47.40020832118433
            ],
            [
              16.60308837890625,
              47.42437092240519
            ],
            [
              16.65802001953125,
              47.46337939935778
            ],
            [
              16.65802001953125,
              47.502358951968574
            ],
            [
              16.69647216796875,
              47.537601245618134
            ],
            [
              16.67449951171875,
              47.56726060598141
            ],
            [
              16.66900634765625,
              47.59505101193038
            ],
            [
              16.63330078125,
              47.632081940263305
            ],
            [
              16.5728759765625,
              47.622826666563675
            ],
            [
              16.5234375,
              47.646886969413
            ],
            [
              16.509704589843746,
              47.635783590864854
            ],
            [
              16.424560546875,
              47.66723703450518
            ],
            [
              16.44378662109375,
              47.69497434186282
            ],
            [
              16.4630126953125,
              47.68388118858139
            ],
            [
              16.48223876953125,
              47.69867153529717
            ],
            [
              16.5509033203125,
              47.719001413201916
            ],
            [
              16.53717041015625,
              47.74486433470359
            ],
            [
              16.600341796875,
              47.759637380334595
            ],
            [
              16.6387939453125,
              47.75225138174104
            ],
            [
              16.72393798828125,
              47.73193447949174
            ],
            [
              16.75689697265625,
              47.68757916850813
            ],
            [
              16.82830810546875,
              47.68757916850813
            ],
            [
              16.8365478515625,
              47.70606513569572
            ],
            [
              16.875,
              47.720849190702324
            ],
            [
              16.8804931640625,
              47.68942806015855
            ],
            [
              17.083740234375,
              47.70791337194979
            ],
            [
              17.07550048828125,
              47.72269690266809
            ],
            [
              17.053527832031246,
              47.78917089079263
            ],
            [
              17.06451416015625,
              47.81315451752768
            ],
            [
              17.01507568359375,
              47.85924575819688
            ],
            [
              17.0452880859375,
              47.87582858242869
            ],
            [
              17.0892333984375,
              47.88503897004144
            ],
            [
              17.105712890625,
              47.92554522341879
            ],
            [
              17.100219726562496,
              47.936586882217306
            ],
            [
              17.105712890625,
              47.96050238891509
            ],
            [
              17.0947265625,
              47.97521412341618
            ],
            [
              17.160833,
              48.006667
            ],
            [
              17.0947265625,
              47.97521412341618
            ],
            [
              17.105712890625,
              47.96050238891509
            ],
            [
              17.100219726562496,
              47.936586882217306
            ],
            [
              17.105712890625,
              47.92554522341879
            ],
            [
              17.0892333984375,
              47.88503897004144
            ],
            [
              17.0452880859375,
              47.87582858242869
            ],
            [
              17.01507568359375,
              47.85924575819688
            ],
            [
              17.06451416015625,
              47.81315451752768
            ],
            [
              17.053527832031246,
              47.78917089079263
            ],
            [
              17.07550048828125,
              47.72269690266809
            ],
            [
              17.083740234375,
              47.70791337194979
            ],
            [
              16.8804931640625,
              47.68942806015855
            ],
            [
              16.875,
              47.720849190702324
            ],
            [
              16.8365478515625,
              47.70606513569572
            ],
            [
              16.82830810546875,
              47.68757916850813
            ],
            [
              16.75689697265625,
              47.68757916850813
            ],
            [
              16.72393798828125,
              47.73193447949174
            ],
            [
              16.6387939453125,
              47.75225138174104
            ],
            [
              16.600341796875,
              47.759637380334595
            ],
            [
              16.53717041015625,
              47.74486433470359
            ],
            [
              16.5509033203125,
              47.719001413201916
            ],
            [
              16.48223876953125,
              47.69867153529717
            ],
            [
              16.4630126953125,
              47.68388118858139
            ],
            [
              16.44378662109375,
              47.69497434186282
            ],
            [
              16.424560546875,
              47.66723703450518
            ],
            [
              16.509704589843746,
              47.635783590864854
            ],
            [
              16.5234375,
              47.646886969413
            ],
            [
              16.5728759765625,
              47.622826666563675
            ],
            [
              16.63330078125,
              47.632081940263305
            ],
            [
              16.66900634765625,
              47.59505101193038
            ],
            [
              16.67449951171875,
              47.56726060598141
            ],
            [
              16.69647216796875,
              47.537601245618134
            ],
            [
              16.65802001953125,
              47.502358951968574
            ],
            [
              16.65802001953125,
              47.46337939935778
            ],
            [
              16.60308837890625,
              47.42437092240519
            ],
            [
              16.53717041015625,
              47.40020832118433
            ],
            [
              16.490478515625,
              47.39834920035926
            ],
            [
              16.47674560546875,
              47.41136166853917
            ],
            [
              16.446533203125,
              47.4057852900587
            ],
            [
              16.45477294921875,
              47.38905261221537
            ],
            [
              16.449279785156246,
              47.3630134401339
            ],
            [
              16.42181396484375,
              47.34812813983327
            ],
            [
              16.4849853515625,
              47.297859249409825
            ],
            [
              16.46575927734375,
              47.25872815157009
            ],
            [
              16.43829345703125,
              47.2549998709802
            ],
            [
              16.42181396484375,
              47.21583707523794
            ],
            [
              16.4300537109375,
              47.191578934752954
            ],
            [
              16.446533203125,
              47.187845928576344
            ],
            [
              16.449279785156246,
              47.150501425705635
            ],
            [
              16.509704589843746,
              47.15236927446393
            ],
            [
              16.5179443359375,
              47.131819327544115
            ],
            [
              16.47674560546875,
              47.100044694025215
            ],
            [
              16.47674560546875,
              47.075733642316195
            ],
            [
              16.51519775390625,
              47.06263847995432
            ],
            [
              16.44378662109375,
              47.034566583590426
            ],
            [
              16.46026611328125,
              47.02333368818491
            ],
            [
              16.49871826171875,
              47.00647991252098
            ],
            [
              16.46026611328125,
              46.9933677428342
            ],
            [
              16.3751220703125,
              47.00273390667881
            ],
            [
              16.32568359375,
              46.997114405385986
            ],
            [
              16.2982177734375,
              47.00460694243501
            ],
            [
              16.27899169921875,
              46.97275640318636
            ],
            [
              16.25152587890625,
              46.95401192579361
            ],
            [
              16.1993408203125,
              46.931509883369316
            ],
            [
              16.17462158203125,
              46.9052455464292
            ],
            [
              16.113210563601513,
              46.869167053056486
            ],
            [
              16.138916015625,
              46.854556538855746
            ],
            [
              16.173248291015625,
              46.86019101567027
            ],
            [
              16.230926513671875,
              46.874274621077795
            ],
            [
              16.285171508789062,
              46.87239702052007
            ],
            [
              16.335983276367188,
              46.84610371505515
            ],
            [
              16.35040283203125,
              46.83483121393447
            ],
            [
              16.3421630859375,
              46.803819640791566
            ],
            [
              16.315383911132812,
              46.79911935722295
            ],
            [
              16.312637329101562,
              46.77749276376827
            ],
            [
              16.330490112304574,
              46.77749276376827
            ],
            [
              16.32293701171875,
              46.755387052132136
            ],
            [
              16.34353637695301,
              46.73844888224751
            ],
            [
              16.358642578125,
              46.71538559839362
            ],
            [
              16.36962890625,
              46.721976114280686
            ],
            [
              16.381301879882812,
              46.713973240259
            ],
            [
              16.373062133789062,
              46.703614817813545
            ],
            [
              16.385421752929688,
              46.69843486113957
            ],
            [
              16.425933837890625,
              46.69419634511967
            ],
            [
              16.419754028320312,
              46.6588624401289
            ],
            [
              16.39434814453125,
              46.663103728640706
            ],
            [
              16.384735107421875,
              46.65273554711876
            ],
            [
              16.3916015625,
              46.63765100682623
            ],
            [
              16.4252471923827,
              46.61548796222358
            ],
            [
              16.443786621093636,
              46.61171462536894
            ],
            [
              16.482925415039062,
              46.5782147398224
            ],
            [
              16.481895446777344,
              46.56641407568593
            ],
            [
              16.491851806640625,
              46.5640536347374
            ],
            [
              16.50867462158203,
              46.564761777806275
            ],
            [
              16.518630981445312,
              46.552958186495715
            ],
            [
              16.51897430419922,
              46.53737351420491
            ],
            [
              16.53167724609375,
              46.53146906088904
            ],
            [
              16.524810791015625,
              46.51587821960058
            ],
            [
              16.53305053710926,
              46.514460648524775
            ],
            [
              16.529617309570312,
              46.50855370434326
            ],
            [
              16.52618408203125,
              46.50878999443673
            ],
            [
              16.523780822753906,
              46.50571814310074
            ],
            [
              16.534767150878906,
              46.5002829039397
            ],
            [
              16.566696166992188,
              46.48941079543939
            ],
            [
              16.57390594482422,
              46.48255552297668
            ],
            [
              16.5838623046875,
              46.47782724551892
            ],
            [
              16.605491638183594,
              46.47546295270333
            ],
            [
              16.612213012039263,
              46.46982399144435
            ],
            [
              16.619009425505453,
              46.46535950217538
            ],
            [
              16.625189235075766,
              46.46823722413006
            ],
            [
              16.629867553710938,
              46.462457505996056
            ],
            [
              16.636734008789062,
              46.46576827816456
            ],
            [
              16.659393310546875,
              46.45961954102543
            ],
            [
              16.666946411132812,
              46.455362316203846
            ],
            [
              16.658706665039062,
              46.44731998341687
            ],
            [
              16.6717529296875,
              46.44873930490745
            ],
            [
              16.706085205078125,
              46.402829175697995
            ],
            [
              16.71844482421875,
              46.39146400155906
            ],
            [
              16.728744506835938,
              46.4023556740354
            ],
            [
              16.738357543945312,
              46.39809397414284
            ],
            [
              16.741104125976562,
              46.38720145098313
            ],
            [
              16.752777099609375,
              46.38909595900196
            ],
            [
              16.760330200195312,
              46.379622761364125
            ],
            [
              16.7706298828125,
              46.3862541723159
            ],
            [
              16.775436401367188,
              46.379622761364125
            ],
            [
              16.78848266601562,
              46.38672781370433
            ],
            [
              16.802902221679688,
              46.3838859037291
            ],
            [
              16.807022094726562,
              46.37772792457245
            ],
            [
              16.818008422851562,
              46.37156925087649
            ],
            [
              16.821441650390625,
              46.37204301966532
            ],
            [
              16.827621459960938,
              46.36730514683829
            ],
            [
              16.833114624023438,
              46.37251678434442
            ],
            [
              16.838607788085938,
              46.36493605630856
            ],
            [
              16.851654052734375,
              46.36114529775181
            ],
            [
              16.855087280273438,
              46.35356299155248
            ],
            [
              16.865386962890625,
              46.3530890624813
            ],
            [
              16.861953735351562,
              46.348349545726215
            ],
            [
              16.875,
              46.34313560260196
            ],
            [
              16.871566772460938,
              46.33886927924262
            ],
            [
              16.881179809570312,
              46.336498955749924
            ],
            [
              16.876373291015625,
              46.32180065671089
            ],
            [
              16.879119873046875,
              46.30520105581194
            ],
            [
              16.886672973632812,
              46.28052949433555
            ],
            [
              16.906585693359375,
              46.272936008641494
            ],
            [
              16.918258666992188,
              46.26154380710643
            ],
            [
              16.9244384765625,
              46.26059435010689
            ],
            [
              16.95602416992187,
              46.2397021362749
            ],
            [
              16.973190307617188,
              46.24160175728607
            ],
            [
              16.975250244140625,
              46.225927917007525
            ],
            [
              16.989669799804688,
              46.22260258751594
            ],
            [
              17.00408935546875,
              46.222127524002886
            ],
            [
              17.054214477539062,
              46.20217114444467
            ],
            [
              17.065887451171875,
              46.20074541128312
            ],
            [
              17.071380615234375,
              46.19266555785523
            ],
            [
              17.085113525390625,
              46.187912147928145
            ],
            [
              17.094039916992188,
              46.18743678432541
            ],
            [
              17.10296630859375,
              46.18458451637958
            ],
            [
              17.114639282226562,
              46.176977744996904
            ],
            [
              17.120819091796875,
              46.17792864897331
            ],
            [
              17.128372192382812,
              46.16889439727124
            ],
            [
              17.140045166015625,
              46.17174747919073
            ],
            [
              17.157211303710938,
              46.16889439727124
            ],
            [
              17.15789794921875,
              46.15748058961549
            ],
            [
              17.178497314453125,
              46.150345757336574
            ],
            [
              17.17987060546875,
              46.1408312087306
            ],
            [
              17.183990478515625,
              46.1322667089571
            ],
            [
              17.1771240234375,
              46.12941157969048
            ],
            [
              17.181930541992188,
              46.11798958256461
            ],
            [
              17.177810668945312,
              46.10942153064161
            ],
            [
              17.191543579101562,
              46.10846944264524
            ],
            [
              17.202529907226562,
              46.11084963180091
            ],
            [
              17.211456298828125,
              46.107993392479976
            ],
            [
              17.214889526367188,
              46.11322971817248
            ],
            [
              17.211456298828125,
              46.09942378645679
            ],
            [
              17.234802246093746,
              46.10085214663405
            ],
            [
              17.221069335937496,
              46.08894801450992
            ],
            [
              17.203903198242188,
              46.081804301792545
            ],
            [
              17.203216552734375,
              46.074659663982324
            ],
            [
              17.22930908203125,
              46.081328021385964
            ],
            [
              17.237548828125,
              46.07323062540835
            ],
            [
              17.243728637695312,
              46.065132041186985
            ],
            [
              17.254714965820312,
              46.066561289451926
            ],
            [
              17.245101928710938,
              46.061320531569244
            ],
            [
              17.230682373046875,
              46.065132041186985
            ],
            [
              17.23274230957031,
              46.057985244793024
            ],
            [
              17.268447875976562,
              46.056079276178885
            ],
            [
              17.258834838867188,
              46.044642082970135
            ],
            [
              17.260208129882812,
              46.03177240968806
            ],
            [
              17.294540405273438,
              46.02891207522667
            ],
            [
              17.260208129882812,
              46.01174695991616
            ],
            [
              17.301406860351562,
              46.001254543846926
            ],
            [
              17.295913696289062,
              45.98789768139442
            ],
            [
              17.317886352539062,
              45.98932892799953
            ],
            [
              17.315139770507812,
              45.966901812666784
            ],
            [
              17.335052490234375,
              45.9688108569718
            ],
            [
              17.334365844726562,
              45.99696161820381
            ],
            [
              17.356338500976562,
              45.97406038956237
            ],
            [
              17.365951538085938,
              45.991714256768006
            ],
            [
              17.376937866210938,
              45.97024259702345
            ],
            [
              17.3638916015625,
              45.965469986260864
            ],
            [
              17.390670776367184,
              45.96403812284582
            ],
            [
              17.357711791992188,
              45.95449142095327
            ],
            [
              17.341232299804688,
              45.96021963947196
            ],
            [
              17.35015869140625,
              45.94303320745295
            ],
            [
              17.381057739257812,
              45.94685287513411
            ],
            [
              17.396163940429688,
              45.933482886823676
            ],
            [
              17.414703369140625,
              45.940168283978565
            ],
            [
              17.42568969726562,
              45.92631906688105
            ],
            [
              17.433929443359375,
              45.94637543106672
            ],
            [
              17.464141845703125,
              45.94542053059529
            ],
            [
              17.565078735351562,
              45.93778073466329
            ],
            [
              17.63031005859375,
              45.894787266838584
            ],
            [
              17.6605224609375,
              45.836932440121316
            ],
            [
              17.749786376953125,
              45.825928431131345
            ],
            [
              17.830810546875,
              45.80487122128867
            ],
            [
              17.86102294921875,
              45.763690956618674
            ],
            [
              17.91046142578125,
              45.79721207992186
            ],
            [
              17.99835205078125,
              45.79338211440398
            ],
            [
              18.09173583984375,
              45.77135470445038
            ],
            [
              18.13018798828125,
              45.79242458189578
            ],
            [
              18.235931396484375,
              45.778059620080064
            ],
            [
              18.255157470703125,
              45.75985868785574
            ],
            [
              18.33343505859375,
              45.75123512069343
            ],
            [
              18.369140624999996,
              45.767522962149876
            ],
            [
              18.447418212890625,
              45.7387765043515
            ],
            [
              18.455657958984375,
              45.766564985445
            ],
            [
              18.491363525390625,
              45.79146703293602
            ],
            [
              18.54217529296875,
              45.78859428734741
            ],
            [
              18.621826171875,
              45.843151135002806
            ],
            [
              18.63418579101562,
              45.87375611471934
            ],
            [
              18.65478515625,
              45.87375611471934
            ],
            [
              18.642425537109375,
              45.891919851282076
            ],
            [
              18.66302490234375,
              45.90338862522072
            ],
            [
              18.661651611328125,
              45.91867663909007
            ],
            [
              18.7042236328125,
              45.91485503041033
            ],
            [
              18.80584716796875,
              45.88140472759939
            ],
            [
              18.821600926810078,
              45.91420413266544
            ],
            [
              18.828898574398394,
              45.90436556692823
            ],
            [
              18.866983700139862,
              45.91118388509112
            ],
            [
              18.86415455772047,
              45.920420545113075
            ],
            [
              18.87507190545122,
              45.915812295379666
            ],
            [
              18.890177452067206,
              45.921563720759046
            ],
            [
              18.906215739671268,
              45.93507718432427
            ],
            [
              18.960521822682352,
              45.92647778127325
            ],
            [
              18.98608207382466,
              45.93196199517861
            ],
            [
              18.992682389826058,
              45.92389694472633
            ],
            [
              19.007611099653985,
              45.92368840808385
            ],
            [
              18.99718672951147,
              45.94605811762367
            ],
            [
              19.006373096102948,
              45.96276483220891
            ],
            [
              19.079026472442678,
              45.963484475497104
            ],
            [
              19.065260138785987,
              46.00022173347971
            ],
            [
              19.104112360289207,
              46.03962178469274
            ],
            [
              19.133941709909152,
              46.036545208089436
            ],
            [
              19.148057672789236,
              45.996285526891285
            ],
            [
              19.203883758291013,
              45.99213282557196
            ],
            [
              19.200935857082392,
              45.99790024937904
            ],
            [
              19.284549140150034,
              45.99660839540386
            ],
            [
              19.301304936917035,
              45.988636257955704
            ],
            [
              19.285125732421875,
              46.01508503858
            ],
            [
              19.36065673828125,
              46.049407867959005
            ],
            [
              19.38262939453125,
              46.038922598236
            ],
            [
              19.416961669921875,
              46.048454743854876
            ],
            [
              19.46640014648426,
              46.081804301792545
            ],
            [
              19.46640014648426,
              46.095138483907725
            ],
            [
              19.52682495117176,
              46.119893413204245
            ],
            [
              19.504852294921875,
              46.14178273759234
            ],
            [
              19.51446533203125,
              46.148442979172565
            ],
            [
              19.52682495117176,
              46.148442979172565
            ],
            [
              19.565277099609375,
              46.176977744996904
            ],
            [
              19.636688232421875,
              46.17127197581503
            ],
            [
              19.658660888671875,
              46.18743678432541
            ],
            [
              19.683380126953125,
              46.181732100439916
            ],
            [
              19.6929931640625,
              46.18743678432541
            ],
            [
              19.7149658203125,
              46.17317396465173
            ],
            [
              19.730072021484375,
              46.17032095673059
            ],
            [
              19.746551513671875,
              46.151297121751725
            ],
            [
              19.77401733398426,
              46.144637225509136
            ],
            [
              19.817962646484375,
              46.13036330589106
            ],
            [
              19.85504150390625,
              46.148442979172565
            ],
            [
              19.936065673828125,
              46.175075887712296
            ],
            [
              20.018463134765625,
              46.175075887712296
            ],
            [
              20.03631591796875,
              46.145588688591964
            ],
            [
              20.06546319592772,
              46.146554041462075
            ],
            [
              20.09674072265625,
              46.17792864897331
            ],
            [
              20.105399126053698,
              46.175734152337085
            ],
            [
              20.103607177734375,
              46.164614496897094
            ],
            [
              20.14031760088571,
              46.14293386602744
            ],
            [
              20.183278145854274,
              46.15928327578529
            ],
            [
              20.208446175257905,
              46.14385751728555
            ],
            [
              20.210415710322252,
              46.13580409119405
            ],
            [
              20.228819403773088,
              46.12944805220748
            ],
            [
              20.233024789046908,
              46.1240073462464
            ],
            [
              20.24841266971933,
              46.12954572428678
            ],
            [
              20.252161649400747,
              46.12555015684164
            ],
            [
              20.249456005213766,
              46.11946393645745
            ],
            [
              20.255494253259712,
              46.115975210290735
            ],
            [
              20.264256726428982,
              46.12637515835607
            ],
            [
              20.270333147184346,
              46.12731743618395
            ],
            [
              20.272876067741393,
              46.13305173083097
            ],
            [
              20.29572587092133,
              46.15171355590455
            ],
            [
              20.30935203166092,
              46.15634176010867
            ],
            [
              20.31287677946932,
              46.15018710565933
            ],
            [
              20.354984083060344,
              46.16939355287393
            ],
            [
              20.368154746916673,
              46.15326823854588
            ],
            [
              20.37832429936077,
              46.15823584439191
            ],
            [
              20.39473028994263,
              46.15227415885477
            ],
            [
              20.3972024782355,
              46.15692977985313
            ],
            [
              20.44540918770008,
              46.14176882447674
            ],
            [
              20.459363277243483,
              46.14291994025914
            ],
            [
              20.493772495270164,
              46.170733433047396
            ],
            [
              20.501010798835495,
              46.189862211620984
            ],
            [
              20.5389404296875,
              46.181732100439916
            ],
            [
              20.636444091796875,
              46.12274903582433
            ],
            [
              20.65017700195301,
              46.150345757336574
            ],
            [
              20.69000244140625,
              46.14749156542368
            ],
            [
              20.7147216796875,
              46.162712212065664
            ],
            [
              20.7257080078125,
              46.20454728416395
            ],
            [
              20.76416015625,
              46.20454728416395
            ],
            [
              20.749053955078125,
              46.24824991289166
            ],
            [
              20.77651977539051,
              46.27388525189855
            ],
            [
              20.865783691406136,
              46.28717293114449
            ],
            [
              20.886383056640625,
              46.27863122156088
            ],
            [
              20.91522216796875,
              46.266290845476426
            ],
            [
              20.924835205078125,
              46.27483447871404
            ],
            [
              20.9454345703125,
              46.275783689088
            ],
            [
              20.949554443359375,
              46.26724020382508
            ],
            [
              20.972900390625,
              46.26154380710643
            ],
            [
              21.02645874023426,
              46.264392079453856
            ],
            [
              21.034698486328125,
              46.25204849722289
            ],
            [
              21.067657470703125,
              46.24824991289166
            ],
            [
              21.10198974609375,
              46.263442671779885
            ],
            [
              21.117095947265625,
              46.3023549043942
            ],
            [
              21.178894042968636,
              46.300457387911614
            ],
            [
              21.178894042968636,
              46.33270622444249
            ],
            [
              21.196746826171875,
              46.34597963322759
            ],
            [
              21.20361328125,
              46.39146400155906
            ],
            [
              21.224212646484375,
              46.41040464340645
            ],
            [
              21.298370361328125,
              46.40661704105617
            ],
            [
              21.290130615234375,
              46.41513877649199
            ],
            [
              21.314849853515625,
              46.45299704748289
            ],
            [
              21.295623779296875,
              46.475699386607516
            ],
            [
              21.2750244140625,
              46.477590820859966
            ],
            [
              21.26129150390625,
              46.5002829039397
            ],
            [
              21.27639770507801,
              46.54563867035857
            ],
            [
              21.29425048828125,
              46.54563867035857
            ],
            [
              21.3189697265625,
              46.58246235035155
            ],
            [
              21.301116943359375,
              46.592843997427416
            ],
            [
              21.325836181640625,
              46.63057868059483
            ],
            [
              21.372528076171875,
              46.639065361163226
            ],
            [
              21.40960693359375,
              46.62209066910115
            ],
            [
              21.4178466796875,
              46.64283679198892
            ],
            [
              21.434326171874886,
              46.64660795992221
            ],
            [
              21.454925537109375,
              46.66640227857272
            ],
            [
              21.438446044921875,
              46.67111414362431
            ],
            [
              21.434326171874886,
              46.69278343251575
            ],
            [
              21.474151611328125,
              46.693725378358955
            ],
            [
              21.487884521484375,
              46.68713141244413
            ],
            [
              21.5277099609375,
              46.73515473113437
            ],
            [
              21.493377685546875,
              46.75303484681343
            ],
            [
              21.4837646484375,
              46.77184961467733
            ],
            [
              21.500244140625,
              46.7756117797763
            ],
            [
              21.51947021484375,
              46.80569963924226
            ],
            [
              21.52633666992176,
              46.837649560937464
            ],
            [
              21.603240966796875,
              46.87051935427163
            ],
            [
              21.60736083984375,
              46.90243074674521
            ],
            [
              21.59912109375,
              46.92963428624288
            ],
            [
              21.6375732421875,
              46.930572093016316
            ],
            [
              21.65679931640625,
              46.95494930564661
            ],
            [
              21.67327880859375,
              46.95401192579361
            ],
            [
              21.680145263671875,
              46.96432220110901
            ],
            [
              21.671905517578125,
              46.973693454655916
            ],
            [
              21.68701171875,
              46.9989876381546
            ],
            [
              21.676025390624886,
              47.017716353979225
            ],
            [
              21.660919189453125,
              47.020525094958174
            ],
            [
              21.65267944335926,
              47.04205386721612
            ],
            [
              21.678771972656136,
              47.04579711504287
            ],
            [
              21.70623779296875,
              47.06638028321398
            ],
            [
              21.7254638671875,
              47.09817500706038
            ],
            [
              21.77215576171875,
              47.10845747289683
            ],
            [
              21.792755126953125,
              47.10378387099161
            ],
            [
              21.7913818359375,
              47.11313066447019
            ],
            [
              21.811981201171875,
              47.16730970131578
            ],
            [
              21.8572998046875,
              47.18597932702905
            ],
            [
              21.858673095703125,
              47.21676985912017
            ],
            [
              21.847686767578125,
              47.224231539472456
            ],
            [
              21.864166259765625,
              47.25593196573788
            ],
            [
              21.88751220703125,
              47.2708432505609
            ],
            [
              21.8792724609375,
              47.284818765649284
            ],
            [
              21.91497802734375,
              47.32672316405057
            ],
            [
              21.932830810546875,
              47.360222766169485
            ],
            [
              21.96029663085926,
              47.37696459572701
            ],
            [
              22.00836181640625,
              47.378824470982245
            ],
            [
              22.034454345703125,
              47.40671472747142
            ],
            [
              22.0330810546875,
              47.441092383072515
            ],
            [
              22.009735107421875,
              47.47916032149414
            ],
            [
              22.02484130859375,
              47.514418190183974
            ],
            [
              22.042694091796875,
              47.5394554474239
            ],
            [
              22.060546875,
              47.52925652601813
            ],
            [
              22.06878662109375,
              47.535746978239125
            ],
            [
              22.057800292968636,
              47.54779854409145
            ],
            [
              22.070159912109375,
              47.56170075451973
            ],
            [
              22.093505859375,
              47.558920607496525
            ],
            [
              22.1319580078125,
              47.597829241181465
            ],
            [
              22.177276611328125,
              47.592272635166125
            ],
            [
              22.20611572265625,
              47.65058757118734
            ],
            [
              22.2198486328125,
              47.65891296651944
            ],
            [
              22.2198486328125,
              47.69127688626756
            ],
            [
              22.259674072265625,
              47.70144425833169
            ],
            [
              22.26654052734375,
              47.730087095193056
            ],
            [
              22.289886474609375,
              47.72823964536174
            ],
            [
              22.313232421875,
              47.7420939217573
            ],
            [
              22.32147216796875,
              47.76702233051035
            ],
            [
              22.34893798828125,
              47.754097979680026
            ],
            [
              22.432708740234375,
              47.7420939217573
            ],
            [
              22.428588867187386,
              47.75132805819867
            ],
            [
              22.445068359375,
              47.799319161084114
            ],
            [
              22.48077392578125,
              47.8094654494779
            ],
            [
              22.545318603515625,
              47.77348330190447
            ],
            [
              22.611236572265625,
              47.77256035513371
            ],
            [
              22.681274414062386,
              47.78548011929362
            ],
            [
              22.68951416015625,
              47.806698476463836
            ],
            [
              22.721099853515625,
              47.83804887261066
            ],
            [
              22.745819091796875,
              47.8362052557492
            ],
            [
              22.7801513671875,
              47.84081417507446
            ],
            [
              22.765045166015625,
              47.86293128876346
            ],
            [
              22.756805419921875,
              47.89516850516946
            ],
            [
              22.7911376953125,
              47.89148526708789
            ],
            [
              22.82135009765625,
              47.9062166475376
            ],
            [
              22.847442626953125,
              47.908978314728714
            ],
            [
              22.89096835111465,
              47.95334460250852
            ],
            [
              22.89453352351346,
              47.951928261360266
            ],
            [
              22.896523411021054,
              47.9526833193792
            ],
            [
              22.89581504650794,
              47.95395907550616
            ],
            [
              22.89723376875827,
              47.954080681207095
            ],
            [
              22.89731011957593,
              47.95462636039581
            ],
            [
              22.894779626892266,
              47.95490046191226
            ],
            [
              22.895859206215718,
              47.956767743518924
            ],
            [
              22.890892992626476,
              47.95650633181877
            ],
            [
              22.89254007465052,
              47.9610891024364
            ],
            [
              22.890032578535184,
              47.961591458974624
            ],
            [
              22.892372090251378,
              47.96334581840268
            ],
            [
              22.89208036914397,
              47.967093865062296
            ],
            [
              22.8794090730338,
              47.963736300342276
            ],
            [
              22.87733186757211,
              47.96776020931843
            ],
            [
              22.873315858978856,
              47.966684243887364
            ],
            [
              22.871544483599394,
              47.970249533302166
            ],
            [
              22.873373742606702,
              47.973629385955974
            ],
            [
              22.867476730897806,
              47.97742225873401
            ],
            [
              22.866982664784434,
              47.97360906974392
            ],
            [
              22.861226133026527,
              47.9736897383912
            ],
            [
              22.861493739572435,
              47.97706152980392
            ],
            [
              22.858299197668444,
              47.976168761653504
            ],
            [
              22.85876516779185,
              47.97874034108733
            ],
            [
              22.850368037881168,
              47.98159002961411
            ],
            [
              22.839246997958327,
              47.980916339087855
            ],
            [
              22.843615457257783,
              47.98393007602307
            ],
            [
              22.83826623705079,
              47.99215480232215
            ],
            [
              22.86383405781345,
              48.01231902784571
            ],
            [
              22.8671569783111,
              48.021997545259055
            ],
            [
              22.880947376978952,
              48.03571511301432
            ],
            [
              22.88109942420465,
              48.05518368334702
            ],
            [
              22.870195848616476,
              48.05185117175511
            ],
            [
              22.86050005897033,
              48.057130130232046
            ],
            [
              22.860298761313004,
              48.07667126655233
            ],
            [
              22.846091670673573,
              48.0825722006566
            ],
            [
              22.83711831912015,
              48.07932820547124
            ],
            [
              22.829683763655453,
              48.095619404113165
            ],
            [
              22.830916174813723,
              48.11044212056618
            ],
            [
              22.82010466249244,
              48.11835790526039
            ],
            [
              22.809627120871482,
              48.10701724666059
            ],
            [
              22.80165437435653,
              48.10670409254671
            ],
            [
              22.806272590326557,
              48.12070935255844
            ],
            [
              22.798760367760764,
              48.12252028710788
            ],
            [
              22.789682648256644,
              48.11638867970999
            ],
            [
              22.770979285316685,
              48.12163075631239
            ],
            [
              22.777526100768995,
              48.111162557398615
            ],
            [
              22.764425929626725,
              48.10978779697693
            ],
            [
              22.759103662179598,
              48.114975402385085
            ],
            [
              22.756521014377427,
              48.12052879532611
            ],
            [
              22.744380132260332,
              48.11742554570273
            ],
            [
              22.734587495550585,
              48.11965235950372
            ],
            [
              22.72914325326699,
              48.11402456250274
            ],
            [
              22.720098368022988,
              48.114981349929565
            ],
            [
              22.713284315917655,
              48.11073828473794
            ],
            [
              22.705061316566685,
              48.10952647221352
            ],
            [
              22.675781249999886,
              48.090922612296744
            ],
            [
              22.63454631259019,
              48.09594087992518
            ],
            [
              22.62080410020249,
              48.10533095861103
            ],
            [
              22.590701320664493,
              48.1080823481874
            ],
            [
              22.59924684895865,
              48.11665098901574
            ],
            [
              22.59407090036606,
              48.12600410162889
            ],
            [
              22.5959814863278,
              48.13558246233917
            ],
            [
              22.588100944962463,
              48.14236147957226
            ],
            [
              22.5976489142123,
              48.145786664661784
            ],
            [
              22.576456803111753,
              48.16000622827511
            ],
            [
              22.55998904837864,
              48.182554190651786
            ],
            [
              22.56947297348235,
              48.18593344235043
            ],
            [
              22.570014366886454,
              48.1965121198453
            ],
            [
              22.534881003608604,
              48.208938228267485
            ],
            [
              22.513245801386205,
              48.22676144692964
            ],
            [
              22.514929404109523,
              48.23809743989692
            ],
            [
              22.498390489410042,
              48.23988154664348
            ],
            [
              22.503107510966743,
              48.246597172736614
            ],
            [
              22.48840918855285,
              48.254696279914974
            ],
            [
              22.470242426233426,
              48.24747756855156
            ],
            [
              22.467963145469596,
              48.242661485234706
            ],
            [
              22.448811163386694,
              48.243688374048745
            ],
            [
              22.43311661899071,
              48.25225893892876
            ],
            [
              22.431011933969423,
              48.24717490614981
            ],
            [
              22.419667243653944,
              48.248340576409326
            ],
            [
              22.420133444260344,
              48.251079231869156
            ],
            [
              22.400738643029086,
              48.24922542235872
            ],
            [
              22.384259150839938,
              48.2341892929867
            ],
            [
              22.36925271803696,
              48.24493967908576
            ],
            [
              22.3596455496548,
              48.26625169963491
            ],
            [
              22.338743942760146,
              48.28034193109108
            ],
            [
              22.336887945614876,
              48.30773606815364
            ],
            [
              22.321142048754382,
              48.314832079125324
            ],
            [
              22.319906675029415,
              48.32282576262266
            ],
            [
              22.313813795711866,
              48.3262747991529
            ],
            [
              22.320881623422906,
              48.338473828140096
            ],
            [
              22.31780712349905,
              48.353224629289976
            ],
            [
              22.267356284856362,
              48.36135651475081
            ],
            [
              22.240137287652573,
              48.38773342885288
            ],
            [
              22.256102388994464,
              48.3926531099033
            ],
            [
              22.264590880779508,
              48.40998395658164
            ],
            [
              22.25177883549486,
              48.41079614620919
            ],
            [
              22.22937391258246,
              48.41178509612597
            ],
            [
              22.210291927251234,
              48.42619112843703
            ],
            [
              22.183114728153157,
              48.41454292525869
            ],
            [
              22.15538370612586,
              48.4094192877621
            ],
            [
              22.155278,
              48.403333
            ],
            [
              22.15538370612586,
              48.4094192877621
            ],
            [
              22.183114728153157,
              48.41454292525869
            ],
            [
              22.210291927251234,
              48.42619112843703
            ],
            [
              22.22937391258246,
              48.41178509612597
            ],
            [
              22.25177883549486,
              48.41079614620919
            ],
            [
              22.264590880779508,
              48.40998395658164
            ],
            [
              22.256102388994464,
              48.3926531099033
            ],
            [
              22.240137287652573,
              48.38773342885288
            ],
            [
              22.267356284856362,
              48.36135651475081
            ],
            [
              22.31780712349905,
              48.353224629289976
            ],
            [
              22.320881623422906,
              48.338473828140096
            ],
            [
              22.313813795711866,
              48.3262747991529
            ],
            [
              22.319906675029415,
              48.32282576262266
            ],
            [
              22.321142048754382,
              48.314832079125324
            ],
            [
              22.336887945614876,
              48.30773606815364
            ],
            [
              22.338743942760146,
              48.28034193109108
            ],
            [
              22.3596455496548,
              48.26625169963491
            ],
            [
              22.36925271803696,
              48.24493967908576
            ],
            [
              22.384259150839938,
              48.2341892929867
            ],
            [
              22.400738643029086,
              48.24922542235872
            ],
            [
              22.420133444260344,
              48.251079231869156
            ],
            [
              22.419667243653944,
              48.248340576409326
            ],
            [
              22.431011933969423,
              48.24717490614981
            ],
            [
              22.43311661899071,
              48.25225893892876
            ],
            [
              22.448811163386694,
              48.243688374048745
            ],
            [
              22.467963145469596,
              48.242661485234706
            ],
            [
              22.470242426233426,
              48.24747756855156
            ],
            [
              22.48840918855285,
              48.254696279914974
            ],
            [
              22.503107510966743,
              48.246597172736614
            ],
            [
              22.498390489410042,
              48.23988154664348
            ],
            [
              22.514929404109523,
              48.23809743989692
            ],
            [
              22.513245801386205,
              48.22676144692964
            ],
            [
              22.534881003608604,
              48.208938228267485
            ],
            [
              22.570014366886454,
              48.1965121198453
            ],
            [
              22.56947297348235,
              48.18593344235043
            ],
            [
              22.55998904837864,
              48.182554190651786
            ],
            [
              22.576456803111753,
              48.16000622827511
            ],
            [
              22.5976489142123,
              48.145786664661784
            ],
            [
              22.588100944962463,
              48.14236147957226
            ],
            [
              22.5959814863278,
              48.13558246233917
            ],
            [
              22.59407090036606,
              48.12600410162889
            ],
            [
              22.59924684895865,
              48.11665098901574
            ],
            [
              22.590701320664493,
              48.1080823481874
            ],
            [
              22.62080410020249,
              48.10533095861103
            ],
            [
              22.63454631259019,
              48.09594087992518
            ],
            [
              22.675781249999886,
              48.090922612296744
            ],
            [
              22.705061316566685,
              48.10952647221352
            ],
            [
              22.713284315917655,
              48.11073828473794
            ],
            [
              22.720098368022988,
              48.114981349929565
            ],
            [
              22.72914325326699,
              48.11402456250274
            ],
            [
              22.734587495550585,
              48.11965235950372
            ],
            [
              22.744380132260332,
              48.11742554570273
            ],
            [
              22.756521014377427,
              48.12052879532611
            ],
            [
              22.759103662179598,
              48.114975402385085
            ],
            [
              22.764425929626725,
              48.10978779697693
            ],
            [
              22.777526100768995,
              48.111162557398615
            ],
            [
              22.770979285316685,
              48.12163075631239
            ],
            [
              22.789682648256644,
              48.11638867970999
            ],
            [
              22.798760367760764,
              48.12252028710788
            ],
            [
              22.806272590326557,
              48.12070935255844
            ],
            [
              22.80165437435653,
              48.10670409254671
            ],
            [
              22.809627120871482,
              48.10701724666059
            ],
            [
              22.82010466249244,
              48.11835790526039
            ],
            [
              22.830916174813723,
              48.11044212056618
            ],
            [
              22.829683763655453,
              48.095619404113165
            ],
            [
              22.83711831912015,
              48.07932820547124
            ],
            [
              22.846091670673573,
              48.0825722006566
            ],
            [
              22.860298761313004,
              48.07667126655233
            ],
            [
              22.86050005897033,
              48.057130130232046
            ],
            [
              22.870195848616476,
              48.05185117175511
            ],
            [
              22.88109942420465,
              48.05518368334702
            ],
            [
              22.880947376978952,
              48.03571511301432
            ],
            [
              22.8671569783111,
              48.021997545259055
            ],
            [
              22.86383405781345,
              48.01231902784571
            ],
            [
              22.83826623705079,
              47.99215480232215
            ],
            [
              22.843615457257783,
              47.98393007602307
            ],
            [
              22.839246997958327,
              47.980916339087855
            ],
            [
              22.850368037881168,
              47.98159002961411
            ],
            [
              22.85876516779185,
              47.97874034108733
            ],
            [
              22.858299197668444,
              47.976168761653504
            ],
            [
              22.861493739572435,
              47.97706152980392
            ],
            [
              22.861226133026527,
              47.9736897383912
            ],
            [
              22.866982664784434,
              47.97360906974392
            ],
            [
              22.867476730897806,
              47.97742225873401
            ],
            [
              22.873373742606702,
              47.973629385955974
            ],
            [
              22.871544483599394,
              47.970249533302166
            ],
            [
              22.873315858978856,
              47.966684243887364
            ],
            [
              22.87733186757211,
              47.96776020931843
            ],
            [
              22.8794090730338,
              47.963736300342276
            ],
            [
              22.89208036914397,
              47.967093865062296
            ],
            [
              22.892372090251378,
              47.96334581840268
            ],
            [
              22.890032578535184,
              47.961591458974624
            ],
            [
              22.89254007465052,
              47.9610891024364
            ],
            [
              22.890892992626476,
              47.95650633181877
            ],
            [
              22.895859206215718,
              47.956767743518924
            ],
            [
              22.894779626892266,
              47.95490046191226
            ],
            [
              22.906111,
              47.959167
            ],
            [
              22.89723376875827,
              47.954080681207095
            ],
            [
              22.89581504650794,
              47.95395907550616
            ],
            [
              22.896523411021054,
              47.9526833193792
            ],
            [
              22.89453352351346,
              47.951928261360266
            ],
            [
              22.89096835111465,
              47.95334460250852
            ],
            [
              22.847442626953125,
              47.908978314728714
            ],
            [
              22.82135009765625,
              47.9062166475376
            ],
            [
              22.7911376953125,
              47.89148526708789
            ],
            [
              22.756805419921875,
              47.89516850516946
            ],
            [
              22.765045166015625,
              47.86293128876346
            ],
            [
              22.7801513671875,
              47.84081417507446
            ],
            [
              22.745819091796875,
              47.8362052557492
            ],
            [
              22.721099853515625,
              47.83804887261066
            ],
            [
              22.68951416015625,
              47.806698476463836
            ],
            [
              22.681274414062386,
              47.78548011929362
            ],
            [
              22.611236572265625,
              47.77256035513371
            ],
            [
              22.545318603515625,
              47.77348330190447
            ],
            [
              22.48077392578125,
              47.8094654494779
            ],
            [
              22.445068359375,
              47.799319161084114
            ],
            [
              22.428588867187386,
              47.75132805819867
            ],
            [
              22.432708740234375,
              47.7420939217573
            ],
            [
              22.34893798828125,
              47.754097979680026
            ],
            [
              22.32147216796875,
              47.76702233051035
            ],
            [
              22.313232421875,
              47.7420939217573
            ],
            [
              22.289886474609375,
              47.72823964536174
            ],
            [
              22.26654052734375,
              47.730087095193056
            ],
            [
              22.259674072265625,
              47.70144425833169
            ],
            [
              22.2198486328125,
              47.69127688626756
            ],
            [
              22.2198486328125,
              47.65891296651944
            ],
            [
              22.20611572265625,
              47.65058757118734
            ],
            [
              22.177276611328125,
              47.592272635166125
            ],
            [
              22.1319580078125,
              47.597829241181465
            ],
            [
              22.093505859375,
              47.558920607496525
            ],
            [
              22.070159912109375,
              47.56170075451973
            ],
            [
              22.057800292968636,
              47.54779854409145
            ],
            [
              22.06878662109375,
              47.535746978239125
            ],
            [
              22.060546875,
              47.52925652601813
            ],
            [
              22.042694091796875,
              47.5394554474239
            ],
            [
              22.02484130859375,
              47.514418190183974
            ],
            [
              22.009735107421875,
              47.47916032149414
            ],
            [
              22.0330810546875,
              47.441092383072515
            ],
            [
              22.034454345703125,
              47.40671472747142
            ],
            [
              22.00836181640625,
              47.378824470982245
            ],
            [
              21.96029663085926,
              47.37696459572701
            ],
            [
              21.932830810546875,
              47.360222766169485
            ],
            [
              21.91497802734375,
              47.32672316405057
            ],
            [
              21.8792724609375,
              47.284818765649284
            ],
            [
              21.88751220703125,
              47.2708432505609
            ],
            [
              21.864166259765625,
              47.25593196573788
            ],
            [
              21.847686767578125,
              47.224231539472456
            ],
            [
              21.858673095703125,
              47.21676985912017
            ],
            [
              21.8572998046875,
              47.18597932702905
            ],
            [
              21.811981201171875,
              47.16730970131578
            ],
            [
              21.7913818359375,
              47.11313066447019
            ],
            [
              21.792755126953125,
              47.10378387099161
            ],
            [
              21.77215576171875,
              47.10845747289683
            ],
            [
              21.7254638671875,
              47.09817500706038
            ],
            [
              21.70623779296875,
              47.06638028321398
            ],
            [
              21.678771972656136,
              47.04579711504287
            ],
            [
              21.65267944335926,
              47.04205386721612
            ],
            [
              21.660919189453125,
              47.020525094958174
            ],
            [
              21.676025390624886,
              47.017716353979225
            ],
            [
              21.68701171875,
              46.9989876381546
            ],
            [
              21.671905517578125,
              46.973693454655916
            ],
            [
              21.680145263671875,
              46.96432220110901
            ],
            [
              21.67327880859375,
              46.95401192579361
            ],
            [
              21.65679931640625,
              46.95494930564661
            ],
            [
              21.6375732421875,
              46.930572093016316
            ],
            [
              21.59912109375,
              46.92963428624288
            ],
            [
              21.60736083984375,
              46.90243074674521
            ],
            [
              21.603240966796875,
              46.87051935427163
            ],
            [
              21.52633666992176,
              46.837649560937464
            ],
            [
              21.51947021484375,
              46.80569963924226
            ],
            [
              21.500244140625,
              46.7756117797763
            ],
            [
              21.4837646484375,
              46.77184961467733
            ],
            [
              21.493377685546875,
              46.75303484681343
            ],
            [
              21.5277099609375,
              46.73515473113437
            ],
            [
              21.487884521484375,
              46.68713141244413
            ],
            [
              21.474151611328125,
              46.693725378358955
            ],
            [
              21.434326171874886,
              46.69278343251575
            ],
            [
              21.438446044921875,
              46.67111414362431
            ],
            [
              21.454925537109375,
              46.66640227857272
            ],
            [
              21.434326171874886,
              46.64660795992221
            ],
            [
              21.4178466796875,
              46.64283679198892
            ],
            [
              21.40960693359375,
              46.62209066910115
            ],
            [
              21.372528076171875,
              46.639065361163226
            ],
            [
              21.325836181640625,
              46.63057868059483
            ],
            [
              21.301116943359375,
              46.592843997427416
            ],
            [
              21.3189697265625,
              46.58246235035155
            ],
            [
              21.29425048828125,
              46.54563867035857
            ],
            [
              21.27639770507801,
              46.54563867035857
            ],
            [
              21.26129150390625,
              46.5002829039397
            ],
            [
              21.2750244140625,
              46.477590820859966
            ],
            [
              21.295623779296875,
              46.475699386607516
            ],
            [
              21.314849853515625,
              46.45299704748289
            ],
            [
              21.290130615234375,
              46.41513877649199
            ],
            [
              21.298370361328125,
              46.40661704105617
            ],
            [
              21.224212646484375,
              46.41040464340645
            ],
            [
              21.20361328125,
              46.39146400155906
            ],
            [
              21.196746826171875,
              46.34597963322759
            ],
            [
              21.178894042968636,
              46.33270622444249
            ],
            [
              21.178894042968636,
              46.300457387911614
            ],
            [
              21.117095947265625,
              46.3023549043942
            ],
            [
              21.10198974609375,
              46.263442671779885
            ],
            [
              21.067657470703125,
              46.24824991289166
            ],
            [
              21.034698486328125,
              46.25204849722289
            ],
            [
              21.02645874023426,
              46.264392079453856
            ],
            [
              20.972900390625,
              46.26154380710643
            ],
            [
              20.949554443359375,
              46.26724020382508
            ],
            [
              20.9454345703125,
              46.275783689088
            ],
            [
              20.924835205078125,
              46.27483447871404
            ],
            [
              20.91522216796875,
              46.266290845476426
            ],
            [
              20.886383056640625,
              46.27863122156088
            ],
            [
              20.865783691406136,
              46.28717293114449
            ],
            [
              20.77651977539051,
              46.27388525189855
            ],
            [
              20.749053955078125,
              46.24824991289166
            ],
            [
              20.76416015625,
              46.20454728416395
            ],
            [
              20.7257080078125,
              46.20454728416395
            ],
            [
              20.7147216796875,
              46.162712212065664
            ],
            [
              20.69000244140625,
              46.14749156542368
            ],
            [
              20.65017700195301,
              46.150345757336574
            ],
            [
              20.636444091796875,
              46.12274903582433
            ],
            [
              20.5389404296875,
              46.181732100439916
            ],
            [
              20.501010798835495,
              46.189862211620984
            ],
            [
              20.493772495270164,
              46.170733433047396
            ],
            [
              20.459363277243483,
              46.14291994025914
            ],
            [
              20.44540918770008,
              46.14176882447674
            ],
            [
              20.3972024782355,
              46.15692977985313
            ],
            [
              20.39473028994263,
              46.15227415885477
            ],
            [
              20.37832429936077,
              46.15823584439191
            ],
            [
              20.368154746916673,
              46.15326823854588
            ],
            [
              20.354984083060344,
              46.16939355287393
            ],
            [
              20.31287677946932,
              46.15018710565933
            ],
            [
              20.30935203166092,
              46.15634176010867
            ],
            [
              20.29572587092133,
              46.15171355590455
            ],
            [
              20.272876067741393,
              46.13305173083097
            ],
            [
              20.270333147184346,
              46.12731743618395
            ],
            [
              20.267222,
              46.117222
            ],
            [
              20.255494253259712,
              46.115975210290735
            ],
            [
              20.249456005213766,
              46.11946393645745
            ],
            [
              20.252161649400747,
              46.12555015684164
            ],
            [
              20.24841266971933,
              46.12954572428678
            ],
            [
              20.233024789046908,
              46.1240073462464
            ],
            [
              20.228819403773088,
              46.12944805220748
            ],
            [
              20.210415710322252,
              46.13580409119405
            ],
            [
              20.208446175257905,
              46.14385751728555
            ],
            [
              20.183278145854274,
              46.15928327578529
            ],
            [
              20.14031760088571,
              46.14293386602744
            ],
            [
              20.103607177734375,
              46.164614496897094
            ],
            [
              20.105399126053698,
              46.175734152337085
            ],
            [
              20.09674072265625,
              46.17792864897331
            ],
            [
              20.06546319592772,
              46.146554041462075
            ],
            [
              20.03631591796875,
              46.145588688591964
            ],
            [
              20.018463134765625,
              46.175075887712296
            ],
            [
              19.936065673828125,
              46.175075887712296
            ],
            [
              19.85504150390625,
              46.148442979172565
            ],
            [
              19.817962646484375,
              46.13036330589106
            ],
            [
              19.77401733398426,
              46.144637225509136
            ],
            [
              19.746551513671875,
              46.151297121751725
            ],
            [
              19.730072021484375,
              46.17032095673059
            ],
            [
              19.7149658203125,
              46.17317396465173
            ],
            [
              19.6929931640625,
              46.18743678432541
            ],
            [
              19.683380126953125,
              46.181732100439916
            ],
            [
              19.658660888671875,
              46.18743678432541
            ],
            [
              19.636688232421875,
              46.17127197581503
            ],
            [
              19.565277099609375,
              46.176977744996904
            ],
            [
              19.52682495117176,
              46.148442979172565
            ],
            [
              19.51446533203125,
              46.148442979172565
            ],
            [
              19.504852294921875,
              46.14178273759234
            ],
            [
              19.52682495117176,
              46.119893413204245
            ],
            [
              19.46640014648426,
              46.095138483907725
            ],
            [
              19.46640014648426,
              46.081804301792545
            ],
            [
              19.416961669921875,
              46.048454743854876
            ],
            [
              19.38262939453125,
              46.038922598236
            ],
            [
              19.36065673828125,
              46.049407867959005
            ],
            [
              19.285125732421875,
              46.01508503858
            ],
            [
              19.301304936917035,
              45.988636257955704
            ],
            [
              19.284549140150034,
              45.99660839540386
            ],
            [
              19.200935857082392,
              45.99790024937904
            ],
            [
              19.203883758291013,
              45.99213282557196
            ],
            [
              19.148057672789236,
              45.996285526891285
            ],
            [
              19.133941709909152,
              46.036545208089436
            ],
            [
              19.104112360289207,
              46.03962178469274
            ],
            [
              19.065260138785987,
              46.00022173347971
            ],
            [
              19.079026472442678,
              45.963484475497104
            ],
            [
              19.006373096102948,
              45.96276483220891
            ],
            [
              18.99718672951147,
              45.94605811762367
            ],
            [
              19.007611099653985,
              45.92368840808385
            ],
            [
              18.992682389826058,
              45.92389694472633
            ],
            [
              18.98608207382466,
              45.93196199517861
            ],
            [
              18.960521822682352,
              45.92647778127325
            ],
            [
              18.906215739671268,
              45.93507718432427
            ],
            [
              18.89,
              45.920833
            ],
            [
              18.87507190545122,
              45.915812295379666
            ],
            [
              18.86415455772047,
              45.920420545113075
            ],
            [
              18.866983700139862,
              45.91118388509112
            ],
            [
              18.828898574398394,
              45.90436556692823
            ],
            [
              18.821600926810078,
              45.91420413266544
            ],
            [
              18.80584716796875,
              45.88140472759939
            ],
            [
              18.7042236328125,
              45.91485503041033
            ],
            [
              18.661651611328125,
              45.91867663909007
            ],
            [
              18.66302490234375,
              45.90338862522072
            ],
            [
              18.642425537109375,
              45.891919851282076
            ],
            [
              18.65478515625,
              45.87375611471934
            ],
            [
              18.63418579101562,
              45.87375611471934
            ],
            [
              18.621826171875,
              45.843151135002806
            ],
            [
              18.54217529296875,
              45.78859428734741
            ],
            [
              18.491363525390625,
              45.79146703293602
            ],
            [
              18.455657958984375,
              45.766564985445
            ],
            [
              18.447418212890625,
              45.7387765043515
            ],
            [
              18.369140624999996,
              45.767522962149876
            ],
            [
              18.33343505859375,
              45.75123512069343
            ],
            [
              18.255157470703125,
              45.75985868785574
            ],
            [
              18.235931396484375,
              45.778059620080064
            ],
            [
              18.13018798828125,
              45.79242458189578
            ],
            [
              18.09173583984375,
              45.77135470445038
            ],
            [
              17.99835205078125,
              45.79338211440398
            ],
            [
              17.91046142578125,
              45.79721207992186
            ],
            [
              17.86102294921875,
              45.763690956618674
            ],
            [
              17.830810546875,
              45.80487122128867
            ],
            [
              17.749786376953125,
              45.825928431131345
            ],
            [
              17.6605224609375,
              45.836932440121316
            ],
            [
              17.63031005859375,
              45.894787266838584
            ],
            [
              17.565078735351562,
              45.93778073466329
            ],
            [
              17.464141845703125,
              45.94542053059529
            ],
            [
              17.433929443359375,
              45.94637543106672
            ],
            [
              17.42568969726562,
              45.92631906688105
            ],
            [
              17.414703369140625,
              45.940168283978565
            ],
            [
              17.396163940429688,
              45.933482886823676
            ],
            [
              17.381057739257812,
              45.94685287513411
            ],
            [
              17.35015869140625,
              45.94303320745295
            ],
            [
              17.341232299804688,
              45.96021963947196
            ],
            [
              17.357711791992188,
              45.95449142095327
            ],
            [
              17.390670776367184,
              45.96403812284582
            ],
            [
              17.3638916015625,
              45.965469986260864
            ],
            [
              17.376937866210938,
              45.97024259702345
            ],
            [
              17.365951538085938,
              45.991714256768006
            ],
            [
              17.356338500976562,
              45.97406038956237
            ],
            [
              17.334365844726562,
              45.99696161820381
            ],
            [
              17.335052490234375,
              45.9688108569718
            ],
            [
              17.315139770507812,
              45.966901812666784
            ],
            [
              17.317886352539062,
              45.98932892799953
            ],
            [
              17.295913696289062,
              45.98789768139442
            ],
            [
              17.301406860351562,
              46.001254543846926
            ],
            [
              17.260208129882812,
              46.01174695991616
            ],
            [
              17.294540405273438,
              46.02891207522667
            ],
            [
              17.260208129882812,
              46.03177240968806
            ],
            [
              17.258834838867188,
              46.044642082970135
            ],
            [
              17.268447875976562,
              46.056079276178885
            ],
            [
              17.23274230957031,
              46.057985244793024
            ],
            [
              17.230682373046875,
              46.065132041186985
            ],
            [
              17.245101928710938,
              46.061320531569244
            ],
            [
              17.254714965820312,
              46.066561289451926
            ],
            [
              17.243728637695312,
              46.065132041186985
            ],
            [
              17.237548828125,
              46.07323062540835
            ],
            [
              17.22930908203125,
              46.081328021385964
            ],
            [
              17.203216552734375,
              46.074659663982324
            ],
            [
              17.203903198242188,
              46.081804301792545
            ],
            [
              17.221069335937496,
              46.08894801450992
            ],
            [
              17.234802246093746,
              46.10085214663405
            ],
            [
              17.211456298828125,
              46.09942378645679
            ],
            [
              17.214889526367188,
              46.11322971817248
            ],
            [
              17.211456298828125,
              46.107993392479976
            ],
            [
              17.202529907226562,
              46.11084963180091
            ],
            [
              17.191543579101562,
              46.10846944264524
            ],
            [
              17.177810668945312,
              46.10942153064161
            ],
            [
              17.181930541992188,
              46.11798958256461
            ],
            [
              17.1771240234375,
              46.12941157969048
            ],
            [
              17.183990478515625,
              46.1322667089571
            ],
            [
              17.17987060546875,
              46.1408312087306
            ],
            [
              17.178497314453125,
              46.150345757336574
            ],
            [
              17.15789794921875,
              46.15748058961549
            ],
            [
              17.157211303710938,
              46.16889439727124
            ],
            [
              17.140045166015625,
              46.17174747919073
            ],
            [
              17.128372192382812,
              46.16889439727124
            ],
            [
              17.120819091796875,
              46.17792864897331
            ],
            [
              17.114639282226562,
              46.176977744996904
            ],
            [
              17.10296630859375,
              46.18458451637958
            ],
            [
              17.094039916992188,
              46.18743678432541
            ],
            [
              17.085113525390625,
              46.187912147928145
            ],
            [
              17.071380615234375,
              46.19266555785523
            ],
            [
              17.065887451171875,
              46.20074541128312
            ],
            [
              17.054214477539062,
              46.20217114444467
            ],
            [
              17.00408935546875,
              46.222127524002886
            ],
            [
              16.989669799804688,
              46.22260258751594
            ],
            [
              16.975250244140625,
              46.225927917007525
            ],
            [
              16.973190307617188,
              46.24160175728607
            ],
            [
              16.95602416992187,
              46.2397021362749
            ],
            [
              16.9244384765625,
              46.26059435010689
            ],
            [
              16.918258666992188,
              46.26154380710643
            ],
            [
              16.906585693359375,
              46.272936008641494
            ],
            [
              16.886672973632812,
              46.28052949433555
            ],
            [
              16.879119873046875,
              46.30520105581194
            ],
            [
              16.876373291015625,
              46.32180065671089
            ],
            [
              16.881179809570312,
              46.336498955749924
            ],
            [
              16.871566772460938,
              46.33886927924262
            ],
            [
              16.875,
              46.34313560260196
            ],
            [
              16.861953735351562,
              46.348349545726215
            ],
            [
              16.865386962890625,
              46.3530890624813
            ],
            [
              16.855087280273438,
              46.35356299155248
            ],
            [
              16.851654052734375,
              46.36114529775181
            ],
            [
              16.838607788085938,
              46.36493605630856
            ],
            [
              16.833114624023438,
              46.37251678434442
            ],
            [
              16.827621459960938,
              46.36730514683829
            ],
            [
              16.821441650390625,
              46.37204301966532
            ],
            [
              16.818008422851562,
              46.37156925087649
            ],
            [
              16.807022094726562,
              46.37772792457245
            ],
            [
              16.802902221679688,
              46.3838859037291
            ],
            [
              16.78848266601562,
              46.38672781370433
            ],
            [
              16.775436401367188,
              46.379622761364125
            ],
            [
              16.7706298828125,
              46.3862541723159
            ],
            [
              16.760330200195312,
              46.379622761364125
            ],
            [
              16.752777099609375,
              46.38909595900196
            ],
            [
              16.741104125976562,
              46.38720145098313
            ],
            [
              16.738357543945312,
              46.39809397414284
            ],
            [
              16.728744506835938,
              46.4023556740354
            ],
            [
              16.71844482421875,
              46.39146400155906
            ],
            [
              16.706085205078125,
              46.402829175697995
            ],
            [
              16.6717529296875,
              46.44873930490745
            ],
            [
              16.658706665039062,
              46.44731998341687
            ],
            [
              16.666946411132812,
              46.455362316203846
            ],
            [
              16.659393310546875,
              46.45961954102543
            ],
            [
              16.636734008789062,
              46.46576827816456
            ],
            [
              16.629867553710938,
              46.462457505996056
            ],
            [
              16.625189235075766,
              46.46823722413006
            ],
            [
              16.619009425505453,
              46.46535950217538
            ],
            [
              16.612213012039263,
              46.46982399144435
            ],
            [
              16.605491638183594,
              46.47546295270333
            ],
            [
              16.5838623046875,
              46.47782724551892
            ],
            [
              16.57390594482422,
              46.48255552297668
            ],
            [
              16.566111,
              46.483611
            ],
            [
              16.534767150878906,
              46.5002829039397
            ],
            [
              16.523780822753906,
              46.50571814310074
            ],
            [
              16.52618408203125,
              46.50878999443673
            ],
            [
              16.529617309570312,
              46.50855370434326
            ],
            [
              16.53305053710926,
              46.514460648524775
            ],
            [
              16.524810791015625,
              46.51587821960058
            ],
            [
              16.53167724609375,
              46.53146906088904
            ],
            [
              16.51897430419922,
              46.53737351420491
            ],
            [
              16.518630981445312,
              46.552958186495715
            ],
            [
              16.50867462158203,
              46.564761777806275
            ],
            [
              16.491851806640625,
              46.5640536347374
            ],
            [
              16.481895446777344,
              46.56641407568593
            ],
            [
              16.482925415039062,
              46.5782147398224
            ],
            [
              16.443786621093636,
              46.61171462536894
            ],
            [
              16.4252471923827,
              46.61548796222358
            ],
            [
              16.3916015625,
              46.63765100682623
            ],
            [
              16.384735107421875,
              46.65273554711876
            ],
            [
              16.39434814453125,
              46.663103728640706
            ],
            [
              16.419754028320312,
              46.6588624401289
            ],
            [
              16.425933837890625,
              46.69419634511967
            ],
            [
              16.385421752929688,
              46.69843486113957
            ],
            [
              16.373062133789062,
              46.703614817813545
            ],
            [
              16.381301879882812,
              46.713973240259
            ],
            [
              16.36962890625,
              46.721976114280686
            ],
            [
              16.358642578125,
              46.71538559839362
            ],
            [
              16.34353637695301,
              46.73844888224751
            ],
            [
              16.32293701171875,
              46.755387052132136
            ],
            [
              16.330490112304574,
              46.77749276376827
            ],
            [
              16.312637329101562,
              46.77749276376827
            ],
            [
              16.315383911132812,
              46.79911935722295
            ],
            [
              16.3421630859375,
              46.803819640791566
            ],
            [
              16.35040283203125,
              46.83483121393447
            ],
            [
              16.335983276367188,
              46.84610371505515
            ],
            [
              16.285171508789062,
              46.87239702052007
            ],
            [
              16.230926513671875,
              46.874274621077795
            ],
            [
              16.173248291015625,
              46.86019101567027
            ],
            [
              16.138916015625,
              46.854556538855746
            ],
            [
              16.113889,
              46.869167
            ]
          ]
        ]
      }
    },
    {
      "type": "Feature",
      "properties": {
        "name": "BUDAPEST CTA",
        "category": "cta",
        "lower": "9500 FT ALT",
        "upper": "FL660",
        "class": "C",
        "note": "Lateral limits as for Budapest FIR."
      },
      "geometry": {
        "type": "Polygon",
        "coordinates": [
          [
            [
              16.113889,
              46.869167
            ],
            [
              16.17462158203125,
              46.9052455464292
            ],
            [
              16.1993408203125,
              46.931509883369316
            ],
            [
              16.25152587890625,
              46.95401192579361
            ],
            [
              16.27899169921875,
              46.97275640318636
            ],
            [
              16.2982177734375,
              47.00460694243501
            ],
            [
              16.32568359375,
              46.997114405385986
            ],
            [
              16.3751220703125,
              47.00273390667881
            ],
            [
              16.46026611328125,
              46.9933677428342
            ],
            [
              16.49871826171875,
              47.00647991252098
            ],
            [
              16.46026611328125,
              47.02333368818491
            ],
            [
              16.44378662109375,
              47.034566583590426
            ],
            [
              16.51519775390625,
              47.06263847995432
            ],
            [
              16.47674560546875,
              47.075733642316195
            ],
            [
              16.47674560546875,
              47.100044694025215
            ],
            [
              16.5179443359375,
              47.131819327544115
            ],
            [
              16.509704589843746,
              47.15236927446393
            ],
            [
              16.449279785156246,
              47.150501425705635
            ],
            [
              16.446533203125,
              47.187845928576344
            ],
            [
              16.4300537109375,
              47.191578934752954
            ],
            [
              16.42181396484375,
              47.21583707523794
            ],
            [
              16.43829345703125,
              47.2549998709802
            ],
            [
              16.46575927734375,
              47.25872815157009
            ],
            [
              16.4849853515625,
              47.297859249409825
            ],
            [
              16.42181396484375,
              47.34812813983327
            ],
            [
              16.449279785156246,
              47.3630134401339
            ],
            [
              16.45477294921875,
              47.38905261221537
            ],
            [
              16.446533203125,
              47.4057852900587
            ],
            [
              16.47674560546875,
              47.41136166853917
            ],
            [
              16.490478515625,
              47.39834920035926
            ],
            [
              16.53717041015625,
              47.40020832118433
            ],
            [
              16.60308837890625,
              47.42437092240519
            ],
            [
              16.65802001953125,
              47.46337939935778
            ],
            [
              16.65802001953125,
              47.502358951968574
            ],
            [
              16.69647216796875,
              47.537601245618134
            ],
            [
              16.67449951171875,
              47.56726060598141
            ],
            [
              16.66900634765625,
              47.59505101193038
            ],
            [
              16.63330078125,
              47.632081940263305
            ],
            [
              16.5728759765625,
              47.622826666563675
            ],
            [
              16.5234375,
              47.646886969413
            ],
            [
              16.509704589843746,
              47.635783590864854
            ],
            [
              16.424560546875,
              47.66723703450518
            ],
            [
              16.44378662109375,
              47.69497434186282
            ],
            [
              16.4630126953125,
              47.68388118858139
            ],
            [
              16.48223876953125,
              47.69867153529717
            ],
            [
              16.5509033203125,
              47.719001413201916
            ],
            [
              16.53717041015625,
              47.74486433470359
            ],
            [
              16.600341796875,
              47.759637380334595
            ],
            [
              16.6387939453125,
              47.75225138174104
            ],
            [
              16.72393798828125,
              47.73193447949174
            ],
            [
              16.75689697265625,
              47.68757916850813
            ],
            [
              16.82830810546875,
              47.68757916850813
            ],
            [
              16.8365478515625,
              47.70606513569572
            ],
            [
              16.875,
              47.720849190702324
            ],
            [
              16.8804931640625,
              47.68942806015855
            ],
            [
              17.083740234375,
              47.70791337194979
            ],
            [
              17.07550048828125,
              47.72269690266809
            ],
            [
              17.053527832031246,
              47.78917089079263
            ],
            [
              17.06451416015625,
              47.81315451752768
            ],
            [
              17.01507568359375,
              47.85924575819688
            ],
            [
              17.0452880859375,
              47.87582858242869
            ],
            [
              17.0892333984375,
              47.88503897004144
            ],
            [
              17.105712890625,
              47.92554522341879
            ],
            [
              17.100219726562496,
              47.936586882217306
            ],
            [
              17.105712890625,
              47.96050238891509
            ],
            [
              17.0947265625,
              47.97521412341618
            ],
            [
              17.160833,
              48.006667
            ],
            [
              17.0947265625,
              47.97521412341618
            ],
            [
              17.105712890625,
              47.96050238891509
            ],
            [
              17.100219726562496,
              47.936586882217306
            ],
            [
              17.105712890625,
              47.92554522341879
            ],
            [
              17.0892333984375,
              47.88503897004144
            ],
            [
              17.0452880859375,
              47.87582858242869
            ],
            [
              17.01507568359375,
              47.85924575819688
            ],
            [
              17.06451416015625,
              47.81315451752768
            ],
            [
              17.053527832031246,
              47.78917089079263
            ],
            [
              17.07550048828125,
              47.72269690266809
            ],
            [
              17.083740234375,
              47.70791337194979
            ],
            [
              16.8804931640625,
              47.68942806015855
            ],
            [
              16.875,
              47.720849190702324
            ],
            [
              16.8365478515625,
              47.70606513569572
            ],
            [
              16.82830810546875,
              47.68757916850813
            ],
            [
              16.75689697265625,
              47.68757916850813
            ],
            [
              16.72393798828125,
              47.73193447949174
            ],
            [
              16.6387939453125,
              47.75225138174104
            ],
            [
              16.600341796875,
              47.759637380334595
            ],
            [
              16.53717041015625,
              47.74486433470359
            ],
            [
              16.5509033203125,
              47.719001413201916
            ],
            [
              16.48223876953125,
              47.69867153529717
            ],
            [
              16.4630126953125,
              47.68388118858139
            ],
            [
              16.44378662109375,
              47.69497434186282
            ],
            [
              16.424560546875,
              47.66723703450518
            ],
            [
              16.509704589843746,
              47.635783590864854
            ],
            [
              16.5234375,
              47.646886969413
            ],
            [
              16.5728759765625,
              47.622826666563675
            ],
            [
              16.63330078125,
              47.632081940263305
            ],
            [
              16.66900634765625,
              47.59505101193038
            ],
            [
              16.67449951171875,
              47.56726060598141
            ],
            [
              16.69647216796875,
              47.537601245618134
            ],
            [
              16.65802001953125,
              47.502358951968574
            ],
            [
              16.65802001953125,
              47.46337939935778
            ],
            [
              16.60308837890625,
              47.42437092240519
            ],
            [
              16.53717041015625,
              47.40020832118433
            ],
            [
              16.490478515625,
              47.39834920035926
            ],
            [
              16.47674560546875,
              47.41136166853917
            ],
            [
              16.446533203125,
              47.4057852900587
            ],
            [
              16.45477294921875,
              47.38905261221537
            ],
            [
              16.449279785156246,
              47.3630134401339
            ],
            [
              16.42181396484375,
              47.34812813983327
            ],
            [
              16.4849853515625,
              47.297859249409825
            ],
            [
              16.46575927734375,
              47.25872815157009
            ],
            [
              16.43829345703125,
              47.2549998709802
            ],
            [
              16.42181396484375,
              47.21583707523794
            ],
            [
              16.4300537109375,
              47.191578934752954
            ],
            [
              16.446533203125,
              47.187845928576344
            ],
            [
              16.449279785156246,
              47.150501425705635
            ],
            [
              16.509704589843746,
              47.15236927446393
            ],
            [
              16.5179443359375,
              47.131819327544115
            ],
            [
              16.47674560546875,
              47.100044694025215
            ],
            [
              16.47674560546875,
              47.075733642316195
            ],
            [
              16.51519775390625,
              47.06263847995432
            ],
            [
              16.44378662109375,
              47.034566583590426
            ],
            [
              16.46026611328125,
              47.02333368818491
            ],
            [
              16.49871826171875,
              47.00647991252098
            ],
            [
              16.46026611328125,
              46.9933677428342
            ],
            [
              16.3751220703125,
              47.00273390667881
            ],
            [
              16.32568359375,
              46.997114405385986
            ],
            [
              16.2982177734375,
              47.00460694243501
            ],
            [
              16.27899169921875,
              46.97275640318636
            ],
            [
              16.25152587890625,
              46.95401192579361
            ],
            [
              16.1993408203125,
              46.931509883369316
            ],
            [
              16.17462158203125,
              46.9052455464292
            ],
            [
              16.113210563601513,
              46.869167053056486
            ],
            [
              16.138916015625,
              46.854556538855746
            ],
            [
              16.173248291015625,
              46.86019101567027
            ],
            [
              16.230926513671875,
              46.874274621077795
            ],
            [
              16.285171508789062,
              46.87239702052007
            ],
            [
              16.335983276367188,
              46.84610371505515
            ],
            [
              16.35040283203125,
              46.83483121393447
            ],
            [
              16.3421630859375,
              46.803819640791566
            ],
            [
              16.315383911132812,
              46.79911935722295
            ],
            [
              16.312637329101562,
              46.77749276376827
            ],
            [
              16.330490112304574,
              46.77749276376827
            ],
            [
              16.32293701171875,
              46.755387052132136
            ],
            [
              16.34353637695301,
              46.73844888224751
            ],
            [
              16.358642578125,
              46.71538559839362
            ],
            [
              16.36962890625,
              46.721976114280686
            ],
            [
              16.381301879882812,
              46.713973240259
            ],
            [
              16.373062133789062,
              46.703614817813545
            ],
            [
              16.385421752929688,
              46.69843486113957
            ],
            [
              16.425933837890625,
              46.69419634511967
            ],
            [
              16.419754028320312,
              46.6588624401289
            ],
            [
              16.39434814453125,
              46.663103728640706
            ],
            [
              16.384735107421875,
              46.65273554711876
            ],
            [
              16.3916015625,
              46.63765100682623
            ],
            [
              16.4252471923827,
              46.61548796222358
            ],
            [
              16.443786621093636,
              46.61171462536894
            ],
            [
              16.482925415039062,
              46.5782147398224
            ],
            [
              16.481895446777344,
              46.56641407568593
            ],
            [
              16.491851806640625,
              46.5640536347374
            ],
            [
              16.50867462158203,
              46.564761777806275
            ],
            [
              16.518630981445312,
              46.552958186495715
            ],
            [
              16.51897430419922,
              46.53737351420491
            ],
            [
              16.53167724609375,
              46.53146906088904
            ],
            [
              16.524810791015625,
              46.51587821960058
            ],
            [
              16.53305053710926,
              46.514460648524775
            ],
            [
              16.529617309570312,
              46.50855370434326
            ],
            [
              16.52618408203125,
              46.50878999443673
            ],
            [
              16.523780822753906,
              46.50571814310074
            ],
            [
              16.534767150878906,
              46.5002829039397
            ],
            [
              16.566696166992188,
              46.48941079543939
            ],
            [
              16.57390594482422,
              46.48255552297668
            ],
            [
              16.5838623046875,
              46.47782724551892
            ],
            [
              16.605491638183594,
              46.47546295270333
            ],
            [
              16.612213012039263,
              46.46982399144435
            ],
            [
              16.619009425505453,
              46.46535950217538
            ],
            [
              16.625189235075766,
              46.46823722413006
            ],
            [
              16.629867553710938,
              46.462457505996056
            ],
            [
              16.636734008789062,
              46.46576827816456
            ],
            [
              16.659393310546875,
              46.45961954102543
            ],
            [
              16.666946411132812,
              46.455362316203846
            ],
            [
              16.658706665039062,
              46.44731998341687
            ],
            [
              16.6717529296875,
              46.44873930490745
            ],
            [
              16.706085205078125,
              46.402829175697995
            ],
            [
              16.71844482421875,
              46.39146400155906
            ],
            [
              16.728744506835938,
              46.4023556740354
            ],
            [
              16.738357543945312,
              46.39809397414284
            ],
            [
              16.741104125976562,
              46.38720145098313
            ],
            [
              16.752777099609375,
              46.38909595900196
            ],
            [
              16.760330200195312,
              46.379622761364125
            ],
            [
              16.7706298828125,
              46.3862541723159
            ],
            [
              16.775436401367188,
              46.379622761364125
            ],
            [
              16.78848266601562,
              46.38672781370433
            ],
            [
              16.802902221679688,
              46.3838859037291
            ],
            [
              16.807022094726562,
              46.37772792457245
            ],
            [
              16.818008422851562,
              46.37156925087649
            ],
            [
              16.821441650390625,
              46.37204301966532
            ],
            [
              16.827621459960938,
              46.36730514683829
            ],
            [
              16.833114624023438,
              46.37251678434442
            ],
            [
              16.838607788085938,
              46.36493605630856
            ],
            [
              16.851654052734375,
              46.36114529775181
            ],
            [
              16.855087280273438,
              46.35356299155248
            ],
            [
              16.865386962890625,
              46.3530890624813
            ],
            [
              16.861953735351562,
              46.348349545726215
            ],
            [
              16.875,
              46.34313560260196
            ],
            [
              16.871566772460938,
              46.33886927924262
            ],
            [
              16.881179809570312,
              46.336498955749924
            ],
            [
              16.876373291015625,
              46.32180065671089
            ],
            [
              16.879119873046875,
              46.30520105581194
            ],
            [
              16.886672973632812,
              46.28052949433555
            ],
            [
              16.906585693359375,
              46.272936008641494
            ],
            [
              16.918258666992188,
              46.26154380710643
            ],
            [
              16.9244384765625,
              46.26059435010689
            ],
            [
              16.95602416992187,
              46.2397021362749
            ],
            [
              16.973190307617188,
              46.24160175728607
            ],
            [
              16.975250244140625,
              46.225927917007525
            ],
            [
              16.989669799804688,
              46.22260258751594
            ],
            [
              17.00408935546875,
              46.222127524002886
            ],
            [
              17.054214477539062,
              46.20217114444467
            ],
            [
              17.065887451171875,
              46.20074541128312
            ],
            [
              17.071380615234375,
              46.19266555785523
            ],
            [
              17.085113525390625,
              46.187912147928145
            ],
            [
              17.094039916992188,
              46.18743678432541
            ],
            [
              17.10296630859375,
              46.18458451637958
            ],
            [
              17.114639282226562,
              46.176977744996904
            ],
            [
              17.120819091796875,
              46.17792864897331
            ],
            [
              17.128372192382812,
              46.16889439727124
            ],
            [
              17.140045166015625,
              46.17174747919073
            ],
            [
              17.157211303710938,
              46.16889439727124
            ],
            [
              17.15789794921875,
              46.15748058961549
            ],
            [
              17.178497314453125,
              46.150345757336574
            ],
            [
              17.17987060546875,
              46.1408312087306
            ],
            [
              17.183990478515625,
              46.1322667089571
            ],
            [
              17.1771240234375,
              46.12941157969048
            ],
            [
              17.181930541992188,
              46.11798958256461
            ],
            [
              17.177810668945312,
              46.10942153064161
            ],
            [
              17.191543579101562,
              46.10846944264524
            ],
            [
              17.202529907226562,
              46.11084963180091
            ],
            [
              17.211456298828125,
              46.107993392479976
            ],
            [
              17.214889526367188,
              46.11322971817248
            ],
            [
              17.211456298828125,
              46.09942378645679
            ],
            [
              17.234802246093746,
              46.10085214663405
            ],
            [
              17.221069335937496,
              46.08894801450992
            ],
            [
              17.203903198242188,
              46.081804301792545
            ],
            [
              17.203216552734375,
              46.074659663982324
            ],
            [
              17.22930908203125,
              46.081328021385964
            ],
            [
              17.237548828125,
              46.07323062540835
            ],
            [
              17.243728637695312,
              46.065132041186985
            ],
            [
              17.254714965820312,
              46.066561289451926
            ],
            [
              17.245101928710938,
              46.061320531569244
            ],
            [
              17.230682373046875,
              46.065132041186985
            ],
            [
              17.23274230957031,
              46.057985244793024
            ],
            [
              17.268447875976562,
              46.056079276178885
            ],
            [
              17.258834838867188,
              46.044642082970135
            ],
            [
              17.260208129882812,
              46.03177240968806
            ],
            [
              17.294540405273438,
              46.02891207522667
            ],
            [
              17.260208129882812,
              46.01174695991616
            ],
            [
              17.301406860351562,
              46.001254543846926
            ],
            [
              17.295913696289062,
              45.98789768139442
            ],
            [
              17.317886352539062,
              45.98932892799953
            ],
            [
              17.315139770507812,
              45.966901812666784
            ],
            [
              17.335052490234375,
              45.9688108569718
            ],
            [
              17.334365844726562,
              45.99696161820381
            ],
            [
              17.356338500976562,
              45.97406038956237
            ],
            [
              17.365951538085938,
              45.991714256768006
            ],
            [
              17.376937866210938,
              45.97024259702345
            ],
            [
              17.3638916015625,
              45.965469986260864
            ],
            [
              17.390670776367184,
              45.96403812284582
            ],
            [
              17.357711791992188,
              45.95449142095327
            ],
            [
              17.341232299804688,
              45.96021963947196
            ],
            [
              17.35015869140625,
              45.94303320745295
            ],
            [
              17.381057739257812,
              45.94685287513411
            ],
            [
              17.396163940429688,
              45.933482886823676
            ],
            [
              17.414703369140625,
              45.940168283978565
            ],
            [
              17.42568969726562,
              45.92631906688105
            ],
            [
              17.433929443359375,
              45.94637543106672
            ],
            [
              17.464141845703125,
              45.94542053059529
            ],
            [
              17.565078735351562,
              45.93778073466329
            ],
            [
              17.63031005859375,
              45.894787266838584
            ],
            [
              17.6605224609375,
              45.836932440121316
            ],
            [
              17.749786376953125,
              45.825928431131345
            ],
            [
              17.830810546875,
              45.80487122128867
            ],
            [
              17.86102294921875,
              45.763690956618674
            ],
            [
              17.91046142578125,
              45.79721207992186
            ],
            [
              17.99835205078125,
              45.79338211440398
            ],
            [
              18.09173583984375,
              45.77135470445038
            ],
            [
              18.13018798828125,
              45.79242458189578
            ],
            [
              18.235931396484375,
              45.778059620080064
            ],
            [
              18.255157470703125,
              45.75985868785574
            ],
            [
              18.33343505859375,
              45.75123512069343
            ],
            [
              18.369140624999996,
              45.767522962149876
            ],
            [
              18.447418212890625,
              45.7387765043515
            ],
            [
              18.455657958984375,
              45.766564985445
            ],
            [
              18.491363525390625,
              45.79146703293602
            ],
            [
              18.54217529296875,
              45.78859428734741
            ],
            [
              18.621826171875,
              45.843151135002806
            ],
            [
              18.63418579101562,
              45.87375611471934
            ],
            [
              18.65478515625,
              45.87375611471934
            ],
            [
              18.642425537109375,
              45.891919851282076
            ],
            [
              18.66302490234375,
              45.90338862522072
            ],
            [
              18.661651611328125,
              45.91867663909007
            ],
            [
              18.7042236328125,
              45.91485503041033
            ],
            [
              18.80584716796875,
              45.88140472759939
            ],
            [
              18.821600926810078,
              45.91420413266544
            ],
            [
              18.828898574398394,
              45.90436556692823
            ],
            [
              18.866983700139862,
              45.91118388509112
            ],
            [
              18.86415455772047,
              45.920420545113075
            ],
            [
              18.87507190545122,
              45.915812295379666
            ],
            [
              18.890177452067206,
              45.921563720759046
            ],
            [
              18.906215739671268,
              45.93507718432427
            ],
            [
              18.960521822682352,
              45.92647778127325
            ],
            [
              18.98608207382466,
              45.93196199517861
            ],
            [
              18.992682389826058,
              45.92389694472633
            ],
            [
              19.007611099653985,
              45.92368840808385
            ],
            [
              18.99718672951147,
              45.94605811762367
            ],
            [
              19.006373096102948,
              45.96276483220891
            ],
            [
              19.079026472442678,
              45.963484475497104
            ],
            [
              19.065260138785987,
              46.00022173347971
            ],
            [
              19.104112360289207,
              46.03962178469274
            ],
            [
              19.133941709909152,
              46.036545208089436
            ],
            [
              19.148057672789236,
              45.996285526891285
            ],
            [
              19.203883758291013,
              45.99213282557196
            ],
            [
              19.200935857082392,
              45.99790024937904
            ],
            [
              19.284549140150034,
              45.99660839540386
            ],
            [
              19.301304936917035,
              45.988636257955704
            ],
            [
              19.285125732421875,
              46.01508503858
            ],
            [
              19.36065673828125,
              46.049407867959005
            ],
            [
              19.38262939453125,
              46.038922598236
            ],
            [
              19.416961669921875,
              46.048454743854876
            ],
            [
              19.46640014648426,
              46.081804301792545
            ],
            [
              19.46640014648426,
              46.095138483907725
            ],
            [
              19.52682495117176,
              46.119893413204245
            ],
            [
              19.504852294921875,
              46.14178273759234
            ],
            [
              19.51446533203125,
              46.148442979172565
            ],
            [
              19.52682495117176,
              46.148442979172565
            ],
            [
              19.565277099609375,
              46.176977744996904
            ],
            [
              19.636688232421875,
              46.17127197581503
            ],
            [
              19.658660888671875,
              46.18743678432541
            ],
            [
              19.683380126953125,
              46.181732100439916
            ],
            [
              19.6929931640625,
              46.18743678432541
            ],
            [
              19.7149658203125,
              46.17317396465173
            ],
            [
              19.730072021484375,
              46.17032095673059
            ],
            [
              19.746551513671875,
              46.151297121751725
            ],
            [
              19.77401733398426,
              46.144637225509136
            ],
            [
              19.817962646484375,
              46.13036330589106
            ],
            [
              19.85504150390625,
              46.148442979172565
            ],
            [
              19.936065673828125,
              46.175075887712296
            ],
            [
              20.018463134765625,
              46.175075887712296
            ],
            [
              20.03631591796875,
              46.145588688591964
            ],
            [
              20.06546319592772,
              46.146554041462075
            ],
            [
              20.09674072265625,
              46.17792864897331
            ],
            [
              20.105399126053698,
              46.175734152337085
            ],
            [
              20.103607177734375,
              46.164614496897094
            ],
            [
              20.14031760088571,
              46.14293386602744
            ],
            [
              20.183278145854274,
              46.15928327578529
            ],
            [
              20.208446175257905,
              46.14385751728555
            ],
            [
              20.210415710322252,
              46.13580409119405
            ],
            [
              20.228819403773088,
              46.12944805220748
            ],
            [
              20.233024789046908,
              46.1240073462464
            ],
            [
              20.24841266971933,
              46.12954572428678
            ],
            [
              20.252161649400747,
              46.12555015684164
            ],
            [
              20.249456005213766,
              46.11946393645745
            ],
            [
              20.255494253259712,
              46.115975210290735
            ],
            [
              20.264256726428982,
              46.12637515835607
            ],
            [
              20.270333147184346,
              46.12731743618395
            ],
            [
              20.272876067741393,
              46.13305173083097
            ],
            [
              20.29572587092133,
              46.15171355590455
            ],
            [
              20.30935203166092,
              46.15634176010867
            ],
            [
              20.31287677946932,
              46.15018710565933
            ],
            [
              20.354984083060344,
              46.16939355287393
            ],
            [
              20.368154746916673,
              46.15326823854588
            ],
            [
              20.37832429936077,
              46.15823584439191
            ],
            [
              20.39473028994263,
              46.15227415885477
            ],
            [
              20.3972024782355,
              46.15692977985313
            ],
            [
              20.44540918770008,
              46.14176882447674
            ],
            [
              20.459363277243483,
              46.14291994025914
            ],
            [
              20.493772495270164,
              46.170733433047396
            ],
            [
              20.501010798835495,
              46.189862211620984
            ],
            [
              20.5389404296875,
              46.181732100439916
            ],
            [
              20.636444091796875,
              46.12274903582433
            ],
            [
              20.65017700195301,
              46.150345757336574
            ],
            [
              20.69000244140625,
              46.14749156542368
            ],
            [
              20.7147216796875,
              46.162712212065664
            ],
            [
              20.7257080078125,
              46.20454728416395
            ],
            [
              20.76416015625,
              46.20454728416395
            ],
            [
              20.749053955078125,
              46.24824991289166
            ],
            [
              20.77651977539051,
              46.27388525189855
            ],
            [
              20.865783691406136,
              46.28717293114449
            ],
            [
              20.886383056640625,
              46.27863122156088
            ],
            [
              20.91522216796875,
              46.266290845476426
            ],
            [
              20.924835205078125,
              46.27483447871404
            ],
            [
              20.9454345703125,
              46.275783689088
            ],
            [
              20.949554443359375,
              46.26724020382508
            ],
            [
              20.972900390625,
              46.26154380710643
            ],
            [
              21.02645874023426,
              46.264392079453856
            ],
            [
              21.034698486328125,
              46.25204849722289
            ],
            [
              21.067657470703125,
              46.24824991289166
            ],
            [
              21.10198974609375,
              46.263442671779885
            ],
            [
              21.117095947265625,
              46.3023549043942
            ],
            [
              21.178894042968636,
              46.300457387911614
            ],
            [
              21.178894042968636,
              46.33270622444249
            ],
            [
              21.196746826171875,
              46.34597963322759
            ],
            [
              21.20361328125,
              46.39146400155906
            ],
            [
              21.224212646484375,
              46.41040464340645
            ],
            [
              21.298370361328125,
              46.40661704105617
            ],
            [
              21.290130615234375,
              46.41513877649199
            ],
            [
              21.314849853515625,
              46.45299704748289
            ],
            [
              21.295623779296875,
              46.475699386607516
            ],
            [
              21.2750244140625,
              46.477590820859966
            ],
            [
              21.26129150390625,
              46.5002829039397
            ],
            [
              21.27639770507801,
              46.54563867035857
            ],
            [
              21.29425048828125,
              46.54563867035857
            ],
            [
              21.3189697265625,
              46.58246235035155
            ],
            [
              21.301116943359375,
              46.592843997427416
            ],
            [
              21.325836181640625,
              46.63057868059483
            ],
            [
              21.372528076171875,
              46.639065361163226
            ],
            [
              21.40960693359375,
              46.62209066910115
            ],
            [
              21.4178466796875,
              46.64283679198892
            ],
            [
              21.434326171874886,
              46.64660795992221
            ],
            [
              21.454925537109375,
              46.66640227857272
            ],
            [
              21.438446044921875,
              46.67111414362431
            ],
            [
              21.434326171874886,
              46.69278343251575
            ],
            [
              21.474151611328125,
              46.693725378358955
            ],
            [
              21.487884521484375,
              46.68713141244413
            ],
            [
              21.5277099609375,
              46.73515473113437
            ],
            [
              21.493377685546875,
              46.75303484681343
            ],
            [
              21.4837646484375,
              46.77184961467733
            ],
            [
              21.500244140625,
              46.7756117797763
            ],
            [
              21.51947021484375,
              46.80569963924226
            ],
            [
              21.52633666992176,
              46.837649560937464
            ],
            [
              21.603240966796875,
              46.87051935427163
            ],
            [
              21.60736083984375,
              46.90243074674521
            ],
            [
              21.59912109375,
              46.92963428624288
            ],
            [
              21.6375732421875,
              46.930572093016316
            ],
            [
              21.65679931640625,
              46.95494930564661
            ],
            [
              21.67327880859375,
              46.95401192579361
            ],
            [
              21.680145263671875,
              46.96432220110901
            ],
            [
              21.671905517578125,
              46.973693454655916
            ],
            [
              21.68701171875,
              46.9989876381546
            ],
            [
              21.676025390624886,
              47.017716353979225
            ],
            [
              21.660919189453125,
              47.020525094958174
            ],
            [
              21.65267944335926,
              47.04205386721612
            ],
            [
              21.678771972656136,
              47.04579711504287
            ],
            [
              21.70623779296875,
              47.06638028321398
            ],
            [
              21.7254638671875,
              47.09817500706038
            ],
            [
              21.77215576171875,
              47.10845747289683
            ],
            [
              21.792755126953125,
              47.10378387099161
            ],
            [
              21.7913818359375,
              47.11313066447019
            ],
            [
              21.811981201171875,
              47.16730970131578
            ],
            [
              21.8572998046875,
              47.18597932702905
            ],
            [
              21.858673095703125,
              47.21676985912017
            ],
            [
              21.847686767578125,
              47.224231539472456
            ],
            [
              21.864166259765625,
              47.25593196573788
            ],
            [
              21.88751220703125,
              47.2708432505609
            ],
            [
              21.8792724609375,
              47.284818765649284
            ],
            [
              21.91497802734375,
              47.32672316405057
            ],
            [
              21.932830810546875,
              47.360222766169485
            ],
            [
              21.96029663085926,
              47.37696459572701
            ],
            [
              22.00836181640625,
              47.378824470982245
            ],
            [
              22.034454345703125,
              47.40671472747142
            ],
            [
              22.0330810546875,
              47.441092383072515
            ],
            [
              22.009735107421875,
              47.47916032149414
            ],
            [
              22.02484130859375,
              47.514418190183974
            ],
            [
              22.042694091796875,
              47.5394554474239
            ],
            [
              22.060546875,
              47.52925652601813
            ],
            [
              22.06878662109375,
              47.535746978239125
            ],
            [
              22.057800292968636,
              47.54779854409145
            ],
            [
              22.070159912109375,
              47.56170075451973
            ],
            [
              22.093505859375,
              47.558920607496525
            ],
            [
              22.1319580078125,
              47.597829241181465
            ],
            [
              22.177276611328125,
              47.592272635166125
            ],
            [
              22.20611572265625,
              47.65058757118734
            ],
            [
              22.2198486328125,
              47.65891296651944
            ],
            [
              22.2198486328125,
              47.69127688626756
            ],
            [
              22.259674072265625,
              47.70144425833169
            ],
            [
              22.26654052734375,
              47.730087095193056
            ],
            [
              22.289886474609375,
              47.72823964536174
            ],
            [
              22.313232421875,
              47.7420939217573
            ],
            [
              22.32147216796875,
              47.76702233051035
            ],
            [
              22.34893798828125,
              47.754097979680026
            ],
            [
              22.432708740234375,
              47.7420939217573
            ],
            [
              22.428588867187386,
              47.75132805819867
            ],
            [
              22.445068359375,
              47.799319161084114
            ],
            [
              22.48077392578125,
              47.8094654494779
            ],
            [
              22.545318603515625,
              47.77348330190447
            ],
            [
              22.611236572265625,
              47.77256035513371
            ],
            [
              22.681274414062386,
              47.78548011929362
            ],
            [
              22.68951416015625,
              47.806698476463836
            ],
            [
              22.721099853515625,
              47.83804887261066
            ],
            [
              22.745819091796875,
              47.8362052557492
            ],
            [
              22.7801513671875,
              47.84081417507446
            ],
            [
              22.765045166015625,
              47.86293128876346
            ],
            [
              22.756805419921875,
              47.89516850516946
            ],
            [
              22.7911376953125,
              47.89148526708789
            ],
            [
              22.82135009765625,
              47.9062166475376
            ],
            [
              22.847442626953125,
              47.908978314728714
            ],
            [
              22.89096835111465,
              47.95334460250852
            ],
            [
              22.89453352351346,
              47.951928261360266
            ],
            [
              22.896523411021054,
              47.9526833193792
            ],
            [
              22.89581504650794,
              47.95395907550616
            ],
            [
              22.89723376875827,
              47.954080681207095
            ],
            [
              22.89731011957593,
              47.95462636039581
            ],
            [
              22.894779626892266,
              47.95490046191226
            ],
            [
              22.895859206215718,
              47.956767743518924
            ],
            [
              22.890892992626476,
              47.95650633181877
            ],
            [
              22.89254007465052,
              47.9610891024364
            ],
            [
              22.890032578535184,
              47.961591458974624
            ],
            [
              22.892372090251378,
              47.96334581840268
            ],
            [
              22.89208036914397,
              47.967093865062296
            ],
            [
              22.8794090730338,
              47.963736300342276
            ],
            [
              22.87733186757211,
              47.96776020931843
            ],
            [
              22.873315858978856,
              47.966684243887364
            ],
            [
              22.871544483599394,
              47.970249533302166
            ],
            [
              22.873373742606702,
              47.973629385955974
            ],
            [
              22.867476730897806,
              47.97742225873401
            ],
            [
              22.866982664784434,
              47.97360906974392
            ],
            [
              22.861226133026527,
              47.9736897383912
            ],
            [
              22.861493739572435,
              47.97706152980392
            ],
            [
              22.858299197668444,
              47.976168761653504
            ],
            [
              22.85876516779185,
              47.97874034108733
            ],
            [
              22.850368037881168,
              47.98159002961411
            ],
            [
              22.839246997958327,
              47.980916339087855
            ],
            [
              22.843615457257783,
              47.98393007602307
            ],
            [
              22.83826623705079,
              47.99215480232215
            ],
            [
              22.86383405781345,
              48.01231902784571
            ],
            [
              22.8671569783111,
              48.021997545259055
            ],
            [
              22.880947376978952,
              48.03571511301432
            ],
            [
              22.88109942420465,
              48.05518368334702
            ],
            [
              22.870195848616476,
              48.05185117175511
            ],
            [
              22.86050005897033,
              48.057130130232046
            ],
            [
              22.860298761313004,
              48.07667126655233
            ],
            [
              22.846091670673573,
              48.0825722006566
            ],
            [
              22.83711831912015,
              48.07932820547124
            ],
            [
              22.829683763655453,
              48.095619404113165
            ],
            [
              22.830916174813723,
              48.11044212056618
            ],
            [
              22.82010466249244,
              48.11835790526039
            ],
            [
              22.809627120871482,
              48.10701724666059
            ],
            [
              22.80165437435653,
              48.10670409254671
            ],
            [
              22.806272590326557,
              48.12070935255844
            ],
            [
              22.798760367760764,
              48.12252028710788
            ],
            [
              22.789682648256644,
              48.11638867970999
            ],
            [
              22.770979285316685,
              48.12163075631239
            ],
            [
              22.777526100768995,
              48.111162557398615
            ],
            [
              22.764425929626725,
              48.10978779697693
            ],
            [
              22.759103662179598,
              48.114975402385085
            ],
            [
              22.756521014377427,
              48.12052879532611
            ],
            [
              22.744380132260332,
              48.11742554570273
            ],
            [
              22.734587495550585,
              48.11965235950372
            ],
            [
              22.72914325326699,
              48.11402456250274
            ],
            [
              22.720098368022988,
              48.114981349929565
            ],
            [
              22.713284315917655,
              48.11073828473794
            ],
            [
              22.705061316566685,
              48.10952647221352
            ],
            [
              22.675781249999886,
              48.090922612296744
            ],
            [
              22.63454631259019,
              48.09594087992518
            ],
            [
              22.62080410020249,
              48.10533095861103
            ],
            [
              22.590701320664493,
              48.1080823481874
            ],
            [
              22.59924684895865,
              48.11665098901574
            ],
            [
              22.59407090036606,
              48.12600410162889
            ],
            [
              22.5959814863278,
              48.13558246233917
            ],
            [
              22.588100944962463,
              48.14236147957226
            ],
            [
              22.5976489142123,
              48.145786664661784
            ],
            [
              22.576456803111753,
              48.16000622827511
            ],
            [
              22.55998904837864,
              48.182554190651786
            ],
            [
              22.56947297348235,
              48.18593344235043
            ],
            [
              22.570014366886454,
              48.1965121198453
            ],
            [
              22.534881003608604,
              48.208938228267485
            ],
            [
              22.513245801386205,
              48.22676144692964
            ],
            [
              22.514929404109523,
              48.23809743989692
            ],
            [
              22.498390489410042,
              48.23988154664348
            ],
            [
              22.503107510966743,
              48.246597172736614
            ],
            [
              22.48840918855285,
              48.254696279914974
            ],
            [
              22.470242426233426,
              48.24747756855156
            ],
            [
              22.467963145469596,
              48.242661485234706
            ],
            [
              22.448811163386694,
              48.243688374048745
            ],
            [
              22.43311661899071,
              48.25225893892876
            ],
            [
              22.431011933969423,
              48.24717490614981
            ],
            [
              22.419667243653944,
              48.248340576409326
            ],
            [
              22.420133444260344,
              48.251079231869156
            ],
            [
              22.400738643029086,
              48.24922542235872
            ],
            [
              22.384259150839938,
              48.2341892929867
            ],
            [
              22.36925271803696,
              48.24493967908576
            ],
            [
              22.3596455496548,
              48.26625169963491
            ],
            [
              22.338743942760146,
              48.28034193109108
            ],
            [
              22.336887945614876,
              48.30773606815364
            ],
            [
              22.321142048754382,
              48.314832079125324
            ],
            [
              22.319906675029415,
              48.32282576262266
            ],
            [
              22.313813795711866,
              48.3262747991529
            ],
            [
              22.320881623422906,
              48.338473828140096
            ],
            [
              22.31780712349905,
              48.353224629289976
            ],
            [
              22.267356284856362,
              48.36135651475081
            ],
            [
              22.240137287652573,
              48.38773342885288
            ],
            [
              22.256102388994464,
              48.3926531099033
            ],
            [
              22.264590880779508,
              48.40998395658164
            ],
            [
              22.25177883549486,
              48.41079614620919
            ],
            [
              22.22937391258246,
              48.41178509612597
            ],
            [
              22.210291927251234,
              48.42619112843703
            ],
            [
              22.183114728153157,
              48.41454292525869
            ],
            [
              22.15538370612586,
              48.4094192877621
            ],
            [
              22.155278,
              48.403333
            ],
            [
              22.15538370612586,
              48.4094192877621
            ],
            [
              22.183114728153157,
              48.41454292525869
            ],
            [
              22.210291927251234,
              48.42619112843703
            ],
            [
              22.22937391258246,
              48.41178509612597
            ],
            [
              22.25177883549486,
              48.41079614620919
            ],
            [
              22.264590880779508,
              48.40998395658164
            ],
            [
              22.256102388994464,
              48.3926531099033
            ],
            [
              22.240137287652573,
              48.38773342885288
            ],
            [
              22.267356284856362,
              48.36135651475081
            ],
            [
              22.31780712349905,
              48.353224629289976
            ],
            [
              22.320881623422906,
              48.338473828140096
            ],
            [
              22.313813795711866,
              48.3262747991529
            ],
            [
              22.319906675029415,
              48.32282576262266
            ],
            [
              22.321142048754382,
              48.314832079125324
            ],
            [
              22.336887945614876,
              48.30773606815364
            ],
            [
              22.338743942760146,
              48.28034193109108
            ],
            [
              22.3596455496548,
              48.26625169963491
            ],
            [
              22.36925271803696,
              48.24493967908576
            ],
            [
              22.384259150839938,
              48.2341892929867
            ],
            [
              22.400738643029086,
              48.24922542235872
            ],
            [
              22.420133444260344,
              48.251079231869156
            ],
            [
              22.419667243653944,
              48.248340576409326
            ],
            [
              22.431011933969423,
              48.24717490614981
            ],
            [
              22.43311661899071,
              48.25225893892876
            ],
            [
              22.448811163386694,
              48.243688374048745
            ],
            [
              22.467963145469596,
              48.242661485234706
            ],
            [
              22.470242426233426,
              48.24747756855156
            ],
            [
              22.48840918855285,
              48.254696279914974
            ],
            [
              22.503107510966743,
              48.246597172736614
            ],
            [
              22.498390489410042,
              48.23988154664348
            ],
            [
              22.514929404109523,
              48.23809743989692
            ],
            [
              22.513245801386205,
              48.22676144692964
            ],
            [
              22.534881003608604,
              48.208938228267485
            ],
            [
              22.570014366886454,
              48.1965121198453
            ],
            [
              22.56947297348235,
              48.18593344235043
            ],
            [
              22.55998904837864,
              48.182554190651786
            ],
            [
              22.576456803111753,
              48.16000622827511
            ],
            [
              22.5976489142123,
              48.145786664661784
            ],
            [
              22.588100944962463,
              48.14236147957226
            ],
            [
              22.5959814863278,
              48.13558246233917
            ],
            [
              22.59407090036606,
              48.12600410162889
            ],
            [
              22.59924684895865,
              48.11665098901574
            ],
            [
              22.590701320664493,
              48.1080823481874
            ],
            [
              22.62080410020249,
              48.10533095861103
            ],
            [
              22.63454631259019,
              48.09594087992518
            ],
            [
              22.675781249999886,
              48.090922612296744
            ],
            [
              22.705061316566685,
              48.10952647221352
            ],
            [
              22.713284315917655,
              48.11073828473794
            ],
            [
              22.720098368022988,
              48.114981349929565
            ],
            [
              22.72914325326699,
              48.11402456250274
            ],
            [
              22.734587495550585,
              48.11965235950372
            ],
            [
              22.744380132260332,
              48.11742554570273
            ],
            [
              22.756521014377427,
              48.12052879532611
            ],
            [
              22.759103662179598,
              48.114975402385085
            ],
            [
              22.764425929626725,
              48.10978779697693
            ],
            [
              22.777526100768995,
              48.111162557398615
            ],
            [
              22.770979285316685,
              48.12163075631239
            ],
            [
              22.789682648256644,
              48.11638867970999
            ],
            [
              22.798760367760764,
              48.12252028710788
            ],
            [
              22.806272590326557,
              48.12070935255844
            ],
            [
              22.80165437435653,
              48.10670409254671
            ],
            [
              22.809627120871482,
              48.10701724666059
            ],
            [
              22.82010466249244,
              48.11835790526039
            ],
            [
              22.830916174813723,
              48.11044212056618
            ],
            [
              22.829683763655453,
              48.095619404113165
            ],
            [
              22.83711831912015,
              48.07932820547124
            ],
            [
              22.846091670673573,
              48.0825722006566
            ],
            [
              22.860298761313004,
              48.07667126655233
            ],
            [
              22.86050005897033,
              48.057130130232046
            ],
            [
              22.870195848616476,
              48.05185117175511
            ],
            [
              22.88109942420465,
              48.05518368334702
            ],
            [
              22.880947376978952,
              48.03571511301432
            ],
            [
              22.8671569783111,
              48.021997545259055
            ],
            [
              22.86383405781345,
              48.01231902784571
            ],
            [
              22.83826623705079,
              47.99215480232215
            ],
            [
              22.843615457257783,
              47.98393007602307
            ],
            [
              22.839246997958327,
              47.980916339087855
            ],
            [
              22.850368037881168,
              47.98159002961411
            ],
            [
              22.85876516779185,
              47.97874034108733
            ],
            [
              22.858299197668444,
              47.976168761653504
            ],
            [
              22.861493739572435,
              47.97706152980392
            ],
            [
              22.861226133026527,
              47.9736897383912
            ],
            [
              22.866982664784434,
              47.97360906974392
            ],
            [
              22.867476730897806,
              47.97742225873401
            ],
            [
              22.873373742606702,
              47.973629385955974
            ],
            [
              22.871544483599394,
              47.970249533302166
            ],
            [
              22.873315858978856,
              47.966684243887364
            ],
            [
              22.87733186757211,
              47.96776020931843
            ],
            [
              22.8794090730338,
              47.963736300342276
            ],
            [
              22.89208036914397,
              47.967093865062296
            ],
            [
              22.892372090251378,
              47.96334581840268
            ],
            [
              22.890032578535184,
              47.961591458974624
            ],
            [
              22.89254007465052,
              47.9610891024364
            ],
            [
              22.890892992626476,
              47.95650633181877
            ],
            [
              22.895859206215718,
              47.956767743518924
            ],
            [
              22.894779626892266,
              47.95490046191226
            ],
            [
              22.906111,
              47.959167
            ],
            [
              22.89723376875827,
              47.954080681207095
            ],
            [
              22.89581504650794,
              47.95395907550616
            ],
            [
              22.896523411021054,
              47.9526833193792
            ],
            [
              22.89453352351346,
              47.951928261360266
            ],
            [
              22.89096835111465,
              47.95334460250852
            ],
            [
              22.847442626953125,
              47.908978314728714
            ],
            [
              22.82135009765625,
              47.9062166475376
            ],
            [
              22.7911376953125,
              47.89148526708789
            ],
            [
              22.756805419921875,
              47.89516850516946
            ],
            [
              22.765045166015625,
              47.86293128876346
            ],
            [
              22.7801513671875,
              47.84081417507446
            ],
            [
              22.745819091796875,
              47.8362052557492
            ],
            [
              22.721099853515625,
              47.83804887261066
            ],
            [
              22.68951416015625,
              47.806698476463836
            ],
            [
              22.681274414062386,
              47.78548011929362
            ],
            [
              22.611236572265625,
              47.77256035513371
            ],
            [
              22.545318603515625,
              47.77348330190447
            ],
            [
              22.48077392578125,
              47.8094654494779
            ],
            [
              22.445068359375,
              47.799319161084114
            ],
            [
              22.428588867187386,
              47.75132805819867
            ],
            [
              22.432708740234375,
              47.7420939217573
            ],
            [
              22.34893798828125,
              47.754097979680026
            ],
            [
              22.32147216796875,
              47.76702233051035
            ],
            [
              22.313232421875,
              47.7420939217573
            ],
            [
              22.289886474609375,
              47.72823964536174
            ],
            [
              22.26654052734375,
              47.730087095193056
            ],
            [
              22.259674072265625,
              47.70144425833169
            ],
            [
              22.2198486328125,
              47.69127688626756
            ],
            [
              22.2198486328125,
              47.65891296651944
            ],
            [
              22.20611572265625,
              47.65058757118734
            ],
            [
              22.177276611328125,
              47.592272635166125
            ],
            [
              22.1319580078125,
              47.597829241181465
            ],
            [
              22.093505859375,
              47.558920607496525
            ],
            [
              22.070159912109375,
              47.56170075451973
            ],
            [
              22.057800292968636,
              47.54779854409145
            ],
            [
              22.06878662109375,
              47.535746978239125
            ],
            [
              22.060546875,
              47.52925652601813
            ],
            [
              22.042694091796875,
              47.5394554474239
            ],
            [
              22.02484130859375,
              47.514418190183974
            ],
            [
              22.009735107421875,
              47.47916032149414
            ],
            [
              22.0330810546875,
              47.441092383072515
            ],
            [
              22.034454345703125,
              47.40671472747142
            ],
            [
              22.00836181640625,
              47.378824470982245
            ],
            [
              21.96029663085926,
              47.37696459572701
            ],
            [
              21.932830810546875,
              47.360222766169485
            ],
            [
              21.91497802734375,
              47.32672316405057
            ],
            [
              21.8792724609375,
              47.284818765649284
            ],
            [
              21.88751220703125,
              47.2708432505609
            ],
            [
              21.864166259765625,
              47.25593196573788
            ],
            [
              21.847686767578125,
              47.224231539472456
            ],
            [
              21.858673095703125,
              47.21676985912017
            ],
            [
              21.8572998046875,
              47.18597932702905
            ],
            [
              21.811981201171875,
              47.16730970131578
            ],
            [
              21.7913818359375,
              47.11313066447019
            ],
            [
              21.792755126953125,
              47.10378387099161
            ],
            [
              21.77215576171875,
              47.10845747289683
            ],
            [
              21.7254638671875,
              47.09817500706038
            ],
            [
              21.70623779296875,
              47.06638028321398
            ],
            [
              21.678771972656136,
              47.04579711504287
            ],
            [
              21.65267944335926,
              47.04205386721612
            ],
            [
              21.660919189453125,
              47.020525094958174
            ],
            [
              21.676025390624886,
              47.017716353979225
            ],
            [
              21.68701171875,
              46.9989876381546
            ],
            [
              21.671905517578125,
              46.973693454655916
            ],
            [
              21.680145263671875,
              46.96432220110901
            ],
            [
              21.67327880859375,
              46.95401192579361
            ],
            [
              21.65679931640625,
              46.95494930564661
            ],
            [
              21.6375732421875,
              46.930572093016316
            ],
            [
              21.59912109375,
              46.92963428624288
            ],
            [
              21.60736083984375,
              46.90243074674521
            ],
            [
              21.603240966796875,
              46.87051935427163
            ],
            [
              21.52633666992176,
              46.837649560937464
            ],
            [
              21.51947021484375,
              46.80569963924226
            ],
            [
              21.500244140625,
              46.7756117797763
            ],
            [
              21.4837646484375,
              46.77184961467733
            ],
            [
              21.493377685546875,
              46.75303484681343
            ],
            [
              21.5277099609375,
              46.73515473113437
            ],
            [
              21.487884521484375,
              46.68713141244413
            ],
            [
              21.474151611328125,
              46.693725378358955
            ],
            [
              21.434326171874886,
              46.69278343251575
            ],
            [
              21.438446044921875,
              46.67111414362431
            ],
            [
              21.454925537109375,
              46.66640227857272
            ],
            [
              21.434326171874886,
              46.64660795992221
            ],
            [
              21.4178466796875,
              46.64283679198892
            ],
            [
              21.40960693359375,
              46.62209066910115
            ],
            [
              21.372528076171875,
              46.639065361163226
            ],
            [
              21.325836181640625,
              46.63057868059483
            ],
            [
              21.301116943359375,
              46.592843997427416
            ],
            [
              21.3189697265625,
              46.58246235035155
            ],
            [
              21.29425048828125,
              46.54563867035857
            ],
            [
              21.27639770507801,
              46.54563867035857
            ],
            [
              21.26129150390625,
              46.5002829039397
            ],
            [
              21.2750244140625,
              46.477590820859966
            ],
            [
              21.295623779296875,
              46.475699386607516
            ],
            [
              21.314849853515625,
              46.45299704748289
            ],
            [
              21.290130615234375,
              46.41513877649199
            ],
            [
              21.298370361328125,
              46.40661704105617
            ],
            [
              21.224212646484375,
              46.41040464340645
            ],
            [
              21.20361328125,
              46.39146400155906
            ],
            [
              21.196746826171875,
              46.34597963322759
            ],
            [
              21.178894042968636,
              46.33270622444249
            ],
            [
              21.178894042968636,
              46.300457387911614
            ],
            [
              21.117095947265625,
              46.3023549043942
            ],
            [
              21.10198974609375,
              46.263442671779885
            ],
            [
              21.067657470703125,
              46.24824991289166
            ],
            [
              21.034698486328125,
              46.25204849722289
            ],
            [
              21.02645874023426,
              46.264392079453856
            ],
            [
              20.972900390625,
              46.26154380710643
            ],
            [
              20.949554443359375,
              46.26724020382508
            ],
            [
              20.9454345703125,
              46.275783689088
            ],
            [
              20.924835205078125,
              46.27483447871404
            ],
            [
              20.91522216796875,
              46.266290845476426
            ],
            [
              20.886383056640625,
              46.27863122156088
            ],
            [
              20.865783691406136,
              46.28717293114449
            ],
            [
              20.77651977539051,
              46.27388525189855
            ],
            [
              20.749053955078125,
              46.24824991289166
            ],
            [
              20.76416015625,
              46.20454728416395
            ],
            [
              20.7257080078125,
              46.20454728416395
            ],
            [
              20.7147216796875,
              46.162712212065664
            ],
            [
              20.69000244140625,
              46.14749156542368
            ],
            [
              20.65017700195301,
              46.150345757336574
            ],
            [
              20.636444091796875,
              46.12274903582433
            ],
            [
              20.5389404296875,
              46.181732100439916
            ],
            [
              20.501010798835495,
              46.189862211620984
            ],
            [
              20.493772495270164,
              46.170733433047396
            ],
            [
              20.459363277243483,
              46.14291994025914
            ],
            [
              20.44540918770008,
              46.14176882447674
            ],
            [
              20.3972024782355,
              46.15692977985313
            ],
            [
              20.39473028994263,
              46.15227415885477
            ],
            [
              20.37832429936077,
              46.15823584439191
            ],
            [
              20.368154746916673,
              46.15326823854588
            ],
            [
              20.354984083060344,
              46.16939355287393
            ],
            [
              20.31287677946932,
              46.15018710565933
            ],
            [
              20.30935203166092,
              46.15634176010867
            ],
            [
              20.29572587092133,
              46.15171355590455
            ],
            [
              20.272876067741393,
              46.13305173083097
            ],
            [
              20.270333147184346,
              46.12731743618395
            ],
            [
              20.267222,
              46.117222
            ],
            [
              20.255494253259712,
              46.115975210290735
            ],
            [
              20.249456005213766,
              46.11946393645745
            ],
            [
              20.252161649400747,
              46.12555015684164
            ],
            [
              20.24841266971933,
              46.12954572428678
            ],
            [
              20.233024789046908,
              46.1240073462464
            ],
            [
              20.228819403773088,
              46.12944805220748
            ],
            [
              20.210415710322252,
              46.13580409119405
            ],
            [
              20.208446175257905,
              46.14385751728555
            ],
            [
              20.183278145854274,
              46.15928327578529
            ],
            [
              20.14031760088571,
              46.14293386602744
            ],
            [
              20.103607177734375,
              46.164614496897094
            ],
            [
              20.105399126053698,
              46.175734152337085
            ],
            [
              20.09674072265625,
              46.17792864897331
            ],
            [
              20.06546319592772,
              46.146554041462075
            ],
            [
              20.03631591796875,
              46.145588688591964
            ],
            [
              20.018463134765625,
              46.175075887712296
            ],
            [
              19.936065673828125,
              46.175075887712296
            ],
            [
              19.85504150390625,
              46.148442979172565
            ],
            [
              19.817962646484375,
              46.13036330589106
            ],
            [
              19.77401733398426,
              46.144637225509136
            ],
            [
              19.746551513671875,
              46.151297121751725
            ],
            [
              19.730072021484375,
              46.17032095673059
            ],
            [
              19.7149658203125,
              46.17317396465173
            ],
            [
              19.6929931640625,
              46.18743678432541
            ],
            [
              19.683380126953125,
              46.181732100439916
            ],
            [
              19.658660888671875,
              46.18743678432541
            ],
            [
              19.636688232421875,
              46.17127197581503
            ],
            [
              19.565277099609375,
              46.176977744996904
            ],
            [
              19.52682495117176,
              46.148442979172565
            ],
            [
              19.51446533203125,
              46.148442979172565
            ],
            [
              19.504852294921875,
              46.14178273759234
            ],
            [
              19.52682495117176,
              46.119893413204245
            ],
            [
              19.46640014648426,
              46.095138483907725
            ],
            [
              19.46640014648426,
              46.081804301792545
            ],
            [
              19.416961669921875,
              46.048454743854876
            ],
            [
              19.38262939453125,
              46.038922598236
            ],
            [
              19.36065673828125,
              46.049407867959005
            ],
            [
              19.285125732421875,
              46.01508503858
            ],
            [
              19.301304936917035,
              45.988636257955704
            ],
            [
              19.284549140150034,
              45.99660839540386
            ],
            [
              19.200935857082392,
              45.99790024937904
            ],
            [
              19.203883758291013,
              45.99213282557196
            ],
            [
              19.148057672789236,
              45.996285526891285
            ],
            [
              19.133941709909152,
              46.036545208089436
            ],
            [
              19.104112360289207,
              46.03962178469274
            ],
            [
              19.065260138785987,
              46.00022173347971
            ],
            [
              19.079026472442678,
              45.963484475497104
            ],
            [
              19.006373096102948,
              45.96276483220891
            ],
            [
              18.99718672951147,
              45.94605811762367
            ],
            [
              19.007611099653985,
              45.92368840808385
            ],
            [
              18.992682389826058,
              45.92389694472633
            ],
            [
              18.98608207382466,
              45.93196199517861
            ],
            [
              18.960521822682352,
              45.92647778127325
            ],
            [
              18.906215739671268,
              45.93507718432427
            ],
            [
              18.89,
              45.920833
            ],
            [
              18.87507190545122,
              45.915812295379666
            ],
            [
              18.86415455772047,
              45.920420545113075
            ],
            [
              18.866983700139862,
              45.91118388509112
            ],
            [
              18.828898574398394,
              45.90436556692823
            ],
            [
              18.821600926810078,
              45.91420413266544
            ],
            [
              18.80584716796875,
              45.88140472759939
            ],
            [
              18.7042236328125,
              45.91485503041033
            ],
            [
              18.661651611328125,
              45.91867663909007
            ],
            [
              18.66302490234375,
              45.90338862522072
            ],
            [
              18.642425537109375,
              45.891919851282076
            ],
            [
              18.65478515625,
              45.87375611471934
            ],
            [
              18.63418579101562,
              45.87375611471934
            ],
            [
              18.621826171875,
              45.843151135002806
            ],
            [
              18.54217529296875,
              45.78859428734741
            ],
            [
              18.491363525390625,
              45.79146703293602
            ],
            [
              18.455657958984375,
              45.766564985445
            ],
            [
              18.447418212890625,
              45.7387765043515
            ],
            [
              18.369140624999996,
              45.767522962149876
            ],
            [
              18.33343505859375,
              45.75123512069343
            ],
            [
              18.255157470703125,
              45.75985868785574
            ],
            [
              18.235931396484375,
              45.778059620080064
            ],
            [
              18.13018798828125,
              45.79242458189578
            ],
            [
              18.09173583984375,
              45.77135470445038
            ],
            [
              17.99835205078125,
              45.79338211440398
            ],
            [
              17.91046142578125,
              45.79721207992186
            ],
            [
              17.86102294921875,
              45.763690956618674
            ],
            [
              17.830810546875,
              45.80487122128867
            ],
            [
              17.749786376953125,
              45.825928431131345
            ],
            [
              17.6605224609375,
              45.836932440121316
            ],
            [
              17.63031005859375,
              45.894787266838584
            ],
            [
              17.565078735351562,
              45.93778073466329
            ],
            [
              17.464141845703125,
              45.94542053059529
            ],
            [
              17.433929443359375,
              45.94637543106672
            ],
            [
              17.42568969726562,
              45.92631906688105
            ],
            [
              17.414703369140625,
              45.940168283978565
            ],
            [
              17.396163940429688,
              45.933482886823676
            ],
            [
              17.381057739257812,
              45.94685287513411
            ],
            [
              17.35015869140625,
              45.94303320745295
            ],
            [
              17.341232299804688,
              45.96021963947196
            ],
            [
              17.357711791992188,
              45.95449142095327
            ],
            [
              17.390670776367184,
              45.96403812284582
            ],
            [
              17.3638916015625,
              45.965469986260864
            ],
            [
              17.376937866210938,
              45.97024259702345
            ],
            [
              17.365951538085938,
              45.991714256768006
            ],
            [
              17.356338500976562,
              45.97406038956237
            ],
            [
              17.334365844726562,
              45.99696161820381
            ],
            [
              17.335052490234375,
              45.9688108569718
            ],
            [
              17.315139770507812,
              45.966901812666784
            ],
            [
              17.317886352539062,
              45.98932892799953
            ],
            [
              17.295913696289062,
              45.98789768139442
            ],
            [
              17.301406860351562,
              46.001254543846926
            ],
            [
              17.260208129882812,
              46.01174695991616
            ],
            [
              17.294540405273438,
              46.02891207522667
            ],
            [
              17.260208129882812,
              46.03177240968806
            ],
            [
              17.258834838867188,
              46.044642082970135
            ],
            [
              17.268447875976562,
              46.056079276178885
            ],
            [
              17.23274230957031,
              46.057985244793024
            ],
            [
              17.230682373046875,
              46.065132041186985
            ],
            [
              17.245101928710938,
              46.061320531569244
            ],
            [
              17.254714965820312,
              46.066561289451926
            ],
            [
              17.243728637695312,
              46.065132041186985
            ],
            [
              17.237548828125,
              46.07323062540835
            ],
            [
              17.22930908203125,
              46.081328021385964
            ],
            [
              17.203216552734375,
              46.074659663982324
            ],
            [
              17.203903198242188,
              46.081804301792545
            ],
            [
              17.221069335937496,
              46.08894801450992
            ],
            [
              17.234802246093746,
              46.10085214663405
            ],
            [
              17.211456298828125,
              46.09942378645679
            ],
            [
              17.214889526367188,
              46.11322971817248
            ],
            [
              17.211456298828125,
              46.107993392479976
            ],
            [
              17.202529907226562,
              46.11084963180091
            ],
            [
              17.191543579101562,
              46.10846944264524
            ],
            [
              17.177810668945312,
              46.10942153064161
            ],
            [
              17.181930541992188,
              46.11798958256461
            ],
            [
              17.1771240234375,
              46.12941157969048
            ],
            [
              17.183990478515625,
              46.1322667089571
            ],
            [
              17.17987060546875,
              46.1408312087306
            ],
            [
              17.178497314453125,
              46.150345757336574
            ],
            [
              17.15789794921875,
              46.15748058961549
            ],
            [
              17.157211303710938,
              46.16889439727124
            ],
            [
              17.140045166015625,
              46.17174747919073
            ],
            [
              17.128372192382812,
              46.16889439727124
            ],
            [
              17.120819091796875,
              46.17792864897331
            ],
            [
              17.114639282226562,
              46.176977744996904
            ],
            [
              17.10296630859375,
              46.18458451637958
            ],
            [
              17.094039916992188,
              46.18743678432541
            ],
            [
              17.085113525390625,
              46.187912147928145
            ],
            [
              17.071380615234375,
              46.19266555785523
            ],
            [
              17.065887451171875,
              46.20074541128312
            ],
            [
              17.054214477539062,
              46.20217114444467
            ],
            [
              17.00408935546875,
              46.222127524002886
            ],
            [
              16.989669799804688,
              46.22260258751594
            ],
            [
              16.975250244140625,
              46.225927917007525
            ],
            [
              16.973190307617188,
              46.24160175728607
            ],
            [
              16.95602416992187,
              46.2397021362749
            ],
            [
              16.9244384765625,
              46.26059435010689
            ],
            [
              16.918258666992188,
              46.26154380710643
            ],
            [
              16.906585693359375,
              46.272936008641494
            ],
            [
              16.886672973632812,
              46.28052949433555
            ],
            [
              16.879119873046875,
              46.30520105581194
            ],
            [
              16.876373291015625,
              46.32180065671089
            ],
            [
              16.881179809570312,
              46.336498955749924
            ],
            [
              16.871566772460938,
              46.33886927924262
            ],
            [
              16.875,
              46.34313560260196
            ],
            [
              16.861953735351562,
              46.348349545726215
            ],
            [
              16.865386962890625,
              46.3530890624813
            ],
            [
              16.855087280273438,
              46.35356299155248
            ],
            [
              16.851654052734375,
              46.36114529775181
            ],
            [
              16.838607788085938,
              46.36493605630856
            ],
            [
              16.833114624023438,
              46.37251678434442
            ],
            [
              16.827621459960938,
              46.36730514683829
            ],
            [
              16.821441650390625,
              46.37204301966532
            ],
            [
              16.818008422851562,
              46.37156925087649
            ],
            [
              16.807022094726562,
              46.37772792457245
            ],
            [
              16.802902221679688,
              46.3838859037291
            ],
            [
              16.78848266601562,
              46.38672781370433
            ],
            [
              16.775436401367188,
              46.379622761364125
            ],
            [
              16.7706298828125,
              46.3862541723159
            ],
            [
              16.760330200195312,
              46.379622761364125
            ],
            [
              16.752777099609375,
              46.38909595900196
            ],
            [
              16.741104125976562,
              46.38720145098313
            ],
            [
              16.738357543945312,
              46.39809397414284
            ],
            [
              16.728744506835938,
              46.4023556740354
            ],
            [
              16.71844482421875,
              46.39146400155906
            ],
            [
              16.706085205078125,
              46.402829175697995
            ],
            [
              16.6717529296875,
              46.44873930490745
            ],
            [
              16.658706665039062,
              46.44731998341687
            ],
            [
              16.666946411132812,
              46.455362316203846
            ],
            [
              16.659393310546875,
              46.45961954102543
            ],
            [
              16.636734008789062,
              46.46576827816456
            ],
            [
              16.629867553710938,
              46.462457505996056
            ],
            [
              16.625189235075766,
              46.46823722413006
            ],
            [
              16.619009425505453,
              46.46535950217538
            ],
            [
              16.612213012039263,
              46.46982399144435
            ],
            [
              16.605491638183594,
              46.47546295270333
            ],
            [
              16.5838623046875,
              46.47782724551892
            ],
            [
              16.57390594482422,
              46.48255552297668
            ],
            [
              16.566111,
              46.483611
            ],
            [
              16.534767150878906,
              46.5002829039397
            ],
            [
              16.523780822753906,
              46.50571814310074
            ],
            [
              16.52618408203125,
              46.50878999443673
            ],
            [
              16.529617309570312,
              46.50855370434326
            ],
            [
              16.53305053710926,
              46.514460648524775
            ],
            [
              16.524810791015625,
              46.51587821960058
            ],
            [
              16.53167724609375,
              46.53146906088904
            ],
            [
              16.51897430419922,
              46.53737351420491
            ],
            [
              16.518630981445312,
              46.552958186495715
            ],
            [
              16.50867462158203,
              46.564761777806275
            ],
            [
              16.491851806640625,
              46.5640536347374
            ],
            [
              16.481895446777344,
              46.56641407568593
            ],
            [
              16.482925415039062,
              46.5782147398224
            ],
            [
              16.443786621093636,
              46.61171462536894
            ],
            [
              16.4252471923827,
              46.61548796222358
            ],
            [
              16.3916015625,
              46.63765100682623
            ],
            [
              16.384735107421875,
              46.65273554711876
            ],
            [
              16.39434814453125,
              46.663103728640706
            ],
            [
              16.419754028320312,
              46.6588624401289
            ],
            [
              16.425933837890625,
              46.69419634511967
            ],
            [
              16.385421752929688,
              46.69843486113957
            ],
            [
              16.373062133789062,
              46.703614817813545
            ],
            [
              16.381301879882812,
              46.713973240259
            ],
            [
              16.36962890625,
              46.721976114280686
            ],
            [
              16.358642578125,
              46.71538559839362
            ],
            [
              16.34353637695301,
              46.73844888224751
            ],
            [
              16.32293701171875,
              46.755387052132136
            ],
            [
              16.330490112304574,
              46.77749276376827
            ],
            [
              16.312637329101562,
              46.77749276376827
            ],
            [
              16.315383911132812,
              46.79911935722295
            ],
            [
              16.3421630859375,
              46.803819640791566
            ],
            [
              16.35040283203125,
              46.83483121393447
            ],
            [
              16.335983276367188,
              46.84610371505515
            ],
            [
              16.285171508789062,
              46.87239702052007
            ],
            [
              16.230926513671875,
              46.874274621077795
            ],
            [
              16.173248291015625,
              46.86019101567027
            ],
            [
              16.138916015625,
              46.854556538855746
            ],
            [
              16.113889,
              46.869167
            ]
          ]
        ]
      }
    },
    {
      "type": "Feature",
      "properties": {
        "name": "BUDAPEST TMA1",
        "category": "tma",
        "lower": "9500 FT ALT",
        "upper": "FL195",
        "class": "C"
      },
      "geometry": {
        "type": "Polygon",
        "coordinates": [
          [
            [
              18.295556,
              47.336389
            ],
            [
              18.37,
              47.038889
            ],
            [
              19.008611,
              46.893611
            ],
            [
              18.905833,
              46.957222
            ],
            [
              18.745833,
              47.056667
            ],
            [
              18.295556,
              47.336389
            ]
          ]
        ]
      }
    },
    {
      "type": "Feature",
      "properties": {
        "name": "BUDAPEST TMA2/B",
        "category": "tma",
        "lower": "5500 FT ALT",
        "upper": "FL195",
        "class": "C"
      },
      "geometry": {
        "type": "Polygon",
        "coordinates": [
          [
            [
              18.9775,
              47.228333
            ],
            [
              18.745833,
              47.056667
            ],
            [
              18.905833,
              46.957222
            ],
            [
              19.008611,
              46.893611
            ],
            [
              19.396944,
              46.805278
            ],
            [
              19.86,
              46.88
            ],
            [
              20.231389,
              47.153611
            ],
            [
              20.231944,
              47.258056
            ],
            [
              20.232778,
              47.533333
            ],
            [
              19.994444,
              47.681111
            ],
            [
              19.774444,
              47.818333
            ],
            [
              19.537222,
              47.643056
            ],
            [
              20.050556,
              47.324167
            ],
            [
              19.492778,
              46.911389
            ],
            [
              19.2475,
              47.0625
            ],
            [
              18.9775,
              47.228333
            ]
          ]
        ]
      }
    },
    {
      "type": "Feature",
      "properties": {
        "name": "BUDAPEST TMA3",
        "category": "tma",
        "lower": "3500 FT ALT",
        "upper": "FL195",
        "class": "C"
      },
      "geometry": {
        "type": "Polygon",
        "coordinates": [
          [
            [
              18.936944,
              47.821944
            ],
            [
              18.657778,
              47.614722
            ],
            [
              18.657778,
              47.541944
            ],
            [
              18.657778,
              47.425278
            ],
            [
              18.694444,
              47.4025
            ],
            [
              18.773056,
              47.354167
            ],
            [
              18.841389,
              47.312222
            ],
            [
              18.9775,
              47.228333
            ],
            [
              19.117778,
              47.332222
            ],
            [
              19.020833,
              47.405
            ],
            [
              18.994444,
              47.423611
            ],
            [
              19.008056,
              47.469722
            ],
            [
              19.015,
              47.4925
            ],
            [
              18.9975,
              47.515833
            ],
            [
              18.917222,
              47.565278
            ],
            [
              18.8625,
              47.598889
            ],
            [
              18.980556,
              47.686389
            ],
            [
              19.054444,
              47.640833
            ],
            [
              19.084167,
              47.6225
            ],
            [
              19.102778,
              47.611111
            ],
            [
              19.175,
              47.6
            ],
            [
              19.335556,
              47.5775
            ],
            [
              19.397222,
              47.539167
            ],
            [
              19.537222,
              47.643056
            ],
            [
              19.531111,
              47.646944
            ],
            [
              19.255,
              47.818611
            ],
            [
              19.075556,
              47.820556
            ],
            [
              18.936944,
              47.821944
            ]
          ]
        ]
      }
    },
    {
      "type": "Feature",
      "properties": {
        "name": "BUDAPEST TMA4",
        "category": "tma",
        "lower": "2500 FT ALT",
        "upper": "FL195",
        "class": "C"
      },
      "geometry": {
        "type": "Polygon",
        "coordinates": [
          [
            [
              18.980556,
              47.686389
            ],
            [
              18.8625,
              47.598889
            ],
            [
              18.917222,
              47.565278
            ],
            [
              18.9975,
              47.515833
            ],
            [
              19.084167,
              47.6225
            ],
            [
              19.054444,
              47.640833
            ],
            [
              18.980556,
              47.686389
            ]
          ]
        ]
      }
    },
    {
      "type": "Feature",
      "properties": {
        "name": "BUDAPEST TMA5",
        "category": "tma",
        "lower": "2000 FT ALT",
        "upper": "FL195",
        "class": "C"
      },
      "geometry": {
        "type": "Polygon",
        "coordinates": [
          [
            [
              19.084167,
              47.6225
            ],
            [
              18.9975,
              47.515833
            ],
            [
              19.015,
              47.4925
            ],
            [
              19.008056,
              47.469722
            ],
            [
              18.994444,
              47.423611
            ],
            [
              19.020833,
              47.405
            ],
            [
              19.117778,
              47.332222
            ],
            [
              19.388611,
              47.165278
            ],
            [
              19.666667,
              47.371667
            ],
            [
              19.397222,
              47.539167
            ],
            [
              19.335556,
              47.5775
            ],
            [
              19.175,
              47.6
            ],
            [
              19.102778,
              47.611111
            ],
            [
              19.084167,
              47.6225
            ]
          ]
        ]
      }
    },
    {
      "type": "Feature",
      "properties": {
        "name": "BUDAPEST TMA6",
        "category": "tma",
        "lower": "2500 FT ALT",
        "upper": "FL195",
        "class": "C"
      },
      "geometry": {
        "type": "Polygon",
        "coordinates": [
          [
            [
              19.537222,
              47.643056
            ],
            [
              19.397222,
              47.539167
            ],
            [
              19.666667,
              47.371667
            ],
            [
              19.388611,
              47.165278
            ],
            [
              19.117778,
              47.332222
            ],
            [
              18.9775,
              47.228333
            ],
            [
              19.2475,
              47.0625
            ],
            [
              19.492778,
              46.911389
            ],
            [
              20.050556,
              47.324167
            ],
            [
              19.537222,
              47.643056
            ]
          ]
        ]
      }
    },
    {
      "type": "Feature",
      "properties": {
        "name": "BUDAPEST CTR",
        "category": "ctr",
        "lower": "GND",
        "upper": "3500 FT ALT",
        "class": "D"
      },
      "geometry": {
        "type": "Polygon",
        "coordinates": [
          [
            [
              19.089722,
              47.596111
            ],
            [
              19.148889,
              47.5825
            ],
            [
              19.325,
              47.541667
            ],
            [
              19.566667,
              47.4
            ],
            [
              19.546389,
              47.385278
            ],
            [
              19.396389,
              47.275556
            ],
            [
              19.360556,
              47.249167
            ],
            [
              19.111667,
              47.402778
            ],
            [
              19.105278,
              47.436944
            ],
            [
              19.06,
              47.494722
            ],
            [
              19.056944,
              47.506111
            ],
            [
              19.055833,
              47.510556
            ],
            [
              19.089722,
              47.596111
            ]
          ]
        ]
      }
    },
    {
      "type": "Feature",
      "properties": {
        "name": "BUDAPEST TMA2/A",
        "category": "tma",
        "lower": "5500 FT ALT",
        "upper": "FL195",
        "class": "C",
        "note": "Includes HU-SK border arc from 480519N/0192017E to 474419N/0181530E.",
        "border_match_quality_deg": 0.0348
      },
      "geometry": {
        "type": "Polygon",
        "coordinates": [
          [
            [
              18.258333,
              47.738611
            ],
            [
              18.258611,
              47.483333
            ],
            [
              18.278333,
              47.405833
            ],
            [
              18.285833,
              47.375556
            ],
            [
              18.295556,
              47.336389
            ],
            [
              18.745833,
              47.056667
            ],
            [
              18.9775,
              47.228333
            ],
            [
              18.841389,
              47.312222
            ],
            [
              18.773056,
              47.354167
            ],
            [
              18.694444,
              47.4025
            ],
            [
              18.657778,
              47.425278
            ],
            [
              18.657778,
              47.541944
            ],
            [
              18.657778,
              47.614722
            ],
            [
              18.936944,
              47.821944
            ],
            [
              19.075556,
              47.820556
            ],
            [
              19.255,
              47.818611
            ],
            [
              19.531111,
              47.646944
            ],
            [
              19.537222,
              47.643056
            ],
            [
              19.774444,
              47.818333
            ],
            [
              19.568889,
              47.945556
            ],
            [
              19.338056,
              48.088611
            ],
            [
              19.259033203125,
              48.0771614158644
            ],
            [
              19.246673583984375,
              48.053299953804434
            ],
            [
              19.2205810546875,
              48.06247874831347
            ],
            [
              19.136810302734375,
              48.07257353224749
            ],
            [
              19.124450683593636,
              48.066149807925314
            ],
            [
              19.09011840820301,
              48.06982060571869
            ],
            [
              19.061279296874886,
              48.057889555610984
            ],
            [
              19.00909423828125,
              48.0762438718672
            ],
            [
              18.984375,
              48.05513584361998
            ],
            [
              18.889617919921875,
              48.057889555610984
            ],
            [
              18.8800048828125,
              48.05146399853115
            ],
            [
              18.84567260742176,
              48.049627977799595
            ],
            [
              18.820953369140625,
              48.04044689225304
            ],
            [
              18.829193115234375,
              48.011975126709956
            ],
            [
              18.811340332031136,
              47.989921667414194
            ],
            [
              18.771514892578125,
              47.98440682947526
            ],
            [
              18.752288818359375,
              47.97613346768237
            ],
            [
              18.77288818359375,
              47.958663127446556
            ],
            [
              18.77288818359375,
              47.94026691125948
            ],
            [
              18.757781982421875,
              47.91910316704857
            ],
            [
              18.763275146484375,
              47.8730651468353
            ],
            [
              18.81683349609375,
              47.854638476529935
            ],
            [
              18.8250732421875,
              47.84081417507446
            ],
            [
              18.85528564453125,
              47.82883013320963
            ],
            [
              18.8525390625,
              47.818687628247105
            ],
            [
              18.793487548828125,
              47.82237604116143
            ],
            [
              18.741302490234375,
              47.81315451752768
            ],
            [
              18.72894287109375,
              47.79009354271755
            ],
            [
              18.642425537109375,
              47.758714187846294
            ],
            [
              18.54766845703125,
              47.76517619125415
            ],
            [
              18.498229980468636,
              47.75132805819867
            ],
            [
              18.458404541015625,
              47.76517619125415
            ],
            [
              18.30596923828125,
              47.73193447949174
            ],
            [
              18.22357177734375,
              47.74024689788072
            ],
            [
              18.258333,
              47.738611
            ]
          ]
        ]
      }
    },
    {
      "type": "Feature",
      "properties": {
        "name": "BUDAPEST TMA7",
        "category": "tma",
        "lower": "9500 FT ALT",
        "upper": "FL195",
        "class": "C",
        "note": "Includes HU-SK border arc from 481029N/0200325E to 480519N/0192017E.",
        "border_match_quality_deg": 0.0282
      },
      "geometry": {
        "type": "Polygon",
        "coordinates": [
          [
            [
              19.338056,
              48.088611
            ],
            [
              19.568889,
              47.945556
            ],
            [
              19.774444,
              47.818333
            ],
            [
              19.994444,
              47.681111
            ],
            [
              20.232778,
              47.533333
            ],
            [
              20.233056,
              48.101389
            ],
            [
              20.056944,
              48.174722
            ],
            [
              20.05331039428711,
              48.169405626211876
            ],
            [
              20.051422119140625,
              48.16745932392312
            ],
            [
              20.044384002685547,
              48.167115851145844
            ],
            [
              20.043869018554688,
              48.1707794421798
            ],
            [
              20.044212341308594,
              48.17261113955378
            ],
            [
              20.040950775146484,
              48.17455724632397
            ],
            [
              20.03408432006836,
              48.174900669263145
            ],
            [
              20.028934478759766,
              48.17741903386739
            ],
            [
              20.016403198242188,
              48.17593092427964
            ],
            [
              20.01623153686512,
              48.17409934549364
            ],
            [
              20.012454986572266,
              48.17215322134416
            ],
            [
              20.00335693359375,
              48.172038741152825
            ],
            [
              20.001983642578125,
              48.1705504754076
            ],
            [
              19.999065399169922,
              48.16974908365419
            ],
            [
              19.998207092285156,
              48.16871870442653
            ],
            [
              19.991168975830078,
              48.168260751458
            ],
            [
              19.98859405517578,
              48.16196348345478
            ],
            [
              19.984645843505746,
              48.16242149265211
            ],
            [
              19.981212615966797,
              48.16562744253031
            ],
            [
              19.974174499511605,
              48.16608541901253
            ],
            [
              19.963016510009766,
              48.152344345643336
            ],
            [
              19.951000213623047,
              48.15119909005971
            ],
            [
              19.95014190673828,
              48.14650327493638
            ],
            [
              19.93709564208973,
              48.13745402934834
            ],
            [
              19.93795394897461,
              48.13172583437477
            ],
            [
              19.910659790039062,
              48.12851776605501
            ],
            [
              19.89898681640625,
              48.123934463666366
            ],
            [
              19.90310668945301,
              48.1358501991708
            ],
            [
              19.909286499023438,
              48.13814136980191
            ],
            [
              19.91546630859375,
              48.146846885734256
            ],
            [
              19.90997314453125,
              48.15051192444076
            ],
            [
              19.897613525390625,
              48.167001359708934
            ],
            [
              19.885940551757812,
              48.1642534885474
            ],
            [
              19.879074096679688,
              48.169291139886596
            ],
            [
              19.859161376953125,
              48.17112289042123
            ],
            [
              19.852294921875,
              48.177533502046636
            ],
            [
              19.844741821289062,
              48.16242149265211
            ],
            [
              19.828948974609375,
              48.16242149265211
            ],
            [
              19.828262329101562,
              48.1683752400835
            ],
            [
              19.814529418945312,
              48.16608541901253
            ],
            [
              19.805603027343636,
              48.154176701412744
            ],
            [
              19.790496826171875,
              48.156925112380684
            ],
            [
              19.785690307617188,
              48.167001359708934
            ],
            [
              19.78981018066395,
              48.17432829641993
            ],
            [
              19.806976318359375,
              48.184401125107684
            ],
            [
              19.80010986328125,
              48.194929693555245
            ],
            [
              19.78981018066395,
              48.193556524687395
            ],
            [
              19.78912353515625,
              48.19584511902266
            ],
            [
              19.778823852539062,
              48.20087966673985
            ],
            [
              19.764404296875,
              48.209574538403075
            ],
            [
              19.756851196289062,
              48.21415019378771
            ],
            [
              19.73487854003895,
              48.21506527580137
            ],
            [
              19.725265502929688,
              48.20408321223749
            ],
            [
              19.7149658203125,
              48.201794985897344
            ],
            [
              19.694366455078125,
              48.203167933967755
            ],
            [
              19.677200317382812,
              48.21735290928554
            ],
            [
              19.666900634765625,
              48.24022362254108
            ],
            [
              19.65042114257801,
              48.23747967660676
            ],
            [
              19.631195068359375,
              48.24845457730629
            ],
            [
              19.6160888671875,
              48.242052838067174
            ],
            [
              19.5721435546875,
              48.21643786815753
            ],
            [
              19.5391845703125,
              48.20820176205911
            ],
            [
              19.5281982421875,
              48.204540845239244
            ],
            [
              19.5281982421875,
              48.189894561126884
            ],
            [
              19.50897216796875,
              48.177991372208
            ],
            [
              19.51171875,
              48.15326053170717
            ],
            [
              19.496612548828125,
              48.14226521928136
            ],
            [
              19.4842529296875,
              48.10101181655198
            ],
            [
              19.46365356445301,
              48.08174889040687
            ],
            [
              19.45404052734375,
              48.098260411732674
            ],
            [
              19.441680908203125,
              48.09917756303404
            ],
            [
              19.40185546875,
              48.08450117877953
            ],
            [
              19.386749267578125,
              48.09000531373827
            ],
            [
              19.309844970703125,
              48.08817066753472
            ],
            [
              19.338056,
              48.088611
            ]
          ]
        ]
      }
    },
    {
      "type": "Feature",
      "properties": {
        "name": "KECSKEMET MTMA1/A",
        "category": "mtma",
        "lower": "2000 FT ALT",
        "upper": "7500 FT ALT"
      },
      "geometry": {
        "type": "Polygon",
        "coordinates": [
          [
            [
              20.017222,
              47.046389
            ],
            [
              19.868889,
              47.051111
            ],
            [
              19.498333,
              47.061667
            ],
            [
              19.275,
              47.0675
            ],
            [
              19.498333,
              46.827222
            ],
            [
              20.241389,
              46.606111
            ],
            [
              20.47,
              46.861667
            ],
            [
              20.284167,
              46.9
            ],
            [
              20.124444,
              46.933056
            ],
            [
              20.025833,
              46.978611
            ],
            [
              20.017222,
              47.046389
            ]
          ]
        ]
      }
    },
    {
      "type": "Feature",
      "properties": {
        "name": "KECSKEMET MTMA1/B",
        "category": "mtma",
        "lower": "7500 FT ALT",
        "upper": "FL125"
      },
      "geometry": {
        "type": "Polygon",
        "coordinates": [
          [
            [
              20.017222,
              47.046389
            ],
            [
              19.868889,
              47.051111
            ],
            [
              19.498333,
              47.061667
            ],
            [
              19.275,
              47.0675
            ],
            [
              19.498333,
              46.827222
            ],
            [
              20.241389,
              46.606111
            ],
            [
              20.47,
              46.861667
            ],
            [
              20.284167,
              46.9
            ],
            [
              20.124444,
              46.933056
            ],
            [
              20.025833,
              46.978611
            ],
            [
              20.017222,
              47.046389
            ]
          ]
        ]
      }
    },
    {
      "type": "Feature",
      "properties": {
        "name": "KECSKEMET MTMA2/A",
        "category": "mtma",
        "lower": "4000 FT ALT",
        "upper": "7500 FT ALT"
      },
      "geometry": {
        "type": "Polygon",
        "coordinates": [
          [
            [
              19.498333,
              46.827222
            ],
            [
              19.370278,
              46.665833
            ],
            [
              19.849444,
              46.604167
            ],
            [
              20.393056,
              46.534167
            ],
            [
              20.627778,
              46.828611
            ],
            [
              20.47,
              46.861667
            ],
            [
              20.241389,
              46.606111
            ],
            [
              19.498333,
              46.827222
            ]
          ]
        ]
      }
    },
    {
      "type": "Feature",
      "properties": {
        "name": "KECSKEMET MTMA2/B",
        "category": "mtma",
        "lower": "7500 FT ALT",
        "upper": "FL125"
      },
      "geometry": {
        "type": "Polygon",
        "coordinates": [
          [
            [
              19.498333,
              46.827222
            ],
            [
              19.370278,
              46.665833
            ],
            [
              19.849444,
              46.604167
            ],
            [
              20.393056,
              46.534167
            ],
            [
              20.627778,
              46.828611
            ],
            [
              20.47,
              46.861667
            ],
            [
              20.241389,
              46.606111
            ],
            [
              19.498333,
              46.827222
            ]
          ]
        ]
      }
    },
    {
      "type": "Feature",
      "properties": {
        "name": "KECSKEMET MTMA3/A",
        "category": "mtma",
        "lower": "4000 FT ALT",
        "upper": "7500 FT ALT"
      },
      "geometry": {
        "type": "Polygon",
        "coordinates": [
          [
            [
              19.275,
              47.0675
            ],
            [
              19.198611,
              47.017778
            ],
            [
              19.008611,
              46.893611
            ],
            [
              19.370278,
              46.665833
            ],
            [
              19.498333,
              46.827222
            ],
            [
              19.275,
              47.0675
            ]
          ]
        ]
      }
    },
    {
      "type": "Feature",
      "properties": {
        "name": "KECSKEMET MTMA3/B",
        "category": "mtma",
        "lower": "7500 FT ALT",
        "upper": "FL125"
      },
      "geometry": {
        "type": "Polygon",
        "coordinates": [
          [
            [
              19.275,
              47.0675
            ],
            [
              19.198611,
              47.017778
            ],
            [
              19.008611,
              46.893611
            ],
            [
              19.370278,
              46.665833
            ],
            [
              19.498333,
              46.827222
            ],
            [
              19.275,
              47.0675
            ]
          ]
        ]
      }
    },
    {
      "type": "Feature",
      "properties": {
        "name": "KECSKEMET MTMA4/A",
        "category": "mtma",
        "lower": "2000 FT ALT",
        "upper": "7500 FT ALT"
      },
      "geometry": {
        "type": "Polygon",
        "coordinates": [
          [
            [
              19.763611,
              47.158056
            ],
            [
              19.275,
              47.0675
            ],
            [
              19.498333,
              47.061667
            ],
            [
              19.868889,
              47.051111
            ],
            [
              20.017222,
              47.046389
            ],
            [
              19.763611,
              47.158056
            ]
          ]
        ]
      }
    },
    {
      "type": "Feature",
      "properties": {
        "name": "KECSKEMET MTMA4/B",
        "category": "mtma",
        "lower": "7500 FT ALT",
        "upper": "FL125"
      },
      "geometry": {
        "type": "Polygon",
        "coordinates": [
          [
            [
              19.763611,
              47.158056
            ],
            [
              19.275,
              47.0675
            ],
            [
              19.498333,
              47.061667
            ],
            [
              19.868889,
              47.051111
            ],
            [
              20.017222,
              47.046389
            ],
            [
              19.763611,
              47.158056
            ]
          ]
        ]
      }
    },
    {
      "type": "Feature",
      "properties": {
        "name": "PAPA MTMA",
        "category": "mtma",
        "lower": "2000 FT ALT",
        "upper": "9500 FT ALT"
      },
      "geometry": {
        "type": "Polygon",
        "coordinates": [
          [
            [
              17.265,
              47.599722
            ],
            [
              17.598333,
              47.599722
            ],
            [
              17.698333,
              47.499722
            ],
            [
              17.8375,
              47.499722
            ],
            [
              17.983333,
              47.216389
            ],
            [
              17.444444,
              46.999722
            ],
            [
              17.281667,
              47.041389
            ],
            [
              17.051111,
              47.481667
            ],
            [
              17.265,
              47.599722
            ]
          ]
        ]
      }
    },
    {
      "type": "Feature",
      "properties": {
        "name": "SZOLNOK MTMA/A",
        "category": "mtma",
        "lower": "2000 FT ALT",
        "upper": "5500 FT ALT"
      },
      "geometry": {
        "type": "Polygon",
        "coordinates": [
          [
            [
              20.152778,
              47.37
            ],
            [
              19.998056,
              47.200833
            ],
            [
              20.017222,
              47.046389
            ],
            [
              20.025833,
              46.978611
            ],
            [
              20.124444,
              46.933056
            ],
            [
              20.284167,
              46.9
            ],
            [
              20.47,
              46.861667
            ],
            [
              20.627778,
              46.828611
            ],
            [
              20.758056,
              47.2125
            ],
            [
              20.491389,
              47.308056
            ],
            [
              20.295278,
              47.343889
            ],
            [
              20.152778,
              47.37
            ]
          ]
        ]
      }
    },
    {
      "type": "Feature",
      "properties": {
        "name": "SZOLNOK MTMA/B",
        "category": "mtma",
        "lower": "5500 FT ALT",
        "upper": "9500 FT ALT"
      },
      "geometry": {
        "type": "Polygon",
        "coordinates": [
          [
            [
              20.152778,
              47.37
            ],
            [
              19.998056,
              47.200833
            ],
            [
              20.017222,
              47.046389
            ],
            [
              20.025833,
              46.978611
            ],
            [
              20.124444,
              46.933056
            ],
            [
              20.284167,
              46.9
            ],
            [
              20.47,
              46.861667
            ],
            [
              20.627778,
              46.828611
            ],
            [
              20.758056,
              47.2125
            ],
            [
              20.491389,
              47.308056
            ],
            [
              20.295278,
              47.343889
            ],
            [
              20.152778,
              47.37
            ]
          ]
        ]
      }
    },
    {
      "type": "Feature",
      "properties": {
        "name": "KECSKEMET MCTR (polygon)",
        "category": "mctr",
        "lower": "0 FT",
        "upper": "4000 FT ALT"
      },
      "geometry": {
        "type": "Polygon",
        "coordinates": [
          [
            [
              19.498333,
              47.061667
            ],
            [
              19.868889,
              47.051111
            ],
            [
              20.124722,
              46.933056
            ],
            [
              19.981667,
              46.758056
            ],
            [
              19.616389,
              46.891389
            ],
            [
              19.498333,
              46.891389
            ],
            [
              19.498333,
              47.061667
            ]
          ]
        ]
      }
    },
    {
      "type": "Feature",
      "properties": {
        "name": "KECSKEMET MCTR (circle)",
        "category": "mctr",
        "lower": "0 FT",
        "upper": "4000 FT ALT"
      },
      "geometry": {
        "type": "Polygon",
        "coordinates": [
          [
            [
              19.750833,
              47.00771
            ],
            [
              19.76376,
              47.007276
            ],
            [
              19.776562,
              47.005979
            ],
            [
              19.789114,
              47.003831
            ],
            [
              19.801297,
              47.000853
            ],
            [
              19.812991,
              46.997074
            ],
            [
              19.824083,
              46.992531
            ],
            [
              19.834468,
              46.987266
            ],
            [
              19.844044,
              46.981332
            ],
            [
              19.852718,
              46.974785
            ],
            [
              19.860409,
              46.967689
            ],
            [
              19.867041,
              46.960113
            ],
            [
              19.872552,
              46.952129
            ],
            [
              19.876888,
              46.943815
            ],
            [
              19.880008,
              46.93525
            ],
            [
              19.881884,
              46.926518
            ],
            [
              19.882496,
              46.917703
            ],
            [
              19.881841,
              46.908888
            ],
            [
              19.879924,
              46.900161
            ],
            [
              19.876765,
              46.891603
            ],
            [
              19.872396,
              46.883298
            ],
            [
              19.866858,
              46.875326
            ],
            [
              19.860205,
              46.867762
            ],
            [
              19.852502,
              46.860681
            ],
            [
              19.843823,
              46.854149
            ],
            [
              19.834251,
              46.848229
            ],
            [
              19.823879,
              46.842979
            ],
            [
              19.812807,
              46.838448
            ],
            [
              19.80114,
              46.83468
            ],
            [
              19.788992,
              46.831712
            ],
            [
              19.776477,
              46.829571
            ],
            [
              19.763717,
              46.828278
            ],
            [
              19.750833,
              46.827846
            ],
            [
              19.737949,
              46.828278
            ],
            [
              19.725189,
              46.829571
            ],
            [
              19.712674,
              46.831712
            ],
            [
              19.700526,
              46.83468
            ],
            [
              19.688859,
              46.838448
            ],
            [
              19.677787,
              46.842979
            ],
            [
              19.667415,
              46.848229
            ],
            [
              19.657843,
              46.854149
            ],
            [
              19.649164,
              46.860681
            ],
            [
              19.641461,
              46.867762
            ],
            [
              19.634808,
              46.875326
            ],
            [
              19.62927,
              46.883298
            ],
            [
              19.624901,
              46.891603
            ],
            [
              19.621742,
              46.900161
            ],
            [
              19.619825,
              46.908888
            ],
            [
              19.61917,
              46.917703
            ],
            [
              19.619782,
              46.926518
            ],
            [
              19.621658,
              46.93525
            ],
            [
              19.624778,
              46.943815
            ],
            [
              19.629114,
              46.952129
            ],
            [
              19.634625,
              46.960113
            ],
            [
              19.641257,
              46.967689
            ],
            [
              19.648948,
              46.974785
            ],
            [
              19.657622,
              46.981332
            ],
            [
              19.667198,
              46.987266
            ],
            [
              19.677583,
              46.992531
            ],
            [
              19.688675,
              46.997074
            ],
            [
              19.700369,
              47.000853
            ],
            [
              19.712552,
              47.003831
            ],
            [
              19.725104,
              47.005979
            ],
            [
              19.737906,
              47.007276
            ],
            [
              19.750833,
              47.00771
            ]
          ]
        ]
      }
    },
    {
      "type": "Feature",
      "properties": {
        "name": "PAPA MCTR (polygon)",
        "category": "mctr",
        "lower": "0 FT",
        "upper": "4000 FT ALT"
      },
      "geometry": {
        "type": "Polygon",
        "coordinates": [
          [
            [
              17.481667,
              47.594167
            ],
            [
              17.715,
              47.174722
            ],
            [
              17.523333,
              47.127222
            ],
            [
              17.298333,
              47.549722
            ],
            [
              17.481667,
              47.594167
            ]
          ]
        ]
      }
    },
    {
      "type": "Feature",
      "properties": {
        "name": "PAPA MCTR (circle)",
        "category": "mctr",
        "lower": "0 FT",
        "upper": "4000 FT ALT"
      },
      "geometry": {
        "type": "Polygon",
        "coordinates": [
          [
            [
              17.500556,
              47.453821
            ],
            [
              17.513592,
              47.453387
            ],
            [
              17.526502,
              47.45209
            ],
            [
              17.539161,
              47.449942
            ],
            [
              17.551446,
              47.446964
            ],
            [
              17.563239,
              47.443185
            ],
            [
              17.574425,
              47.438641
            ],
            [
              17.584897,
              47.433377
            ],
            [
              17.594554,
              47.427442
            ],
            [
              17.603302,
              47.420895
            ],
            [
              17.611057,
              47.4138
            ],
            [
              17.617745,
              47.406223
            ],
            [
              17.623302,
              47.398239
            ],
            [
              17.627674,
              47.389925
            ],
            [
              17.630821,
              47.38136
            ],
            [
              17.632711,
              47.372628
            ],
            [
              17.633328,
              47.363812
            ],
            [
              17.632667,
              47.354998
            ],
            [
              17.630734,
              47.34627
            ],
            [
              17.627549,
              47.337713
            ],
            [
              17.623142,
              47.329408
            ],
            [
              17.617557,
              47.321436
            ],
            [
              17.610848,
              47.313872
            ],
            [
              17.60308,
              47.306791
            ],
            [
              17.594327,
              47.300259
            ],
            [
              17.584675,
              47.29434
            ],
            [
              17.574216,
              47.28909
            ],
            [
              17.563051,
              47.284559
            ],
            [
              17.551286,
              47.280791
            ],
            [
              17.539035,
              47.277823
            ],
            [
              17.526415,
              47.275682
            ],
            [
              17.513548,
              47.274389
            ],
            [
              17.500556,
              47.273957
            ],
            [
              17.487564,
              47.274389
            ],
            [
              17.474697,
              47.275682
            ],
            [
              17.462077,
              47.277823
            ],
            [
              17.449826,
              47.280791
            ],
            [
              17.438061,
              47.284559
            ],
            [
              17.426896,
              47.28909
            ],
            [
              17.416437,
              47.29434
            ],
            [
              17.406785,
              47.300259
            ],
            [
              17.398032,
              47.306791
            ],
            [
              17.390264,
              47.313872
            ],
            [
              17.383555,
              47.321436
            ],
            [
              17.37797,
              47.329408
            ],
            [
              17.373563,
              47.337713
            ],
            [
              17.370378,
              47.34627
            ],
            [
              17.368445,
              47.354998
            ],
            [
              17.367784,
              47.363812
            ],
            [
              17.368401,
              47.372628
            ],
            [
              17.370291,
              47.38136
            ],
            [
              17.373438,
              47.389925
            ],
            [
              17.37781,
              47.398239
            ],
            [
              17.383367,
              47.406223
            ],
            [
              17.390055,
              47.4138
            ],
            [
              17.39781,
              47.420895
            ],
            [
              17.406558,
              47.427442
            ],
            [
              17.416215,
              47.433377
            ],
            [
              17.426687,
              47.438641
            ],
            [
              17.437873,
              47.443185
            ],
            [
              17.449666,
              47.446964
            ],
            [
              17.461951,
              47.449942
            ],
            [
              17.47461,
              47.45209
            ],
            [
              17.48752,
              47.453387
            ],
            [
              17.500556,
              47.453821
            ]
          ]
        ]
      }
    },
    {
      "type": "Feature",
      "properties": {
        "name": "SZOLNOK MCTR",
        "category": "mctr",
        "lower": "0 FT",
        "upper": "4000 FT ALT"
      },
      "geometry": {
        "type": "Polygon",
        "coordinates": [
          [
            [
              20.295278,
              47.343889
            ],
            [
              20.025833,
              46.978611
            ],
            [
              20.124444,
              46.933056
            ],
            [
              20.284167,
              46.9
            ],
            [
              20.491389,
              47.308056
            ],
            [
              20.295278,
              47.343889
            ]
          ]
        ]
      }
    },
    {
      "type": "Feature",
      "properties": {
        "name": "DEBRECEN RMZ1/TMZ1",
        "category": "rmz",
        "lower": "GND",
        "upper": "2000 FT ALT",
        "class": "G"
      },
      "geometry": {
        "type": "Polygon",
        "coordinates": [
          [
            [
              21.795556,
              47.652222
            ],
            [
              21.9175,
              47.560556
            ],
            [
              21.510556,
              47.311944
            ],
            [
              21.381111,
              47.409167
            ],
            [
              21.795556,
              47.652222
            ]
          ]
        ]
      }
    },
    {
      "type": "Feature",
      "properties": {
        "name": "DEBRECEN RMZ2/TMZ2",
        "category": "rmz",
        "lower": "2000 FT ALT",
        "upper": "9500 FT ALT",
        "class": "G"
      },
      "geometry": {
        "type": "Polygon",
        "coordinates": [
          [
            [
              21.835833,
              47.690833
            ],
            [
              22.016389,
              47.517222
            ],
            [
              21.724722,
              47.172222
            ],
            [
              21.436389,
              47.198333
            ],
            [
              21.295278,
              47.400556
            ],
            [
              21.545278,
              47.545278
            ],
            [
              21.835833,
              47.690833
            ]
          ]
        ]
      }
    },
    {
      "type": "Feature",
      "properties": {
        "name": "DEBRECEN RMZ3/TMZ3",
        "category": "rmz",
        "lower": "5000 FT ALT",
        "upper": "9500 FT ALT",
        "class": "G"
      },
      "geometry": {
        "type": "Polygon",
        "coordinates": [
          [
            [
              21.622778,
              47.788333
            ],
            [
              21.835833,
              47.690833
            ],
            [
              21.545278,
              47.545278
            ],
            [
              21.560833,
              47.766389
            ],
            [
              21.622778,
              47.788333
            ]
          ]
        ]
      }
    },
    {
      "type": "Feature",
      "properties": {
        "name": "NYIREGYHAZA RMZ1",
        "category": "rmz",
        "lower": "GND",
        "upper": "9500 FT ALT",
        "class": "G"
      },
      "geometry": {
        "type": "Polygon",
        "coordinates": [
          [
            [
              21.683333,
              48.072154
            ],
            [
              21.696525,
              48.07172
            ],
            [
              21.709589,
              48.070423
            ],
            [
              21.722399,
              48.068275
            ],
            [
              21.734831,
              48.065297
            ],
            [
              21.746765,
              48.061518
            ],
            [
              21.758085,
              48.056974
            ],
            [
              21.768682,
              48.051709
            ],
            [
              21.778454,
              48.045774
            ],
            [
              21.787306,
              48.039227
            ],
            [
              21.795153,
              48.032131
            ],
            [
              21.801921,
              48.024555
            ],
            [
              21.807544,
              48.016571
            ],
            [
              21.811968,
              48.008256
            ],
            [
              21.815151,
              47.999692
            ],
            [
              21.817064,
              47.990959
            ],
            [
              21.817688,
              47.982144
            ],
            [
              21.817018,
              47.97333
            ],
            [
              21.815062,
              47.964602
            ],
            [
              21.811838,
              47.956044
            ],
            [
              21.807378,
              47.94774
            ],
            [
              21.801726,
              47.939767
            ],
            [
              21.794937,
              47.932204
            ],
            [
              21.787076,
              47.925123
            ],
            [
              21.77822,
              47.918591
            ],
            [
              21.768452,
              47.912672
            ],
            [
              21.757869,
              47.907422
            ],
            [
              21.74657,
              47.902892
            ],
            [
              21.734666,
              47.899124
            ],
            [
              21.722269,
              47.896156
            ],
            [
              21.7095,
              47.894015
            ],
            [
              21.696479,
              47.892722
            ],
            [
              21.683333,
              47.89229
            ],
            [
              21.670187,
              47.892722
            ],
            [
              21.657166,
              47.894015
            ],
            [
              21.644397,
              47.896156
            ],
            [
              21.632,
              47.899124
            ],
            [
              21.620096,
              47.902892
            ],
            [
              21.608797,
              47.907422
            ],
            [
              21.598214,
              47.912672
            ],
            [
              21.588446,
              47.918591
            ],
            [
              21.57959,
              47.925123
            ],
            [
              21.571729,
              47.932204
            ],
            [
              21.56494,
              47.939767
            ],
            [
              21.559288,
              47.94774
            ],
            [
              21.554828,
              47.956044
            ],
            [
              21.551604,
              47.964602
            ],
            [
              21.549648,
              47.97333
            ],
            [
              21.548978,
              47.982144
            ],
            [
              21.549602,
              47.990959
            ],
            [
              21.551515,
              47.999692
            ],
            [
              21.554698,
              48.008256
            ],
            [
              21.559122,
              48.016571
            ],
            [
              21.564745,
              48.024555
            ],
            [
              21.571513,
              48.032131
            ],
            [
              21.57936,
              48.039227
            ],
            [
              21.588212,
              48.045774
            ],
            [
              21.597984,
              48.051709
            ],
            [
              21.608581,
              48.056974
            ],
            [
              21.619901,
              48.061518
            ],
            [
              21.631835,
              48.065297
            ],
            [
              21.644267,
              48.068275
            ],
            [
              21.657077,
              48.070423
            ],
            [
              21.670141,
              48.07172
            ],
            [
              21.683333,
              48.072154
            ]
          ]
        ]
      }
    },
    {
      "type": "Feature",
      "properties": {
        "name": "NYIREGYHAZA RMZ2",
        "category": "rmz",
        "lower": "GND",
        "upper": "9500 FT ALT",
        "class": "G"
      },
      "geometry": {
        "type": "Polygon",
        "coordinates": [
          [
            [
              21.622778,
              47.788333
            ],
            [
              21.560833,
              47.766389
            ],
            [
              21.369444,
              47.963333
            ],
            [
              21.3975,
              48.078611
            ],
            [
              21.441667,
              48.158333
            ],
            [
              21.55,
              48.205556
            ],
            [
              21.840278,
              48.221944
            ],
            [
              21.966667,
              47.966667
            ],
            [
              21.766667,
              47.775
            ],
            [
              21.622778,
              47.788333
            ]
          ]
        ]
      }
    },
    {
      "type": "Feature",
      "properties": {
        "name": "SARMELLEK RMZ1/TMZ1",
        "category": "rmz",
        "lower": "GND",
        "upper": "2000 FT ALT",
        "class": "G"
      },
      "geometry": {
        "type": "Polygon",
        "coordinates": [
          [
            [
              17.078611,
              46.875556
            ],
            [
              17.214444,
              46.875833
            ],
            [
              17.225278,
              46.676389
            ],
            [
              17.3175,
              46.54
            ],
            [
              17.297222,
              46.479722
            ],
            [
              17.131111,
              46.449722
            ],
            [
              17.108333,
              46.655278
            ],
            [
              16.985278,
              46.836111
            ],
            [
              17.078611,
              46.875556
            ]
          ]
        ]
      }
    },
    {
      "type": "Feature",
      "properties": {
        "name": "SARMELLEK RMZ2/TMZ2",
        "category": "rmz",
        "lower": "2000 FT ALT",
        "upper": "9500 FT ALT",
        "class": "G"
      },
      "geometry": {
        "type": "Polygon",
        "coordinates": [
          [
            [
              16.82,
              46.869722
            ],
            [
              17.214444,
              46.875833
            ],
            [
              17.328889,
              46.573056
            ],
            [
              17.297222,
              46.479722
            ],
            [
              17.008611,
              46.4275
            ],
            [
              16.82,
              46.869722
            ]
          ]
        ]
      }
    },
    {
      "type": "Feature",
      "properties": {
        "name": "KOSICE TMA 2",
        "category": "tma_foreign",
        "lower": "1000 FT AGL",
        "upper": "9500 FT ALT",
        "class": "D",
        "note": "Slovak airspace; includes HU-SK border arc from 482346N/0202459E to 482000N/0214901E. See AIP Slovakia.",
        "border_match_quality_deg": 0.0019
      },
      "geometry": {
        "type": "Polygon",
        "coordinates": [
          [
            [
              20.416717529296875,
              48.39421967286081
            ],
            [
              20.416717529296875,
              48.40060234499032
            ],
            [
              20.420665740966797,
              48.4043631875212
            ],
            [
              20.417404174804688,
              48.40937721168385
            ],
            [
              20.415172576904297,
              48.40994695587821
            ],
            [
              20.41431427001953,
              48.41222586882221
            ],
            [
              20.416545867919922,
              48.4164415885222
            ],
            [
              20.41585922241211,
              48.4186062817229
            ],
            [
              20.42306900024414,
              48.423163229284256
            ],
            [
              20.427017211914062,
              48.424758064419386
            ],
            [
              20.429763793945312,
              48.428631027122904
            ],
            [
              20.434741973876953,
              48.43033959331093
            ],
            [
              20.435943603515625,
              48.433073179725845
            ],
            [
              20.44281005859375,
              48.43899544580258
            ],
            [
              20.44607162475586,
              48.445144760667006
            ],
            [
              20.45019149780262,
              48.446511173983296
            ],
            [
              20.452251434326172,
              48.448560725028194
            ],
            [
              20.462207794189453,
              48.45072405028467
            ],
            [
              20.46804428100586,
              48.4533426891321
            ],
            [
              20.46976089477539,
              48.45243187354599
            ],
            [
              20.469417572021484,
              48.4604009559556
            ],
            [
              20.464096069335938,
              48.46415737524089
            ],
            [
              20.474052429199105,
              48.46677532125395
            ],
            [
              20.48847198486328,
              48.47633536820322
            ],
            [
              20.49396514892578,
              48.48771402806647
            ],
            [
              20.507354736328125,
              48.48930683675482
            ],
            [
              20.5059814453125,
              48.4908995954145
            ],
            [
              20.50769805908203,
              48.50978134908701
            ],
            [
              20.51044464111328,
              48.51342039664282
            ],
            [
              20.50220489501953,
              48.52024290640028
            ],
            [
              20.504608154296875,
              48.52228948016565
            ],
            [
              20.501861572265625,
              48.52365381673764
            ],
            [
              20.50426483154297,
              48.52592762935692
            ],
            [
              20.50220489501953,
              48.52729186792845
            ],
            [
              20.50495147705078,
              48.53206641352563
            ],
            [
              20.510787963867074,
              48.53502185901084
            ],
            [
              20.52074432373047,
              48.53593119214538
            ],
            [
              20.52520751953125,
              48.529792876529015
            ],
            [
              20.536880493164062,
              48.5275192374508
            ],
            [
              20.544776916503906,
              48.54411445539576
            ],
            [
              20.553359985351562,
              48.542068763606466
            ],
            [
              20.557823181152344,
              48.54275067005638
            ],
            [
              20.585975646972656,
              48.53593119214538
            ],
            [
              20.58700561523426,
              48.5386590935535
            ],
            [
              20.605201721191406,
              48.54343256731947
            ],
            [
              20.60863494873047,
              48.54297797016485
            ],
            [
              20.618247985839844,
              48.54525091510785
            ],
            [
              20.624427795410156,
              48.551614617913636
            ],
            [
              20.63507080078125,
              48.5520691374922
            ],
            [
              20.64056396484375,
              48.55547790419049
            ],
            [
              20.643997192382812,
              48.55116009425219
            ],
            [
              20.65326690673828,
              48.5611586716714
            ],
            [
              20.664939880371094,
              48.56047701325633
            ],
            [
              20.67180633544922,
              48.56161310551136
            ],
            [
              20.68004608154297,
              48.55956812108008
            ],
            [
              20.708198547363168,
              48.569337856144415
            ],
            [
              20.71197509765625,
              48.5686563079607
            ],
            [
              20.7263946533202,
              48.56979221649702
            ],
            [
              20.72742462158203,
              48.56524842925465
            ],
            [
              20.733604431152344,
              48.56706599314278
            ],
            [
              20.734291076660043,
              48.570246572767076
            ],
            [
              20.79437255859375,
              48.575017067120385
            ],
            [
              20.803298950195312,
              48.575017067120385
            ],
            [
              20.836257934570312,
              48.58273977037357
            ],
            [
              20.83969116210926,
              48.580468509535294
            ],
            [
              20.83694458007801,
              48.57728857290222
            ],
            [
              20.83728790283203,
              48.5743355954839
            ],
            [
              20.850677490234375,
              48.581604152711776
            ],
            [
              20.846214294433594,
              48.565930023367635
            ],
            [
              20.85479736328125,
              48.56706599314278
            ],
            [
              20.867156982421875,
              48.551614617913636
            ],
            [
              20.8740234375,
              48.55365992386462
            ],
            [
              20.877113342285156,
              48.550932830890396
            ],
            [
              20.916595458984375,
              48.56024979174329
            ],
            [
              20.927581787109375,
              48.554568922193205
            ],
            [
              20.934448242187386,
              48.53843177405044
            ],
            [
              20.94234466552723,
              48.54343256731947
            ],
            [
              20.94165802001953,
              48.53524919382565
            ],
            [
              20.946121215820312,
              48.53684050894728
            ],
            [
              20.956764221191406,
              48.533430486724825
            ],
            [
              20.956764221191406,
              48.52206208716401
            ],
            [
              20.96603393554676,
              48.52024290640028
            ],
            [
              20.974273681640625,
              48.524790735807755
            ],
            [
              20.982513427734375,
              48.517514012751505
            ],
            [
              20.990066528320312,
              48.522516872146426
            ],
            [
              20.990066528320312,
              48.52592762935692
            ],
            [
              21.005859375,
              48.52729186792845
            ],
            [
              21.01409912109375,
              48.53183906441962
            ],
            [
              21.02336883544922,
              48.52956551721488
            ],
            [
              21.02645874023426,
              48.531498038846586
            ],
            [
              21.034011840820312,
              48.52729186792845
            ],
            [
              21.038646697998047,
              48.52729186792845
            ],
            [
              21.046371459960938,
              48.52524549628992
            ],
            [
              21.054096221923828,
              48.526496066561194
            ],
            [
              21.053752899169922,
              48.52217578379245
            ],
            [
              21.066455841064453,
              48.52558656397187
            ],
            [
              21.069889068603516,
              48.5234264298611
            ],
            [
              21.0772705078125,
              48.51967439901287
            ],
            [
              21.088085174560547,
              48.51842366030161
            ],
            [
              21.09272003173828,
              48.5152398224152
            ],
            [
              21.097698211669922,
              48.5106911354775
            ],
            [
              21.097526550292855,
              48.50386733939323
            ],
            [
              21.094436645507812,
              48.50113756368663
            ],
            [
              21.100616455078125,
              48.49442624012677
            ],
            [
              21.1102294921875,
              48.492492304045776
            ],
            [
              21.11949920654297,
              48.49124089433275
            ],
            [
              21.127052307128906,
              48.492264777304264
            ],
            [
              21.133575439453125,
              48.49533630216996
            ],
            [
              21.135635375976562,
              48.499886367355025
            ],
            [
              21.141986846923714,
              48.50841663887411
            ],
            [
              21.146106719970703,
              48.51046369041121
            ],
            [
              21.150741577148438,
              48.515694668649466
            ],
            [
              21.153316497802734,
              48.51717289070915
            ],
            [
              21.15692138671875,
              48.51649063973351
            ],
            [
              21.158981323242188,
              48.517968838568294
            ],
            [
              21.160526275634652,
              48.52126620361911
            ],
            [
              21.167564392089844,
              48.52069770771634
            ],
            [
              21.169281005859375,
              48.52228948016565
            ],
            [
              21.174259185791016,
              48.521720995747465
            ],
            [
              21.178722381591797,
              48.518082544384434
            ],
            [
              21.181468963622933,
              48.51990180273348
            ],
            [
              21.185760498046875,
              48.52047030756873
            ],
            [
              21.188507080078125,
              48.524563354035415
            ],
            [
              21.191425323486328,
              48.52354012342696
            ],
            [
              21.192626953125,
              48.52626869244511
            ],
            [
              21.19588851928711,
              48.5246770450492
            ],
            [
              21.198978424072266,
              48.52444966276642
            ],
            [
              21.205673217773438,
              48.52717818278446
            ],
            [
              21.208934783935547,
              48.52729186792845
            ],
            [
              21.2091064453125,
              48.533430486724825
            ],
            [
              21.216659545898438,
              48.53138436314516
            ],
            [
              21.218204498291016,
              48.53536286085027
            ],
            [
              21.221122741699105,
              48.537408823654594
            ],
            [
              21.233482360839844,
              48.53422617912022
            ],
            [
              21.23382568359375,
              48.53559019413391
            ],
            [
              21.232624053955078,
              48.5386590935535
            ],
            [
              21.238632202148438,
              48.53968201868509
            ],
            [
              21.246185302734375,
              48.53559019413391
            ],
            [
              21.252536773681527,
              48.53172538948382
            ],
            [
              21.26455307006836,
              48.52717818278446
            ],
            [
              21.269359588623047,
              48.52547287499977
            ],
            [
              21.270732879638672,
              48.52740555281722
            ],
            [
              21.28704071044922,
              48.524108587428216
            ],
            [
              21.296825408935547,
              48.521720995747465
            ],
            [
              21.297168731689453,
              48.52285795820353
            ],
            [
              21.30197525024414,
              48.52206208716401
            ],
            [
              21.30540847778309,
              48.52183469314155
            ],
            [
              21.30849838256836,
              48.52626869244511
            ],
            [
              21.307296752929688,
              48.52660975323643
            ],
            [
              21.305580139160156,
              48.525131806552224
            ],
            [
              21.302318572998047,
              48.525131806552224
            ],
            [
              21.304035186767578,
              48.52763292182915
            ],
            [
              21.306610107421875,
              48.52945183717502
            ],
            [
              21.31038665771473,
              48.530247592094824
            ],
            [
              21.312103271484375,
              48.53070230357739
            ],
            [
              21.31622314453125,
              48.53320314374362
            ],
            [
              21.31399154663086,
              48.533771499282615
            ],
            [
              21.3134765625,
              48.53661318127798
            ],
            [
              21.309528350830078,
              48.53718149853727
            ],
            [
              21.31038665771473,
              48.5408185779213
            ],
            [
              21.316909790039062,
              48.539000070894105
            ],
            [
              21.318626403808594,
              48.53956836135791
            ],
            [
              21.316566467285156,
              48.54377351250597
            ],
            [
              21.31999969482422,
              48.54468268844167
            ],
            [
              21.321201324462777,
              48.548546503965134
            ],
            [
              21.318454742431527,
              48.54968286415505
            ],
            [
              21.316394805908203,
              48.5493419587775
            ],
            [
              21.3134765625,
              48.54991013313083
            ],
            [
              21.314678192138672,
              48.5521827667489
            ],
            [
              21.317081451416016,
              48.55320541857607
            ],
            [
              21.321887969970703,
              48.55138735659328
            ],
            [
              21.326007843017578,
              48.55252365298789
            ],
            [
              21.32635116577137,
              48.55593238906489
            ],
            [
              21.317424774169922,
              48.55559152579185
            ],
            [
              21.315536499023438,
              48.55593238906489
            ],
            [
              21.31673812866211,
              48.559000055176874
            ],
            [
              21.322059631347656,
              48.56206753526866
            ],
            [
              21.32549285888672,
              48.56206753526866
            ],
            [
              21.324119567871094,
              48.557636670981594
            ],
            [
              21.32823944091797,
              48.559340895484326
            ],
            [
              21.340084075927734,
              48.559000055176874
            ],
            [
              21.3409423828125,
              48.560022569209565
            ],
            [
              21.353473663330078,
              48.560590623630105
            ],
            [
              21.364974975585938,
              48.5603634026274
            ],
            [
              21.37355804443348,
              48.55911366886784
            ],
            [
              21.37939453125,
              48.55854559786118
            ],
            [
              21.38265609741211,
              48.56024979174329
            ],
            [
              21.39638900756836,
              48.563317196049795
            ],
            [
              21.40462875366211,
              48.56274917224952
            ],
            [
              21.407718658447152,
              48.55956812108008
            ],
            [
              21.415443420410156,
              48.55911366886784
            ],
            [
              21.422138214111328,
              48.562862777519925
            ],
            [
              21.420936584472543,
              48.57524422229134
            ],
            [
              21.422653198242188,
              48.57887856622344
            ],
            [
              21.42660140991211,
              48.580127811607
            ],
            [
              21.428146362304688,
              48.58364824613257
            ],
            [
              21.435184478759766,
              48.58364824613257
            ],
            [
              21.44033432006836,
              48.585124484413754
            ],
            [
              21.44033432006836,
              48.585124484413754
            ],
            [
              21.446170806884766,
              48.580127811607
            ],
            [
              21.44908905029297,
              48.57626640793046
            ],
            [
              21.452865600585938,
              48.574789910928864
            ],
            [
              21.45801544189453,
              48.576493557488014
            ],
            [
              21.46076202392578,
              48.57376769543674
            ],
            [
              21.468658447265625,
              48.569678626791614
            ],
            [
              21.470890045165902,
              48.565930023367635
            ],
            [
              21.47724151611328,
              48.56388521347092
            ],
            [
              21.479129791259766,
              48.56468042714349
            ],
            [
              21.485137939453125,
              48.56218114207004
            ],
            [
              21.48668289184559,
              48.55911366886784
            ],
            [
              21.489601135253906,
              48.558659212572856
            ],
            [
              21.49097442626953,
              48.559340895484326
            ],
            [
              21.496810913085938,
              48.558659212572856
            ],
            [
              21.49715423583973,
              48.56093145322036
            ],
            [
              21.499385833740234,
              48.559908957559955
            ],
            [
              21.500415802001953,
              48.554568922193205
            ],
            [
              21.50745391845703,
              48.55536428233394
            ],
            [
              21.50745391845703,
              48.5521827667489
            ],
            [
              21.513633728027344,
              48.55116009425219
            ],
            [
              21.518611907958984,
              48.54695555682849
            ],
            [
              21.515350341796875,
              48.53979567575707
            ],
            [
              21.521015167236214,
              48.53422617912022
            ],
            [
              21.52084350585926,
              48.53263478182463
            ],
            [
              21.527023315429688,
              48.521152504948994
            ],
            [
              21.542816162109375,
              48.51205578443625
            ],
            [
              21.542816162109375,
              48.50841663887411
            ],
            [
              21.561355590820312,
              48.511146022547344
            ],
            [
              21.567535400390625,
              48.505687108189804
            ],
            [
              21.57989501953125,
              48.50432228771794
            ],
            [
              21.59088134765625,
              48.51342039664282
            ],
            [
              21.606674194335938,
              48.507961727302515
            ],
            [
              21.613540649414062,
              48.50932644976633
            ],
            [
              21.616287231445312,
              48.49749763405313
            ],
            [
              21.625213623046875,
              48.4720108081634
            ],
            [
              21.621093749999886,
              48.469279317167164
            ],
            [
              21.633453369140625,
              48.459262592196325
            ],
            [
              21.632080078125,
              48.44969932875655
            ],
            [
              21.64031982421875,
              48.447877550537136
            ],
            [
              21.651992797851562,
              48.43330097195569
            ],
            [
              21.66229248046875,
              48.4164415885222
            ],
            [
              21.6657257080077,
              48.39228191752019
            ],
            [
              21.681518554687386,
              48.3904580803747
            ],
            [
              21.701431274414062,
              48.38042580755792
            ],
            [
              21.704177856445312,
              48.372672242291294
            ],
            [
              21.71035766601551,
              48.36491749617739
            ],
            [
              21.715164184570312,
              48.365829880540495
            ],
            [
              21.713790893554688,
              48.357161569178395
            ],
            [
              21.724090576171875,
              48.35168608617595
            ],
            [
              21.746749877929688,
              48.34712273417819
            ],
            [
              21.7694091796875,
              48.3393640979477
            ],
            [
              21.79412841796875,
              48.34027693997802
            ],
            [
              21.800994873046875,
              48.34210257500046
            ],
            [
              21.820220947265625,
              48.33616902211533
            ],
            [
              21.818161010742074,
              48.33343022631068
            ],
            [
              21.816944,
              48.333333
            ],
            [
              21.831389,
              48.284167
            ],
            [
              21.0975,
              48.186111
            ],
            [
              20.416717529296875,
              48.39421967286081
            ]
          ]
        ]
      }
    },
    {
      "type": "Feature",
      "properties": {
        "name": "LESMO AREA",
        "category": "special",
        "lower": "5500 FT ALT",
        "upper": "FL245",
        "class": "C",
        "note": "Includes AT-HU and HU-SK border arcs.",
        "border_match_quality_deg": 0.0037
      },
      "geometry": {
        "type": "Polygon",
        "coordinates": [
          [
            [
              17.614167,
              47.818333
            ],
            [
              17.5,
              47.746944
            ],
            [
              17.488333,
              47.599722
            ],
            [
              17.265,
              47.599722
            ],
            [
              16.668056,
              47.598611
            ],
            [
              16.63330078125,
              47.632081940263305
            ],
            [
              16.5728759765625,
              47.622826666563675
            ],
            [
              16.5234375,
              47.646886969413
            ],
            [
              16.509704589843746,
              47.635783590864854
            ],
            [
              16.424560546875,
              47.66723703450518
            ],
            [
              16.44378662109375,
              47.69497434186282
            ],
            [
              16.4630126953125,
              47.68388118858139
            ],
            [
              16.48223876953125,
              47.69867153529717
            ],
            [
              16.5509033203125,
              47.719001413201916
            ],
            [
              16.53717041015625,
              47.74486433470359
            ],
            [
              16.600341796875,
              47.759637380334595
            ],
            [
              16.6387939453125,
              47.75225138174104
            ],
            [
              16.72393798828125,
              47.73193447949174
            ],
            [
              16.75689697265625,
              47.68757916850813
            ],
            [
              16.82830810546875,
              47.68757916850813
            ],
            [
              16.8365478515625,
              47.70606513569572
            ],
            [
              16.875,
              47.720849190702324
            ],
            [
              16.8804931640625,
              47.68942806015855
            ],
            [
              17.083740234375,
              47.70791337194979
            ],
            [
              17.07550048828125,
              47.72269690266809
            ],
            [
              17.053527832031246,
              47.78917089079263
            ],
            [
              17.06451416015625,
              47.81315451752768
            ],
            [
              17.01507568359375,
              47.85924575819688
            ],
            [
              17.0452880859375,
              47.87582858242869
            ],
            [
              17.0892333984375,
              47.88503897004144
            ],
            [
              17.105712890625,
              47.92554522341879
            ],
            [
              17.100219726562496,
              47.936586882217306
            ],
            [
              17.105712890625,
              47.96050238891509
            ],
            [
              17.0947265625,
              47.97521412341618
            ],
            [
              17.16135112789624,
              48.0064921631696
            ],
            [
              17.614167,
              47.818333
            ]
          ]
        ]
      }
    },
    {
      "type": "Feature",
      "properties": {
        "name": "RUTOL BOX",
        "category": "special",
        "lower": "9000 FT ALT",
        "upper": "FL195",
        "class": "C",
        "note": "Includes HU-SK border arc from 480214N/0184917E to 474551N/0182754E.",
        "border_match_quality_deg": 0.0067
      },
      "geometry": {
        "type": "Polygon",
        "coordinates": [
          [
            [
              18.820953369140625,
              48.04044689225304
            ],
            [
              18.829193115234375,
              48.011975126709956
            ],
            [
              18.811340332031136,
              47.989921667414194
            ],
            [
              18.771514892578125,
              47.98440682947526
            ],
            [
              18.752288818359375,
              47.97613346768237
            ],
            [
              18.77288818359375,
              47.958663127446556
            ],
            [
              18.77288818359375,
              47.94026691125948
            ],
            [
              18.757781982421875,
              47.91910316704857
            ],
            [
              18.763275146484375,
              47.8730651468353
            ],
            [
              18.81683349609375,
              47.854638476529935
            ],
            [
              18.8250732421875,
              47.84081417507446
            ],
            [
              18.85528564453125,
              47.82883013320963
            ],
            [
              18.8525390625,
              47.818687628247105
            ],
            [
              18.793487548828125,
              47.82237604116143
            ],
            [
              18.741302490234375,
              47.81315451752768
            ],
            [
              18.72894287109375,
              47.79009354271755
            ],
            [
              18.642425537109375,
              47.758714187846294
            ],
            [
              18.54766845703125,
              47.76517619125415
            ],
            [
              18.498229980468636,
              47.75132805819867
            ],
            [
              18.458404541015625,
              47.76517619125415
            ],
            [
              18.486111,
              47.854722
            ],
            [
              18.51,
              47.958056
            ],
            [
              18.820953369140625,
              48.04044689225304
            ]
          ]
        ]
      }
    },
    {
      "type": "Feature",
      "properties": {
        "name": "NPZ1",
        "category": "npz",
        "lower": "9500 FT ALT",
        "upper": "FL660",
        "note": "Non-standard planning zone within FRA preventing flight planning close to FIR border. Includes HU-SK and HU-UA border arcs.",
        "border_match_quality_deg": 0.1154
      },
      "geometry": {
        "type": "Polygon",
        "coordinates": [
          [
            [
              22.794722,
              47.890278
            ],
            [
              22.753889,
              47.9125
            ],
            [
              22.485833,
              48.048889
            ],
            [
              22.275,
              48.178333
            ],
            [
              22.3596455496548,
              48.26625169963491
            ],
            [
              22.338743942760146,
              48.28034193109108
            ],
            [
              22.336887945614876,
              48.30773606815364
            ],
            [
              22.321142048754382,
              48.314832079125324
            ],
            [
              22.319906675029415,
              48.32282576262266
            ],
            [
              22.313813795711866,
              48.3262747991529
            ],
            [
              22.320881623422906,
              48.338473828140096
            ],
            [
              22.31780712349905,
              48.353224629289976
            ],
            [
              22.267356284856362,
              48.36135651475081
            ],
            [
              22.240137287652573,
              48.38773342885288
            ],
            [
              22.256102388994464,
              48.3926531099033
            ],
            [
              22.264590880779508,
              48.40998395658164
            ],
            [
              22.25177883549486,
              48.41079614620919
            ],
            [
              22.22937391258246,
              48.41178509612597
            ],
            [
              22.210291927251234,
              48.42619112843703
            ],
            [
              22.183114728153157,
              48.41454292525869
            ],
            [
              22.15538370612586,
              48.4094192877621
            ],
            [
              22.155857778008766,
              48.402296890849605
            ],
            [
              22.15538370612586,
              48.4094192877621
            ],
            [
              22.183114728153157,
              48.41454292525869
            ],
            [
              22.210291927251234,
              48.42619112843703
            ],
            [
              22.22937391258246,
              48.41178509612597
            ],
            [
              22.25177883549486,
              48.41079614620919
            ],
            [
              22.264590880779508,
              48.40998395658164
            ],
            [
              22.256102388994464,
              48.3926531099033
            ],
            [
              22.240137287652573,
              48.38773342885288
            ],
            [
              22.267356284856362,
              48.36135651475081
            ],
            [
              22.31780712349905,
              48.353224629289976
            ],
            [
              22.320881623422906,
              48.338473828140096
            ],
            [
              22.313813795711866,
              48.3262747991529
            ],
            [
              22.319906675029415,
              48.32282576262266
            ],
            [
              22.321142048754382,
              48.314832079125324
            ],
            [
              22.336887945614876,
              48.30773606815364
            ],
            [
              22.338743942760146,
              48.28034193109108
            ],
            [
              22.3596455496548,
              48.26625169963491
            ],
            [
              22.36925271803696,
              48.24493967908576
            ],
            [
              22.384259150839938,
              48.2341892929867
            ],
            [
              22.400738643029086,
              48.24922542235872
            ],
            [
              22.420133444260344,
              48.251079231869156
            ],
            [
              22.419667243653944,
              48.248340576409326
            ],
            [
              22.431011933969423,
              48.24717490614981
            ],
            [
              22.43311661899071,
              48.25225893892876
            ],
            [
              22.448811163386694,
              48.243688374048745
            ],
            [
              22.467963145469596,
              48.242661485234706
            ],
            [
              22.470242426233426,
              48.24747756855156
            ],
            [
              22.48840918855285,
              48.254696279914974
            ],
            [
              22.503107510966743,
              48.246597172736614
            ],
            [
              22.498390489410042,
              48.23988154664348
            ],
            [
              22.514929404109523,
              48.23809743989692
            ],
            [
              22.513245801386205,
              48.22676144692964
            ],
            [
              22.534881003608604,
              48.208938228267485
            ],
            [
              22.570014366886454,
              48.1965121198453
            ],
            [
              22.56947297348235,
              48.18593344235043
            ],
            [
              22.55998904837864,
              48.182554190651786
            ],
            [
              22.576456803111753,
              48.16000622827511
            ],
            [
              22.5976489142123,
              48.145786664661784
            ],
            [
              22.588100944962463,
              48.14236147957226
            ],
            [
              22.5959814863278,
              48.13558246233917
            ],
            [
              22.59407090036606,
              48.12600410162889
            ],
            [
              22.59924684895865,
              48.11665098901574
            ],
            [
              22.590701320664493,
              48.1080823481874
            ],
            [
              22.62080410020249,
              48.10533095861103
            ],
            [
              22.63454631259019,
              48.09594087992518
            ],
            [
              22.675781249999886,
              48.090922612296744
            ],
            [
              22.705061316566685,
              48.10952647221352
            ],
            [
              22.713284315917655,
              48.11073828473794
            ],
            [
              22.720098368022988,
              48.114981349929565
            ],
            [
              22.72914325326699,
              48.11402456250274
            ],
            [
              22.734587495550585,
              48.11965235950372
            ],
            [
              22.744380132260332,
              48.11742554570273
            ],
            [
              22.756521014377427,
              48.12052879532611
            ],
            [
              22.759103662179598,
              48.114975402385085
            ],
            [
              22.764425929626725,
              48.10978779697693
            ],
            [
              22.777526100768995,
              48.111162557398615
            ],
            [
              22.770979285316685,
              48.12163075631239
            ],
            [
              22.789682648256644,
              48.11638867970999
            ],
            [
              22.798760367760764,
              48.12252028710788
            ],
            [
              22.806272590326557,
              48.12070935255844
            ],
            [
              22.80165437435653,
              48.10670409254671
            ],
            [
              22.809627120871482,
              48.10701724666059
            ],
            [
              22.82010466249244,
              48.11835790526039
            ],
            [
              22.830916174813723,
              48.11044212056618
            ],
            [
              22.829683763655453,
              48.095619404113165
            ],
            [
              22.83711831912015,
              48.07932820547124
            ],
            [
              22.846091670673573,
              48.0825722006566
            ],
            [
              22.860298761313004,
              48.07667126655233
            ],
            [
              22.86050005897033,
              48.057130130232046
            ],
            [
              22.870195848616476,
              48.05185117175511
            ],
            [
              22.88109942420465,
              48.05518368334702
            ],
            [
              22.880947376978952,
              48.03571511301432
            ],
            [
              22.8671569783111,
              48.021997545259055
            ],
            [
              22.86383405781345,
              48.01231902784571
            ],
            [
              22.83826623705079,
              47.99215480232215
            ],
            [
              22.843615457257783,
              47.98393007602307
            ],
            [
              22.839246997958327,
              47.980916339087855
            ],
            [
              22.850368037881168,
              47.98159002961411
            ],
            [
              22.85876516779185,
              47.97874034108733
            ],
            [
              22.858299197668444,
              47.976168761653504
            ],
            [
              22.861493739572435,
              47.97706152980392
            ],
            [
              22.861226133026527,
              47.9736897383912
            ],
            [
              22.866982664784434,
              47.97360906974392
            ],
            [
              22.867476730897806,
              47.97742225873401
            ],
            [
              22.873373742606702,
              47.973629385955974
            ],
            [
              22.871544483599394,
              47.970249533302166
            ],
            [
              22.873315858978856,
              47.966684243887364
            ],
            [
              22.87733186757211,
              47.96776020931843
            ],
            [
              22.8794090730338,
              47.963736300342276
            ],
            [
              22.89208036914397,
              47.967093865062296
            ],
            [
              22.892372090251378,
              47.96334581840268
            ],
            [
              22.890032578535184,
              47.961591458974624
            ],
            [
              22.89254007465052,
              47.9610891024364
            ],
            [
              22.890892992626476,
              47.95650633181877
            ],
            [
              22.895859206215718,
              47.956767743518924
            ],
            [
              22.894779626892266,
              47.95490046191226
            ],
            [
              22.89731011957593,
              47.95462636039581
            ],
            [
              22.794722,
              47.890278
            ]
          ]
        ]
      }
    },
    {
      "type": "Feature",
      "properties": {
        "name": "LHP1 / PAKS",
        "category": "prohibited",
        "lower": "GND",
        "upper": "FL195",
        "note": "Nuclear power plant"
      },
      "geometry": {
        "type": "Polygon",
        "coordinates": [
          [
            [
              18.852778,
              46.605591
            ],
            [
              18.856627,
              46.605461
            ],
            [
              18.860439,
              46.605072
            ],
            [
              18.864177,
              46.604428
            ],
            [
              18.867806,
              46.603536
            ],
            [
              18.871289,
              46.602403
            ],
            [
              18.874594,
              46.601042
            ],
            [
              18.877688,
              46.599464
            ],
            [
              18.880543,
              46.597685
            ],
            [
              18.883129,
              46.595723
            ],
            [
              18.885423,
              46.593595
            ],
            [
              18.887403,
              46.591324
            ],
            [
              18.889048,
              46.58893
            ],
            [
              18.890344,
              46.586437
            ],
            [
              18.891279,
              46.583868
            ],
            [
              18.891842,
              46.581249
            ],
            [
              18.892029,
              46.578604
            ],
            [
              18.891838,
              46.57596
            ],
            [
              18.891271,
              46.573341
            ],
            [
              18.890334,
              46.570773
            ],
            [
              18.889034,
              46.568281
            ],
            [
              18.887386,
              46.565888
            ],
            [
              18.885405,
              46.563617
            ],
            [
              18.88311,
              46.561491
            ],
            [
              18.880523,
              46.55953
            ],
            [
              18.877669,
              46.557753
            ],
            [
              18.874576,
              46.556176
            ],
            [
              18.871273,
              46.554816
            ],
            [
              18.867792,
              46.553684
            ],
            [
              18.864167,
              46.552793
            ],
            [
              18.860432,
              46.55215
            ],
            [
              18.856623,
              46.551761
            ],
            [
              18.852778,
              46.551631
            ],
            [
              18.848933,
              46.551761
            ],
            [
              18.845124,
              46.55215
            ],
            [
              18.841389,
              46.552793
            ],
            [
              18.837764,
              46.553684
            ],
            [
              18.834283,
              46.554816
            ],
            [
              18.83098,
              46.556176
            ],
            [
              18.827887,
              46.557753
            ],
            [
              18.825033,
              46.55953
            ],
            [
              18.822446,
              46.561491
            ],
            [
              18.820151,
              46.563617
            ],
            [
              18.81817,
              46.565888
            ],
            [
              18.816522,
              46.568281
            ],
            [
              18.815222,
              46.570773
            ],
            [
              18.814285,
              46.573341
            ],
            [
              18.813718,
              46.57596
            ],
            [
              18.813527,
              46.578604
            ],
            [
              18.813714,
              46.581249
            ],
            [
              18.814277,
              46.583868
            ],
            [
              18.815212,
              46.586437
            ],
            [
              18.816508,
              46.58893
            ],
            [
              18.818153,
              46.591324
            ],
            [
              18.820133,
              46.593595
            ],
            [
              18.822427,
              46.595723
            ],
            [
              18.825013,
              46.597685
            ],
            [
              18.827868,
              46.599464
            ],
            [
              18.830962,
              46.601042
            ],
            [
              18.834267,
              46.602403
            ],
            [
              18.83775,
              46.603536
            ],
            [
              18.841379,
              46.604428
            ],
            [
              18.845117,
              46.605072
            ],
            [
              18.848929,
              46.605461
            ],
            [
              18.852778,
              46.605591
            ]
          ]
        ]
      }
    },
    {
      "type": "Feature",
      "properties": {
        "name": "LHP2 / CSILLEBERC",
        "category": "prohibited",
        "lower": "GND",
        "upper": "3500 FT ALT",
        "note": "Research nuclear reactor"
      },
      "geometry": {
        "type": "Polygon",
        "coordinates": [
          [
            [
              18.952222,
              47.494219
            ],
            [
              18.952874,
              47.494197
            ],
            [
              18.95352,
              47.494132
            ],
            [
              18.954154,
              47.494025
            ],
            [
              18.954769,
              47.493876
            ],
            [
              18.955359,
              47.493688
            ],
            [
              18.955919,
              47.493461
            ],
            [
              18.956444,
              47.493198
            ],
            [
              18.956928,
              47.492901
            ],
            [
              18.957366,
              47.492575
            ],
            [
              18.957755,
              47.49222
            ],
            [
              18.958091,
              47.491842
            ],
            [
              18.95837,
              47.491443
            ],
            [
              18.95859,
              47.491027
            ],
            [
              18.958749,
              47.490599
            ],
            [
              18.958845,
              47.490163
            ],
            [
              18.958877,
              47.489722
            ],
            [
              18.958844,
              47.489281
            ],
            [
              18.958749,
              47.488845
            ],
            [
              18.95859,
              47.488417
            ],
            [
              18.95837,
              47.488001
            ],
            [
              18.958091,
              47.487602
            ],
            [
              18.957755,
              47.487224
            ],
            [
              18.957366,
              47.486869
            ],
            [
              18.956927,
              47.486542
            ],
            [
              18.956443,
              47.486246
            ],
            [
              18.955919,
              47.485983
            ],
            [
              18.955359,
              47.485756
            ],
            [
              18.954768,
              47.485568
            ],
            [
              18.954154,
              47.485419
            ],
            [
              18.95352,
              47.485312
            ],
            [
              18.952874,
              47.485247
            ],
            [
              18.952222,
              47.485225
            ],
            [
              18.95157,
              47.485247
            ],
            [
              18.950924,
              47.485312
            ],
            [
              18.95029,
              47.485419
            ],
            [
              18.949676,
              47.485568
            ],
            [
              18.949085,
              47.485756
            ],
            [
              18.948525,
              47.485983
            ],
            [
              18.948001,
              47.486246
            ],
            [
              18.947517,
              47.486542
            ],
            [
              18.947078,
              47.486869
            ],
            [
              18.946689,
              47.487224
            ],
            [
              18.946353,
              47.487602
            ],
            [
              18.946074,
              47.488001
            ],
            [
              18.945854,
              47.488417
            ],
            [
              18.945695,
              47.488845
            ],
            [
              18.9456,
              47.489281
            ],
            [
              18.945567,
              47.489722
            ],
            [
              18.945599,
              47.490163
            ],
            [
              18.945695,
              47.490599
            ],
            [
              18.945854,
              47.491027
            ],
            [
              18.946074,
              47.491443
            ],
            [
              18.946353,
              47.491842
            ],
            [
              18.946689,
              47.49222
            ],
            [
              18.947078,
              47.492575
            ],
            [
              18.947516,
              47.492901
            ],
            [
              18.948,
              47.493198
            ],
            [
              18.948525,
              47.493461
            ],
            [
              18.949085,
              47.493688
            ],
            [
              18.949675,
              47.493876
            ],
            [
              18.95029,
              47.494025
            ],
            [
              18.950924,
              47.494132
            ],
            [
              18.95157,
              47.494197
            ],
            [
              18.952222,
              47.494219
            ]
          ]
        ]
      }
    },
    {
      "type": "Feature",
      "properties": {
        "name": "LHR1 / BUDAPEST",
        "category": "restricted",
        "lower": "GND",
        "upper": "3500 FT ALT"
      },
      "geometry": {
        "type": "Polygon",
        "coordinates": [
          [
            [
              18.974444,
              47.516389
            ],
            [
              19.021667,
              47.515278
            ],
            [
              19.033056,
              47.515
            ],
            [
              19.043611,
              47.514722
            ],
            [
              19.055833,
              47.510556
            ],
            [
              19.056944,
              47.506111
            ],
            [
              19.06,
              47.494722
            ],
            [
              19.029722,
              47.483056
            ],
            [
              19.013056,
              47.486111
            ],
            [
              18.979444,
              47.491944
            ],
            [
              18.97,
              47.500556
            ],
            [
              18.974444,
              47.516389
            ]
          ]
        ]
      }
    },
    {
      "type": "Feature",
      "properties": {
        "name": "LHR1A / BUDAPEST",
        "category": "restricted",
        "lower": "GND",
        "upper": "3500 FT ALT"
      },
      "geometry": {
        "type": "Polygon",
        "coordinates": [
          [
            [
              18.938889,
              47.531667
            ],
            [
              18.965556,
              47.531667
            ],
            [
              18.965556,
              47.5225
            ],
            [
              18.938889,
              47.5225
            ],
            [
              18.938889,
              47.531667
            ]
          ]
        ]
      }
    },
    {
      "type": "Feature",
      "properties": {
        "name": "LHR4 / ZALAEGERSZEG",
        "category": "restricted",
        "lower": "GND",
        "upper": "3500 FT ALT"
      },
      "geometry": {
        "type": "Polygon",
        "coordinates": [
          [
            [
              16.855556,
              46.828437
            ],
            [
              16.856844,
              46.828394
            ],
            [
              16.85812,
              46.828264
            ],
            [
              16.859372,
              46.82805
            ],
            [
              16.860586,
              46.827753
            ],
            [
              16.861752,
              46.827375
            ],
            [
              16.862858,
              46.826921
            ],
            [
              16.863894,
              46.826396
            ],
            [
              16.86485,
              46.825803
            ],
            [
              16.865716,
              46.825149
            ],
            [
              16.866484,
              46.82444
            ],
            [
              16.867147,
              46.823683
            ],
            [
              16.867699,
              46.822885
            ],
            [
              16.868133,
              46.822054
            ],
            [
              16.868446,
              46.821198
            ],
            [
              16.868635,
              46.820325
            ],
            [
              16.868698,
              46.819443
            ],
            [
              16.868635,
              46.818562
            ],
            [
              16.868445,
              46.817689
            ],
            [
              16.868132,
              46.816833
            ],
            [
              16.867697,
              46.816002
            ],
            [
              16.867145,
              46.815204
            ],
            [
              16.866482,
              46.814447
            ],
            [
              16.865714,
              46.813738
            ],
            [
              16.864848,
              46.813084
            ],
            [
              16.863892,
              46.812492
            ],
            [
              16.862856,
              46.811966
            ],
            [
              16.86175,
              46.811513
            ],
            [
              16.860585,
              46.811135
            ],
            [
              16.85937,
              46.810838
            ],
            [
              16.858119,
              46.810624
            ],
            [
              16.856844,
              46.810494
            ],
            [
              16.855556,
              46.810451
            ],
            [
              16.854268,
              46.810494
            ],
            [
              16.852993,
              46.810624
            ],
            [
              16.851742,
              46.810838
            ],
            [
              16.850527,
              46.811135
            ],
            [
              16.849362,
              46.811513
            ],
            [
              16.848256,
              46.811966
            ],
            [
              16.84722,
              46.812492
            ],
            [
              16.846264,
              46.813084
            ],
            [
              16.845398,
              46.813738
            ],
            [
              16.84463,
              46.814447
            ],
            [
              16.843967,
              46.815204
            ],
            [
              16.843415,
              46.816002
            ],
            [
              16.84298,
              46.816833
            ],
            [
              16.842667,
              46.817689
            ],
            [
              16.842477,
              46.818562
            ],
            [
              16.842414,
              46.819443
            ],
            [
              16.842477,
              46.820325
            ],
            [
              16.842666,
              46.821198
            ],
            [
              16.842979,
              46.822054
            ],
            [
              16.843413,
              46.822885
            ],
            [
              16.843965,
              46.823683
            ],
            [
              16.844628,
              46.82444
            ],
            [
              16.845396,
              46.825149
            ],
            [
              16.846262,
              46.825803
            ],
            [
              16.847218,
              46.826396
            ],
            [
              16.848254,
              46.826921
            ],
            [
              16.84936,
              46.827375
            ],
            [
              16.850526,
              46.827753
            ],
            [
              16.85174,
              46.82805
            ],
            [
              16.852992,
              46.828264
            ],
            [
              16.854268,
              46.828394
            ],
            [
              16.855556,
              46.828437
            ]
          ]
        ]
      }
    },
    {
      "type": "Feature",
      "properties": {
        "name": "LHR6 / SZAZHALOMBATTA I.",
        "category": "restricted",
        "lower": "GND",
        "upper": "7500 FT ALT"
      },
      "geometry": {
        "type": "Polygon",
        "coordinates": [
          [
            [
              18.899444,
              47.301875
            ],
            [
              18.902044,
              47.301789
            ],
            [
              18.904618,
              47.30153
            ],
            [
              18.907143,
              47.301101
            ],
            [
              18.909594,
              47.300506
            ],
            [
              18.911947,
              47.299751
            ],
            [
              18.914179,
              47.298843
            ],
            [
              18.916269,
              47.297791
            ],
            [
              18.918197,
              47.296606
            ],
            [
              18.919944,
              47.295298
            ],
            [
              18.921494,
              47.29388
            ],
            [
              18.922831,
              47.292365
            ],
            [
              18.923943,
              47.290769
            ],
            [
              18.924819,
              47.289107
            ],
            [
              18.925451,
              47.287395
            ],
            [
              18.925832,
              47.285649
            ],
            [
              18.925958,
              47.283886
            ],
            [
              18.92583,
              47.282123
            ],
            [
              18.925447,
              47.280377
            ],
            [
              18.924814,
              47.278665
            ],
            [
              18.923937,
              47.277003
            ],
            [
              18.922824,
              47.275408
            ],
            [
              18.921486,
              47.273894
            ],
            [
              18.919935,
              47.272477
            ],
            [
              18.918188,
              47.271169
            ],
            [
              18.91626,
              47.269984
            ],
            [
              18.91417,
              47.268933
            ],
            [
              18.911939,
              47.268026
            ],
            [
              18.909587,
              47.267271
            ],
            [
              18.907138,
              47.266677
            ],
            [
              18.904615,
              47.266248
            ],
            [
              18.902042,
              47.265989
            ],
            [
              18.899444,
              47.265903
            ],
            [
              18.896846,
              47.265989
            ],
            [
              18.894273,
              47.266248
            ],
            [
              18.89175,
              47.266677
            ],
            [
              18.889301,
              47.267271
            ],
            [
              18.886949,
              47.268026
            ],
            [
              18.884718,
              47.268933
            ],
            [
              18.882628,
              47.269984
            ],
            [
              18.8807,
              47.271169
            ],
            [
              18.878953,
              47.272477
            ],
            [
              18.877402,
              47.273894
            ],
            [
              18.876064,
              47.275408
            ],
            [
              18.874951,
              47.277003
            ],
            [
              18.874074,
              47.278665
            ],
            [
              18.873441,
              47.280377
            ],
            [
              18.873058,
              47.282123
            ],
            [
              18.87293,
              47.283886
            ],
            [
              18.873056,
              47.285649
            ],
            [
              18.873437,
              47.287395
            ],
            [
              18.874069,
              47.289107
            ],
            [
              18.874945,
              47.290769
            ],
            [
              18.876057,
              47.292365
            ],
            [
              18.877394,
              47.29388
            ],
            [
              18.878944,
              47.295298
            ],
            [
              18.880691,
              47.296606
            ],
            [
              18.882619,
              47.297791
            ],
            [
              18.884709,
              47.298843
            ],
            [
              18.886941,
              47.299751
            ],
            [
              18.889294,
              47.300506
            ],
            [
              18.891745,
              47.301101
            ],
            [
              18.89427,
              47.30153
            ],
            [
              18.896844,
              47.301789
            ],
            [
              18.899444,
              47.301875
            ]
          ]
        ]
      }
    },
    {
      "type": "Feature",
      "properties": {
        "name": "LHR8 / KAZINCBARCIKA",
        "category": "restricted",
        "lower": "GND",
        "upper": "3500 FT ALT"
      },
      "geometry": {
        "type": "Polygon",
        "coordinates": [
          [
            [
              20.665556,
              48.263872
            ],
            [
              20.668866,
              48.263764
            ],
            [
              20.672145,
              48.26344
            ],
            [
              20.67536,
              48.262904
            ],
            [
              20.67848,
              48.26216
            ],
            [
              20.681476,
              48.261216
            ],
            [
              20.684318,
              48.260081
            ],
            [
              20.68698,
              48.258767
            ],
            [
              20.689434,
              48.257284
            ],
            [
              20.691659,
              48.255649
            ],
            [
              20.693632,
              48.253876
            ],
            [
              20.695335,
              48.251984
            ],
            [
              20.69675,
              48.249989
            ],
            [
              20.697865,
              48.247911
            ],
            [
              20.698669,
              48.24577
            ],
            [
              20.699154,
              48.243588
            ],
            [
              20.699315,
              48.241384
            ],
            [
              20.699151,
              48.23918
            ],
            [
              20.698663,
              48.236998
            ],
            [
              20.697857,
              48.234858
            ],
            [
              20.69674,
              48.232781
            ],
            [
              20.695322,
              48.230787
            ],
            [
              20.693618,
              48.228895
            ],
            [
              20.691645,
              48.227123
            ],
            [
              20.68942,
              48.225489
            ],
            [
              20.686965,
              48.224007
            ],
            [
              20.684304,
              48.222694
            ],
            [
              20.681464,
              48.22156
            ],
            [
              20.67847,
              48.220617
            ],
            [
              20.675351,
              48.219874
            ],
            [
              20.672139,
              48.219338
            ],
            [
              20.668863,
              48.219014
            ],
            [
              20.665556,
              48.218906
            ],
            [
              20.662249,
              48.219014
            ],
            [
              20.658973,
              48.219338
            ],
            [
              20.655761,
              48.219874
            ],
            [
              20.652642,
              48.220617
            ],
            [
              20.649648,
              48.22156
            ],
            [
              20.646808,
              48.222694
            ],
            [
              20.644147,
              48.224007
            ],
            [
              20.641692,
              48.225489
            ],
            [
              20.639467,
              48.227123
            ],
            [
              20.637494,
              48.228895
            ],
            [
              20.63579,
              48.230787
            ],
            [
              20.634372,
              48.232781
            ],
            [
              20.633255,
              48.234858
            ],
            [
              20.632449,
              48.236998
            ],
            [
              20.631961,
              48.23918
            ],
            [
              20.631797,
              48.241384
            ],
            [
              20.631958,
              48.243588
            ],
            [
              20.632443,
              48.24577
            ],
            [
              20.633247,
              48.247911
            ],
            [
              20.634362,
              48.249989
            ],
            [
              20.635777,
              48.251984
            ],
            [
              20.63748,
              48.253876
            ],
            [
              20.639453,
              48.255649
            ],
            [
              20.641678,
              48.257284
            ],
            [
              20.644132,
              48.258767
            ],
            [
              20.646794,
              48.260081
            ],
            [
              20.649636,
              48.261216
            ],
            [
              20.652632,
              48.26216
            ],
            [
              20.655752,
              48.262904
            ],
            [
              20.658967,
              48.26344
            ],
            [
              20.662246,
              48.263764
            ],
            [
              20.665556,
              48.263872
            ]
          ]
        ]
      }
    },
    {
      "type": "Feature",
      "properties": {
        "name": "LHR9 / TISZAUJVAROS",
        "category": "restricted",
        "lower": "GND",
        "upper": "7500 FT ALT"
      },
      "geometry": {
        "type": "Polygon",
        "coordinates": [
          [
            [
              21.026111,
              47.930591
            ],
            [
              21.030058,
              47.930461
            ],
            [
              21.033966,
              47.930072
            ],
            [
              21.037799,
              47.929428
            ],
            [
              21.04152,
              47.928536
            ],
            [
              21.045091,
              47.927403
            ],
            [
              21.04848,
              47.926042
            ],
            [
              21.051653,
              47.924464
            ],
            [
              21.054579,
              47.922685
            ],
            [
              21.057231,
              47.920723
            ],
            [
              21.059583,
              47.918595
            ],
            [
              21.061613,
              47.916324
            ],
            [
              21.0633,
              47.91393
            ],
            [
              21.064629,
              47.911436
            ],
            [
              21.065587,
              47.908868
            ],
            [
              21.066165,
              47.906249
            ],
            [
              21.066356,
              47.903604
            ],
            [
              21.06616,
              47.90096
            ],
            [
              21.065579,
              47.898341
            ],
            [
              21.064618,
              47.895773
            ],
            [
              21.063285,
              47.89328
            ],
            [
              21.061595,
              47.890887
            ],
            [
              21.059564,
              47.888617
            ],
            [
              21.057211,
              47.886491
            ],
            [
              21.054558,
              47.88453
            ],
            [
              21.051632,
              47.882753
            ],
            [
              21.04846,
              47.881176
            ],
            [
              21.045074,
              47.879816
            ],
            [
              21.041505,
              47.878684
            ],
            [
              21.037788,
              47.877792
            ],
            [
              21.033958,
              47.877149
            ],
            [
              21.030054,
              47.876761
            ],
            [
              21.026111,
              47.876631
            ],
            [
              21.022168,
              47.876761
            ],
            [
              21.018264,
              47.877149
            ],
            [
              21.014434,
              47.877792
            ],
            [
              21.010717,
              47.878684
            ],
            [
              21.007148,
              47.879816
            ],
            [
              21.003762,
              47.881176
            ],
            [
              21.00059,
              47.882753
            ],
            [
              20.997664,
              47.88453
            ],
            [
              20.995011,
              47.886491
            ],
            [
              20.992658,
              47.888617
            ],
            [
              20.990627,
              47.890887
            ],
            [
              20.988937,
              47.89328
            ],
            [
              20.987604,
              47.895773
            ],
            [
              20.986643,
              47.898341
            ],
            [
              20.986062,
              47.90096
            ],
            [
              20.985866,
              47.903604
            ],
            [
              20.986057,
              47.906249
            ],
            [
              20.986635,
              47.908868
            ],
            [
              20.987593,
              47.911436
            ],
            [
              20.988922,
              47.91393
            ],
            [
              20.990609,
              47.916324
            ],
            [
              20.992639,
              47.918595
            ],
            [
              20.994991,
              47.920723
            ],
            [
              20.997643,
              47.922685
            ],
            [
              21.000569,
              47.924464
            ],
            [
              21.003742,
              47.926042
            ],
            [
              21.007131,
              47.927403
            ],
            [
              21.010702,
              47.928536
            ],
            [
              21.014423,
              47.929428
            ],
            [
              21.018256,
              47.930072
            ],
            [
              21.022164,
              47.930461
            ],
            [
              21.026111,
              47.930591
            ]
          ]
        ]
      }
    },
    {
      "type": "Feature",
      "properties": {
        "name": "LHR10 / HAJDUSZOBOSZLO",
        "category": "restricted",
        "lower": "GND",
        "upper": "7500 FT ALT"
      },
      "geometry": {
        "type": "Polygon",
        "coordinates": [
          [
            [
              21.381389,
              47.576633
            ],
            [
              21.387922,
              47.576416
            ],
            [
              21.394393,
              47.575768
            ],
            [
              21.400737,
              47.574695
            ],
            [
              21.406895,
              47.573207
            ],
            [
              21.412807,
              47.571319
            ],
            [
              21.418415,
              47.569049
            ],
            [
              21.423667,
              47.566418
            ],
            [
              21.42851,
              47.563453
            ],
            [
              21.432898,
              47.560182
            ],
            [
              21.43679,
              47.556635
            ],
            [
              21.440147,
              47.552849
            ],
            [
              21.442938,
              47.548858
            ],
            [
              21.445136,
              47.544702
            ],
            [
              21.446719,
              47.540421
            ],
            [
              21.447672,
              47.536055
            ],
            [
              21.447987,
              47.531648
            ],
            [
              21.447661,
              47.52724
            ],
            [
              21.446697,
              47.522876
            ],
            [
              21.445104,
              47.518596
            ],
            [
              21.442898,
              47.514443
            ],
            [
              21.4401,
              47.510455
            ],
            [
              21.436737,
              47.506672
            ],
            [
              21.432842,
              47.503129
            ],
            [
              21.428453,
              47.499862
            ],
            [
              21.423611,
              47.4969
            ],
            [
              21.418363,
              47.494273
            ],
            [
              21.41276,
              47.492006
            ],
            [
              21.406855,
              47.490121
            ],
            [
              21.400706,
              47.488636
            ],
            [
              21.394371,
              47.487564
            ],
            [
              21.387911,
              47.486917
            ],
            [
              21.381389,
              47.486701
            ],
            [
              21.374867,
              47.486917
            ],
            [
              21.368407,
              47.487564
            ],
            [
              21.362072,
              47.488636
            ],
            [
              21.355923,
              47.490121
            ],
            [
              21.350018,
              47.492006
            ],
            [
              21.344415,
              47.494273
            ],
            [
              21.339167,
              47.4969
            ],
            [
              21.334325,
              47.499862
            ],
            [
              21.329936,
              47.503129
            ],
            [
              21.326041,
              47.506672
            ],
            [
              21.322678,
              47.510455
            ],
            [
              21.31988,
              47.514443
            ],
            [
              21.317674,
              47.518596
            ],
            [
              21.316081,
              47.522876
            ],
            [
              21.315117,
              47.52724
            ],
            [
              21.314791,
              47.531648
            ],
            [
              21.315106,
              47.536055
            ],
            [
              21.316059,
              47.540421
            ],
            [
              21.317642,
              47.544702
            ],
            [
              21.31984,
              47.548858
            ],
            [
              21.322631,
              47.552849
            ],
            [
              21.325988,
              47.556635
            ],
            [
              21.32988,
              47.560182
            ],
            [
              21.334268,
              47.563453
            ],
            [
              21.339111,
              47.566418
            ],
            [
              21.344363,
              47.569049
            ],
            [
              21.349971,
              47.571319
            ],
            [
              21.355883,
              47.573207
            ],
            [
              21.362041,
              47.574695
            ],
            [
              21.368385,
              47.575768
            ],
            [
              21.374856,
              47.576416
            ],
            [
              21.381389,
              47.576633
            ]
          ]
        ]
      }
    },
    {
      "type": "Feature",
      "properties": {
        "name": "LHR12 / SAJOBABONY",
        "category": "restricted",
        "lower": "GND",
        "upper": "7500 FT ALT"
      },
      "geometry": {
        "type": "Polygon",
        "coordinates": [
          [
            [
              20.714722,
              48.18099
            ],
            [
              20.716705,
              48.180925
            ],
            [
              20.718669,
              48.180731
            ],
            [
              20.720595,
              48.180409
            ],
            [
              20.722464,
              48.179963
            ],
            [
              20.724259,
              48.179397
            ],
            [
              20.725961,
              48.178716
            ],
            [
              20.727556,
              48.177927
            ],
            [
              20.729027,
              48.177038
            ],
            [
              20.73036,
              48.176057
            ],
            [
              20.731542,
              48.174993
            ],
            [
              20.732562,
              48.173858
            ],
            [
              20.73341,
              48.172661
            ],
            [
              20.734079,
              48.171414
            ],
            [
              20.73456,
              48.17013
            ],
            [
              20.734851,
              48.16882
            ],
            [
              20.734948,
              48.167498
            ],
            [
              20.73485,
              48.166176
            ],
            [
              20.734558,
              48.164867
            ],
            [
              20.734076,
              48.163582
            ],
            [
              20.733406,
              48.162336
            ],
            [
              20.732558,
              48.16114
            ],
            [
              20.731537,
              48.160004
            ],
            [
              20.730354,
              48.158941
            ],
            [
              20.729021,
              48.15796
            ],
            [
              20.727551,
              48.157072
            ],
            [
              20.725956,
              48.156283
            ],
            [
              20.724254,
              48.155603
            ],
            [
              20.72246,
              48.155037
            ],
            [
              20.720592,
              48.154591
            ],
            [
              20.718667,
              48.154269
            ],
            [
              20.716704,
              48.154075
            ],
            [
              20.714722,
              48.15401
            ],
            [
              20.71274,
              48.154075
            ],
            [
              20.710777,
              48.154269
            ],
            [
              20.708852,
              48.154591
            ],
            [
              20.706984,
              48.155037
            ],
            [
              20.70519,
              48.155603
            ],
            [
              20.703488,
              48.156283
            ],
            [
              20.701893,
              48.157072
            ],
            [
              20.700423,
              48.15796
            ],
            [
              20.69909,
              48.158941
            ],
            [
              20.697907,
              48.160004
            ],
            [
              20.696886,
              48.16114
            ],
            [
              20.696038,
              48.162336
            ],
            [
              20.695368,
              48.163582
            ],
            [
              20.694886,
              48.164867
            ],
            [
              20.694594,
              48.166176
            ],
            [
              20.694496,
              48.167498
            ],
            [
              20.694593,
              48.16882
            ],
            [
              20.694884,
              48.17013
            ],
            [
              20.695365,
              48.171414
            ],
            [
              20.696034,
              48.172661
            ],
            [
              20.696882,
              48.173858
            ],
            [
              20.697902,
              48.174993
            ],
            [
              20.699084,
              48.176057
            ],
            [
              20.700417,
              48.177038
            ],
            [
              20.701888,
              48.177927
            ],
            [
              20.703483,
              48.178716
            ],
            [
              20.705185,
              48.179397
            ],
            [
              20.70698,
              48.179963
            ],
            [
              20.708849,
              48.180409
            ],
            [
              20.710775,
              48.180731
            ],
            [
              20.712739,
              48.180925
            ],
            [
              20.714722,
              48.18099
            ]
          ]
        ]
      }
    },
    {
      "type": "Feature",
      "properties": {
        "name": "LHR15 / DUNAUJVAROS",
        "category": "restricted",
        "lower": "GND",
        "upper": "7500 FT ALT"
      },
      "geometry": {
        "type": "Polygon",
        "coordinates": [
          [
            [
              18.931667,
              46.968819
            ],
            [
              18.934251,
              46.968733
            ],
            [
              18.936809,
              46.968474
            ],
            [
              18.939318,
              46.968045
            ],
            [
              18.941753,
              46.96745
            ],
            [
              18.944091,
              46.966695
            ],
            [
              18.94631,
              46.965787
            ],
            [
              18.948387,
              46.964735
            ],
            [
              18.950303,
              46.96355
            ],
            [
              18.952039,
              46.962242
            ],
            [
              18.953579,
              46.960824
            ],
            [
              18.954908,
              46.959309
            ],
            [
              18.956013,
              46.957714
            ],
            [
              18.956884,
              46.956051
            ],
            [
              18.957511,
              46.954339
            ],
            [
              18.95789,
              46.952593
            ],
            [
              18.958016,
              46.95083
            ],
            [
              18.957888,
              46.949067
            ],
            [
              18.957508,
              46.947321
            ],
            [
              18.956879,
              46.945609
            ],
            [
              18.956007,
              46.943947
            ],
            [
              18.954901,
              46.942352
            ],
            [
              18.953571,
              46.940838
            ],
            [
              18.952031,
              46.939421
            ],
            [
              18.950294,
              46.938113
            ],
            [
              18.948378,
              46.936928
            ],
            [
              18.946302,
              46.935877
            ],
            [
              18.944084,
              46.93497
            ],
            [
              18.941747,
              46.934215
            ],
            [
              18.939313,
              46.933621
            ],
            [
              18.936806,
              46.933192
            ],
            [
              18.934249,
              46.932933
            ],
            [
              18.931667,
              46.932847
            ],
            [
              18.929085,
              46.932933
            ],
            [
              18.926528,
              46.933192
            ],
            [
              18.924021,
              46.933621
            ],
            [
              18.921587,
              46.934215
            ],
            [
              18.91925,
              46.93497
            ],
            [
              18.917032,
              46.935877
            ],
            [
              18.914956,
              46.936928
            ],
            [
              18.91304,
              46.938113
            ],
            [
              18.911303,
              46.939421
            ],
            [
              18.909763,
              46.940838
            ],
            [
              18.908433,
              46.942352
            ],
            [
              18.907327,
              46.943947
            ],
            [
              18.906455,
              46.945609
            ],
            [
              18.905826,
              46.947321
            ],
            [
              18.905446,
              46.949067
            ],
            [
              18.905318,
              46.95083
            ],
            [
              18.905444,
              46.952593
            ],
            [
              18.905823,
              46.954339
            ],
            [
              18.90645,
              46.956051
            ],
            [
              18.907321,
              46.957714
            ],
            [
              18.908426,
              46.959309
            ],
            [
              18.909755,
              46.960824
            ],
            [
              18.911295,
              46.962242
            ],
            [
              18.913031,
              46.96355
            ],
            [
              18.914947,
              46.964735
            ],
            [
              18.917024,
              46.965787
            ],
            [
              18.919243,
              46.966695
            ],
            [
              18.921581,
              46.96745
            ],
            [
              18.924016,
              46.968045
            ],
            [
              18.926525,
              46.968474
            ],
            [
              18.929083,
              46.968733
            ],
            [
              18.931667,
              46.968819
            ]
          ]
        ]
      }
    },
    {
      "type": "Feature",
      "properties": {
        "name": "LHR16 / SZOLNOK-TOSZEG",
        "category": "restricted",
        "lower": "GND",
        "upper": "7500 FT ALT"
      },
      "geometry": {
        "type": "Polygon",
        "coordinates": [
          [
            [
              20.131389,
              47.15243
            ],
            [
              20.133981,
              47.152344
            ],
            [
              20.136549,
              47.152085
            ],
            [
              20.139067,
              47.151656
            ],
            [
              20.14151,
              47.151061
            ],
            [
              20.143856,
              47.150306
            ],
            [
              20.146082,
              47.149398
            ],
            [
              20.148167,
              47.148346
            ],
            [
              20.150089,
              47.147161
            ],
            [
              20.151832,
              47.145853
            ],
            [
              20.153377,
              47.144435
            ],
            [
              20.15471,
              47.14292
            ],
            [
              20.155819,
              47.141325
            ],
            [
              20.156693,
              47.139662
            ],
            [
              20.157322,
              47.13795
            ],
            [
              20.157702,
              47.136204
            ],
            [
              20.157829,
              47.134441
            ],
            [
              20.157701,
              47.132678
            ],
            [
              20.157319,
              47.130932
            ],
            [
              20.156688,
              47.12922
            ],
            [
              20.155813,
              47.127558
            ],
            [
              20.154703,
              47.125963
            ],
            [
              20.153369,
              47.124449
            ],
            [
              20.151823,
              47.123032
            ],
            [
              20.15008,
              47.121724
            ],
            [
              20.148158,
              47.120539
            ],
            [
              20.146074,
              47.119488
            ],
            [
              20.143849,
              47.118581
            ],
            [
              20.141504,
              47.117826
            ],
            [
              20.139062,
              47.117232
            ],
            [
              20.136545,
              47.116803
            ],
            [
              20.13398,
              47.116544
            ],
            [
              20.131389,
              47.116458
            ],
            [
              20.128798,
              47.116544
            ],
            [
              20.126233,
              47.116803
            ],
            [
              20.123716,
              47.117232
            ],
            [
              20.121274,
              47.117826
            ],
            [
              20.118929,
              47.118581
            ],
            [
              20.116704,
              47.119488
            ],
            [
              20.11462,
              47.120539
            ],
            [
              20.112698,
              47.121724
            ],
            [
              20.110955,
              47.123032
            ],
            [
              20.109409,
              47.124449
            ],
            [
              20.108075,
              47.125963
            ],
            [
              20.106965,
              47.127558
            ],
            [
              20.10609,
              47.12922
            ],
            [
              20.105459,
              47.130932
            ],
            [
              20.105077,
              47.132678
            ],
            [
              20.104949,
              47.134441
            ],
            [
              20.105076,
              47.136204
            ],
            [
              20.105456,
              47.13795
            ],
            [
              20.106085,
              47.139662
            ],
            [
              20.106959,
              47.141325
            ],
            [
              20.108068,
              47.14292
            ],
            [
              20.109401,
              47.144435
            ],
            [
              20.110946,
              47.145853
            ],
            [
              20.112689,
              47.147161
            ],
            [
              20.114611,
              47.148346
            ],
            [
              20.116696,
              47.149398
            ],
            [
              20.118922,
              47.150306
            ],
            [
              20.121268,
              47.151061
            ],
            [
              20.123711,
              47.151656
            ],
            [
              20.126229,
              47.152085
            ],
            [
              20.128797,
              47.152344
            ],
            [
              20.131389,
              47.15243
            ]
          ]
        ]
      }
    },
    {
      "type": "Feature",
      "properties": {
        "name": "LHR22 / PET",
        "category": "restricted",
        "lower": "GND",
        "upper": "7500 FT ALT"
      },
      "geometry": {
        "type": "Polygon",
        "coordinates": [
          [
            [
              18.14,
              47.185486
            ],
            [
              18.142594,
              47.1854
            ],
            [
              18.145163,
              47.185141
            ],
            [
              18.147682,
              47.184712
            ],
            [
              18.150128,
              47.184117
            ],
            [
              18.152475,
              47.183362
            ],
            [
              18.154702,
              47.182454
            ],
            [
              18.156788,
              47.181402
            ],
            [
              18.158712,
              47.180217
            ],
            [
              18.160455,
              47.178909
            ],
            [
              18.162002,
              47.177491
            ],
            [
              18.163336,
              47.175976
            ],
            [
              18.164445,
              47.174381
            ],
            [
              18.165319,
              47.172718
            ],
            [
              18.16595,
              47.171006
            ],
            [
              18.16633,
              47.16926
            ],
            [
              18.166456,
              47.167497
            ],
            [
              18.166328,
              47.165734
            ],
            [
              18.165946,
              47.163988
            ],
            [
              18.165315,
              47.162276
            ],
            [
              18.164439,
              47.160614
            ],
            [
              18.163329,
              47.159019
            ],
            [
              18.161993,
              47.157505
            ],
            [
              18.160447,
              47.156088
            ],
            [
              18.158703,
              47.15478
            ],
            [
              18.156779,
              47.153595
            ],
            [
              18.154694,
              47.152544
            ],
            [
              18.152468,
              47.151637
            ],
            [
              18.150121,
              47.150882
            ],
            [
              18.147677,
              47.150288
            ],
            [
              18.14516,
              47.149859
            ],
            [
              18.142592,
              47.1496
            ],
            [
              18.14,
              47.149514
            ],
            [
              18.137408,
              47.1496
            ],
            [
              18.13484,
              47.149859
            ],
            [
              18.132323,
              47.150288
            ],
            [
              18.129879,
              47.150882
            ],
            [
              18.127532,
              47.151637
            ],
            [
              18.125306,
              47.152544
            ],
            [
              18.123221,
              47.153595
            ],
            [
              18.121297,
              47.15478
            ],
            [
              18.119553,
              47.156088
            ],
            [
              18.118007,
              47.157505
            ],
            [
              18.116671,
              47.159019
            ],
            [
              18.115561,
              47.160614
            ],
            [
              18.114685,
              47.162276
            ],
            [
              18.114054,
              47.163988
            ],
            [
              18.113672,
              47.165734
            ],
            [
              18.113544,
              47.167497
            ],
            [
              18.11367,
              47.16926
            ],
            [
              18.11405,
              47.171006
            ],
            [
              18.114681,
              47.172718
            ],
            [
              18.115555,
              47.174381
            ],
            [
              18.116664,
              47.175976
            ],
            [
              18.117998,
              47.177491
            ],
            [
              18.119545,
              47.178909
            ],
            [
              18.121288,
              47.180217
            ],
            [
              18.123212,
              47.181402
            ],
            [
              18.125298,
              47.182454
            ],
            [
              18.127525,
              47.183362
            ],
            [
              18.129872,
              47.184117
            ],
            [
              18.132318,
              47.184712
            ],
            [
              18.134837,
              47.185141
            ],
            [
              18.137406,
              47.1854
            ],
            [
              18.14,
              47.185486
            ]
          ]
        ]
      }
    },
    {
      "type": "Feature",
      "properties": {
        "name": "LHR29 / NYIRTELEK",
        "category": "restricted",
        "lower": "GND",
        "upper": "2500 FT ALT"
      },
      "geometry": {
        "type": "Polygon",
        "coordinates": [
          [
            [
              21.640833,
              48.053039
            ],
            [
              21.64413,
              48.052931
            ],
            [
              21.647395,
              48.052607
            ],
            [
              21.650597,
              48.052071
            ],
            [
              21.653704,
              48.051327
            ],
            [
              21.656688,
              48.050383
            ],
            [
              21.659518,
              48.049248
            ],
            [
              21.662169,
              48.047934
            ],
            [
              21.664613,
              48.046451
            ],
            [
              21.666829,
              48.044816
            ],
            [
              21.668794,
              48.043044
            ],
            [
              21.67049,
              48.041151
            ],
            [
              21.671899,
              48.039156
            ],
            [
              21.67301,
              48.037078
            ],
            [
              21.67381,
              48.034938
            ],
            [
              21.674293,
              48.032755
            ],
            [
              21.674453,
              48.030551
            ],
            [
              21.67429,
              48.028347
            ],
            [
              21.673804,
              48.026165
            ],
            [
              21.673002,
              48.024025
            ],
            [
              21.671889,
              48.021948
            ],
            [
              21.670477,
              48.019954
            ],
            [
              21.66878,
              48.018062
            ],
            [
              21.666815,
              48.01629
            ],
            [
              21.664599,
              48.014656
            ],
            [
              21.662154,
              48.013174
            ],
            [
              21.659505,
              48.011861
            ],
            [
              21.656675,
              48.010727
            ],
            [
              21.653694,
              48.009784
            ],
            [
              21.650588,
              48.009041
            ],
            [
              21.647389,
              48.008505
            ],
            [
              21.644127,
              48.008181
            ],
            [
              21.640833,
              48.008073
            ],
            [
              21.637539,
              48.008181
            ],
            [
              21.634277,
              48.008505
            ],
            [
              21.631078,
              48.009041
            ],
            [
              21.627972,
              48.009784
            ],
            [
              21.624991,
              48.010727
            ],
            [
              21.622161,
              48.011861
            ],
            [
              21.619512,
              48.013174
            ],
            [
              21.617067,
              48.014656
            ],
            [
              21.614851,
              48.01629
            ],
            [
              21.612886,
              48.018062
            ],
            [
              21.611189,
              48.019954
            ],
            [
              21.609777,
              48.021948
            ],
            [
              21.608664,
              48.024025
            ],
            [
              21.607862,
              48.026165
            ],
            [
              21.607376,
              48.028347
            ],
            [
              21.607213,
              48.030551
            ],
            [
              21.607373,
              48.032755
            ],
            [
              21.607856,
              48.034938
            ],
            [
              21.608656,
              48.037078
            ],
            [
              21.609767,
              48.039156
            ],
            [
              21.611176,
              48.041151
            ],
            [
              21.612872,
              48.043044
            ],
            [
              21.614837,
              48.044816
            ],
            [
              21.617053,
              48.046451
            ],
            [
              21.619497,
              48.047934
            ],
            [
              21.622148,
              48.049248
            ],
            [
              21.624978,
              48.050383
            ],
            [
              21.627962,
              48.051327
            ],
            [
              21.631069,
              48.052071
            ],
            [
              21.634271,
              48.052607
            ],
            [
              21.637536,
              48.052931
            ],
            [
              21.640833,
              48.053039
            ]
          ]
        ]
      }
    },
    {
      "type": "Feature",
      "properties": {
        "name": "LHR33 / HETENYEGYHAZA",
        "category": "restricted",
        "lower": "GND",
        "upper": "2500 FT ALT"
      },
      "geometry": {
        "type": "Polygon",
        "coordinates": [
          [
            [
              19.598611,
              46.949653
            ],
            [
              19.601194,
              46.949567
            ],
            [
              19.603751,
              46.949308
            ],
            [
              19.606259,
              46.948879
            ],
            [
              19.608694,
              46.948284
            ],
            [
              19.611031,
              46.947529
            ],
            [
              19.613249,
              46.946621
            ],
            [
              19.615325,
              46.945569
            ],
            [
              19.61724,
              46.944384
            ],
            [
              19.618976,
              46.943076
            ],
            [
              19.620516,
              46.941658
            ],
            [
              19.621844,
              46.940143
            ],
            [
              19.622949,
              46.938548
            ],
            [
              19.623819,
              46.936885
            ],
            [
              19.624446,
              46.935173
            ],
            [
              19.624824,
              46.933427
            ],
            [
              19.62495,
              46.931664
            ],
            [
              19.624823,
              46.929901
            ],
            [
              19.624443,
              46.928155
            ],
            [
              19.623814,
              46.926443
            ],
            [
              19.622942,
              46.924781
            ],
            [
              19.621837,
              46.923186
            ],
            [
              19.620507,
              46.921672
            ],
            [
              19.618967,
              46.920255
            ],
            [
              19.617231,
              46.918947
            ],
            [
              19.615316,
              46.917762
            ],
            [
              19.61324,
              46.916711
            ],
            [
              19.611024,
              46.915804
            ],
            [
              19.608688,
              46.915049
            ],
            [
              19.606254,
              46.914455
            ],
            [
              19.603748,
              46.914026
            ],
            [
              19.601192,
              46.913767
            ],
            [
              19.598611,
              46.913681
            ],
            [
              19.59603,
              46.913767
            ],
            [
              19.593474,
              46.914026
            ],
            [
              19.590968,
              46.914455
            ],
            [
              19.588534,
              46.915049
            ],
            [
              19.586198,
              46.915804
            ],
            [
              19.583982,
              46.916711
            ],
            [
              19.581906,
              46.917762
            ],
            [
              19.579991,
              46.918947
            ],
            [
              19.578255,
              46.920255
            ],
            [
              19.576715,
              46.921672
            ],
            [
              19.575385,
              46.923186
            ],
            [
              19.57428,
              46.924781
            ],
            [
              19.573408,
              46.926443
            ],
            [
              19.572779,
              46.928155
            ],
            [
              19.572399,
              46.929901
            ],
            [
              19.572272,
              46.931664
            ],
            [
              19.572398,
              46.933427
            ],
            [
              19.572776,
              46.935173
            ],
            [
              19.573403,
              46.936885
            ],
            [
              19.574273,
              46.938548
            ],
            [
              19.575378,
              46.940143
            ],
            [
              19.576706,
              46.941658
            ],
            [
              19.578246,
              46.943076
            ],
            [
              19.579982,
              46.944384
            ],
            [
              19.581897,
              46.945569
            ],
            [
              19.583973,
              46.946621
            ],
            [
              19.586191,
              46.947529
            ],
            [
              19.588528,
              46.948284
            ],
            [
              19.590963,
              46.948879
            ],
            [
              19.593471,
              46.949308
            ],
            [
              19.596028,
              46.949567
            ],
            [
              19.598611,
              46.949653
            ]
          ]
        ]
      }
    },
    {
      "type": "Feature",
      "properties": {
        "name": "LHR34 / TABORFALVA",
        "category": "restricted",
        "lower": "GND",
        "upper": "3000 FT ALT"
      },
      "geometry": {
        "type": "Polygon",
        "coordinates": [
          [
            [
              19.426111,
              47.1075
            ],
            [
              19.407222,
              47.054722
            ],
            [
              19.459167,
              47.0425
            ],
            [
              19.48,
              47.096667
            ],
            [
              19.426111,
              47.1075
            ]
          ]
        ]
      }
    },
    {
      "type": "Feature",
      "properties": {
        "name": "LHR35 / PUSTAVACS",
        "category": "restricted",
        "lower": "GND",
        "upper": "2500 FT ALT"
      },
      "geometry": {
        "type": "Polygon",
        "coordinates": [
          [
            [
              19.468333,
              47.188316
            ],
            [
              19.471576,
              47.188208
            ],
            [
              19.474787,
              47.187884
            ],
            [
              19.477936,
              47.187348
            ],
            [
              19.480993,
              47.186604
            ],
            [
              19.483928,
              47.18566
            ],
            [
              19.486712,
              47.184525
            ],
            [
              19.489319,
              47.183211
            ],
            [
              19.491723,
              47.181729
            ],
            [
              19.493903,
              47.180093
            ],
            [
              19.495835,
              47.178321
            ],
            [
              19.497503,
              47.176428
            ],
            [
              19.49889,
              47.174433
            ],
            [
              19.499982,
              47.172355
            ],
            [
              19.500769,
              47.170215
            ],
            [
              19.501244,
              47.168032
            ],
            [
              19.501402,
              47.165828
            ],
            [
              19.501242,
              47.163625
            ],
            [
              19.500764,
              47.161442
            ],
            [
              19.499974,
              47.159302
            ],
            [
              19.49888,
              47.157225
            ],
            [
              19.497492,
              47.155231
            ],
            [
              19.495823,
              47.153339
            ],
            [
              19.493889,
              47.151567
            ],
            [
              19.491709,
              47.149933
            ],
            [
              19.489305,
              47.148451
            ],
            [
              19.486699,
              47.147138
            ],
            [
              19.483916,
              47.146004
            ],
            [
              19.480983,
              47.145061
            ],
            [
              19.477929,
              47.144318
            ],
            [
              19.474782,
              47.143782
            ],
            [
              19.471573,
              47.143458
            ],
            [
              19.468333,
              47.14335
            ],
            [
              19.465093,
              47.143458
            ],
            [
              19.461884,
              47.143782
            ],
            [
              19.458737,
              47.144318
            ],
            [
              19.455683,
              47.145061
            ],
            [
              19.45275,
              47.146004
            ],
            [
              19.449967,
              47.147138
            ],
            [
              19.447361,
              47.148451
            ],
            [
              19.444957,
              47.149933
            ],
            [
              19.442777,
              47.151567
            ],
            [
              19.440843,
              47.153339
            ],
            [
              19.439174,
              47.155231
            ],
            [
              19.437786,
              47.157225
            ],
            [
              19.436692,
              47.159302
            ],
            [
              19.435902,
              47.161442
            ],
            [
              19.435424,
              47.163625
            ],
            [
              19.435264,
              47.165828
            ],
            [
              19.435422,
              47.168032
            ],
            [
              19.435897,
              47.170215
            ],
            [
              19.436684,
              47.172355
            ],
            [
              19.437776,
              47.174433
            ],
            [
              19.439163,
              47.176428
            ],
            [
              19.440831,
              47.178321
            ],
            [
              19.442763,
              47.180093
            ],
            [
              19.444943,
              47.181729
            ],
            [
              19.447347,
              47.183211
            ],
            [
              19.449954,
              47.184525
            ],
            [
              19.452738,
              47.18566
            ],
            [
              19.455673,
              47.186604
            ],
            [
              19.45873,
              47.187348
            ],
            [
              19.461879,
              47.187884
            ],
            [
              19.46509,
              47.188208
            ],
            [
              19.468333,
              47.188316
            ]
          ]
        ]
      }
    },
    {
      "type": "Feature",
      "properties": {
        "name": "LHR36 / PUSZTAEDERICS",
        "category": "restricted",
        "lower": "GND",
        "upper": "7500 FT ALT"
      },
      "geometry": {
        "type": "Polygon",
        "coordinates": [
          [
            [
              16.794444,
              46.679427
            ],
            [
              16.797656,
              46.679319
            ],
            [
              16.800837,
              46.678995
            ],
            [
              16.803957,
              46.678459
            ],
            [
              16.806984,
              46.677715
            ],
            [
              16.809891,
              46.676771
            ],
            [
              16.812649,
              46.675637
            ],
            [
              16.815231,
              46.674322
            ],
            [
              16.817613,
              46.67284
            ],
            [
              16.819772,
              46.671204
            ],
            [
              16.821686,
              46.669432
            ],
            [
              16.823338,
              46.667539
            ],
            [
              16.824712,
              46.665544
            ],
            [
              16.825794,
              46.663466
            ],
            [
              16.826574,
              46.661326
            ],
            [
              16.827044,
              46.659143
            ],
            [
              16.827201,
              46.656939
            ],
            [
              16.827042,
              46.654736
            ],
            [
              16.826569,
              46.652553
            ],
            [
              16.825786,
              46.650413
            ],
            [
              16.824702,
              46.648336
            ],
            [
              16.823327,
              46.646342
            ],
            [
              16.821674,
              46.64445
            ],
            [
              16.819759,
              46.642678
            ],
            [
              16.8176,
              46.641044
            ],
            [
              16.815218,
              46.639562
            ],
            [
              16.812636,
              46.638249
            ],
            [
              16.80988,
              46.637115
            ],
            [
              16.806975,
              46.636172
            ],
            [
              16.803949,
              46.635429
            ],
            [
              16.800832,
              46.634893
            ],
            [
              16.797653,
              46.634569
            ],
            [
              16.794444,
              46.634461
            ],
            [
              16.791235,
              46.634569
            ],
            [
              16.788056,
              46.634893
            ],
            [
              16.784939,
              46.635429
            ],
            [
              16.781913,
              46.636172
            ],
            [
              16.779008,
              46.637115
            ],
            [
              16.776252,
              46.638249
            ],
            [
              16.77367,
              46.639562
            ],
            [
              16.771288,
              46.641044
            ],
            [
              16.769129,
              46.642678
            ],
            [
              16.767214,
              46.64445
            ],
            [
              16.765561,
              46.646342
            ],
            [
              16.764186,
              46.648336
            ],
            [
              16.763102,
              46.650413
            ],
            [
              16.762319,
              46.652553
            ],
            [
              16.761846,
              46.654736
            ],
            [
              16.761687,
              46.656939
            ],
            [
              16.761844,
              46.659143
            ],
            [
              16.762314,
              46.661326
            ],
            [
              16.763094,
              46.663466
            ],
            [
              16.764176,
              46.665544
            ],
            [
              16.76555,
              46.667539
            ],
            [
              16.767202,
              46.669432
            ],
            [
              16.769116,
              46.671204
            ],
            [
              16.771275,
              46.67284
            ],
            [
              16.773657,
              46.674322
            ],
            [
              16.776239,
              46.675637
            ],
            [
              16.778997,
              46.676771
            ],
            [
              16.781904,
              46.677715
            ],
            [
              16.784931,
              46.678459
            ],
            [
              16.788051,
              46.678995
            ],
            [
              16.791232,
              46.679319
            ],
            [
              16.794444,
              46.679427
            ]
          ]
        ]
      }
    },
    {
      "type": "Feature",
      "properties": {
        "name": "LHR37 / ZSANA",
        "category": "restricted",
        "lower": "GND",
        "upper": "7500 FT ALT"
      },
      "geometry": {
        "type": "Polygon",
        "coordinates": [
          [
            [
              19.7,
              46.446094
            ],
            [
              19.703198,
              46.445986
            ],
            [
              19.706366,
              46.445662
            ],
            [
              19.709472,
              46.445126
            ],
            [
              19.712486,
              46.444382
            ],
            [
              19.715381,
              46.443438
            ],
            [
              19.718127,
              46.442304
            ],
            [
              19.720698,
              46.440989
            ],
            [
              19.72307,
              46.439507
            ],
            [
              19.725219,
              46.437871
            ],
            [
              19.727126,
              46.436099
            ],
            [
              19.728771,
              46.434206
            ],
            [
              19.730138,
              46.432211
            ],
            [
              19.731216,
              46.430133
            ],
            [
              19.731992,
              46.427993
            ],
            [
              19.73246,
              46.42581
            ],
            [
              19.732616,
              46.423606
            ],
            [
              19.732458,
              46.421403
            ],
            [
              19.731987,
              46.41922
            ],
            [
              19.731208,
              46.41708
            ],
            [
              19.730129,
              46.415003
            ],
            [
              19.728759,
              46.413009
            ],
            [
              19.727113,
              46.411117
            ],
            [
              19.725206,
              46.409345
            ],
            [
              19.723056,
              46.407711
            ],
            [
              19.720685,
              46.40623
            ],
            [
              19.718114,
              46.404916
            ],
            [
              19.71537,
              46.403782
            ],
            [
              19.712477,
              46.402839
            ],
            [
              19.709464,
              46.402096
            ],
            [
              19.706361,
              46.40156
            ],
            [
              19.703196,
              46.401236
            ],
            [
              19.7,
              46.401128
            ],
            [
              19.696804,
              46.401236
            ],
            [
              19.693639,
              46.40156
            ],
            [
              19.690536,
              46.402096
            ],
            [
              19.687523,
              46.402839
            ],
            [
              19.68463,
              46.403782
            ],
            [
              19.681886,
              46.404916
            ],
            [
              19.679315,
              46.40623
            ],
            [
              19.676944,
              46.407711
            ],
            [
              19.674794,
              46.409345
            ],
            [
              19.672887,
              46.411117
            ],
            [
              19.671241,
              46.413009
            ],
            [
              19.669871,
              46.415003
            ],
            [
              19.668792,
              46.41708
            ],
            [
              19.668013,
              46.41922
            ],
            [
              19.667542,
              46.421403
            ],
            [
              19.667384,
              46.423606
            ],
            [
              19.66754,
              46.42581
            ],
            [
              19.668008,
              46.427993
            ],
            [
              19.668784,
              46.430133
            ],
            [
              19.669862,
              46.432211
            ],
            [
              19.671229,
              46.434206
            ],
            [
              19.672874,
              46.436099
            ],
            [
              19.674781,
              46.437871
            ],
            [
              19.67693,
              46.439507
            ],
            [
              19.679302,
              46.440989
            ],
            [
              19.681873,
              46.442304
            ],
            [
              19.684619,
              46.443438
            ],
            [
              19.687514,
              46.444382
            ],
            [
              19.690528,
              46.445126
            ],
            [
              19.693634,
              46.445662
            ],
            [
              19.696802,
              46.445986
            ],
            [
              19.7,
              46.446094
            ]
          ]
        ]
      }
    },
    {
      "type": "Feature",
      "properties": {
        "name": "LHR38 / KARDOSKUT",
        "category": "restricted",
        "lower": "GND",
        "upper": "7500 FT ALT"
      },
      "geometry": {
        "type": "Polygon",
        "coordinates": [
          [
            [
              20.739722,
              46.522136
            ],
            [
              20.745487,
              46.521941
            ],
            [
              20.751196,
              46.521358
            ],
            [
              20.756795,
              46.520393
            ],
            [
              20.762228,
              46.519054
            ],
            [
              20.767445,
              46.517355
            ],
            [
              20.772394,
              46.515311
            ],
            [
              20.777028,
              46.512944
            ],
            [
              20.781302,
              46.510276
            ],
            [
              20.785175,
              46.507332
            ],
            [
              20.788609,
              46.50414
            ],
            [
              20.791572,
              46.500732
            ],
            [
              20.794036,
              46.497141
            ],
            [
              20.795975,
              46.493401
            ],
            [
              20.797373,
              46.489548
            ],
            [
              20.798215,
              46.485619
            ],
            [
              20.798494,
              46.481652
            ],
            [
              20.798207,
              46.477685
            ],
            [
              20.797356,
              46.473757
            ],
            [
              20.795951,
              46.469906
            ],
            [
              20.794005,
              46.466167
            ],
            [
              20.791536,
              46.462578
            ],
            [
              20.788569,
              46.459173
            ],
            [
              20.785132,
              46.455984
            ],
            [
              20.781258,
              46.453043
            ],
            [
              20.776985,
              46.450378
            ],
            [
              20.772354,
              46.448013
            ],
            [
              20.767409,
              46.445973
            ],
            [
              20.762198,
              46.444276
            ],
            [
              20.75677,
              46.442939
            ],
            [
              20.751179,
              46.441975
            ],
            [
              20.745478,
              46.441392
            ],
            [
              20.739722,
              46.441198
            ],
            [
              20.733966,
              46.441392
            ],
            [
              20.728265,
              46.441975
            ],
            [
              20.722674,
              46.442939
            ],
            [
              20.717246,
              46.444276
            ],
            [
              20.712035,
              46.445973
            ],
            [
              20.70709,
              46.448013
            ],
            [
              20.702459,
              46.450378
            ],
            [
              20.698186,
              46.453043
            ],
            [
              20.694312,
              46.455984
            ],
            [
              20.690875,
              46.459173
            ],
            [
              20.687908,
              46.462578
            ],
            [
              20.685439,
              46.466167
            ],
            [
              20.683493,
              46.469906
            ],
            [
              20.682088,
              46.473757
            ],
            [
              20.681237,
              46.477685
            ],
            [
              20.68095,
              46.481652
            ],
            [
              20.681229,
              46.485619
            ],
            [
              20.682071,
              46.489548
            ],
            [
              20.683469,
              46.493401
            ],
            [
              20.685408,
              46.497141
            ],
            [
              20.687872,
              46.500732
            ],
            [
              20.690835,
              46.50414
            ],
            [
              20.694269,
              46.507332
            ],
            [
              20.698142,
              46.510276
            ],
            [
              20.702416,
              46.512944
            ],
            [
              20.70705,
              46.515311
            ],
            [
              20.711999,
              46.517355
            ],
            [
              20.717216,
              46.519054
            ],
            [
              20.722649,
              46.520393
            ],
            [
              20.728248,
              46.521358
            ],
            [
              20.733957,
              46.521941
            ],
            [
              20.739722,
              46.522136
            ]
          ]
        ]
      }
    },
    {
      "type": "Feature",
      "properties": {
        "name": "LHR39 / SZAZHALOMBATTA II.",
        "category": "restricted",
        "lower": "GND",
        "upper": "1500 FT ALT"
      },
      "geometry": {
        "type": "Polygon",
        "coordinates": [
          [
            [
              18.910833,
              47.339125
            ],
            [
              18.912394,
              47.339073
            ],
            [
              18.91394,
              47.338917
            ],
            [
              18.915456,
              47.33866
            ],
            [
              18.916927,
              47.338303
            ],
            [
              18.91834,
              47.33785
            ],
            [
              18.91968,
              47.337306
            ],
            [
              18.920935,
              47.336675
            ],
            [
              18.922093,
              47.335963
            ],
            [
              18.923142,
              47.335179
            ],
            [
              18.924073,
              47.334328
            ],
            [
              18.924876,
              47.333419
            ],
            [
              18.925544,
              47.332462
            ],
            [
              18.92607,
              47.331465
            ],
            [
              18.92645,
              47.330437
            ],
            [
              18.926679,
              47.32939
            ],
            [
              18.926755,
              47.328332
            ],
            [
              18.926678,
              47.327274
            ],
            [
              18.926448,
              47.326227
            ],
            [
              18.926068,
              47.325199
            ],
            [
              18.925542,
              47.324202
            ],
            [
              18.924874,
              47.323245
            ],
            [
              18.92407,
              47.322337
            ],
            [
              18.923139,
              47.321486
            ],
            [
              18.92209,
              47.320701
            ],
            [
              18.920932,
              47.31999
            ],
            [
              18.919677,
              47.31936
            ],
            [
              18.918337,
              47.318815
            ],
            [
              18.916925,
              47.318362
            ],
            [
              18.915454,
              47.318006
            ],
            [
              18.913939,
              47.317748
            ],
            [
              18.912393,
              47.317593
            ],
            [
              18.910833,
              47.317541
            ],
            [
              18.909273,
              47.317593
            ],
            [
              18.907727,
              47.317748
            ],
            [
              18.906212,
              47.318006
            ],
            [
              18.904741,
              47.318362
            ],
            [
              18.903329,
              47.318815
            ],
            [
              18.901989,
              47.31936
            ],
            [
              18.900734,
              47.31999
            ],
            [
              18.899576,
              47.320701
            ],
            [
              18.898527,
              47.321486
            ],
            [
              18.897596,
              47.322337
            ],
            [
              18.896792,
              47.323245
            ],
            [
              18.896124,
              47.324202
            ],
            [
              18.895598,
              47.325199
            ],
            [
              18.895218,
              47.326227
            ],
            [
              18.894988,
              47.327274
            ],
            [
              18.894911,
              47.328332
            ],
            [
              18.894987,
              47.32939
            ],
            [
              18.895216,
              47.330437
            ],
            [
              18.895596,
              47.331465
            ],
            [
              18.896122,
              47.332462
            ],
            [
              18.89679,
              47.333419
            ],
            [
              18.897593,
              47.334328
            ],
            [
              18.898524,
              47.335179
            ],
            [
              18.899573,
              47.335963
            ],
            [
              18.900731,
              47.336675
            ],
            [
              18.901986,
              47.337306
            ],
            [
              18.903326,
              47.33785
            ],
            [
              18.904739,
              47.338303
            ],
            [
              18.90621,
              47.33866
            ],
            [
              18.907726,
              47.338917
            ],
            [
              18.909272,
              47.339073
            ],
            [
              18.910833,
              47.339125
            ]
          ]
        ]
      }
    },
    {
      "type": "Feature",
      "properties": {
        "name": "LHR40 / KISKUNFELEGYHAZA",
        "category": "restricted",
        "lower": "GND",
        "upper": "2500 FT ALT"
      },
      "geometry": {
        "type": "Polygon",
        "coordinates": [
          [
            [
              19.8475,
              46.695937
            ],
            [
              19.848785,
              46.695894
            ],
            [
              19.850058,
              46.695764
            ],
            [
              19.851306,
              46.69555
            ],
            [
              19.852518,
              46.695253
            ],
            [
              19.853681,
              46.694875
            ],
            [
              19.854785,
              46.694421
            ],
            [
              19.855818,
              46.693896
            ],
            [
              19.856771,
              46.693303
            ],
            [
              19.857635,
              46.692649
            ],
            [
              19.858402,
              46.69194
            ],
            [
              19.859063,
              46.691183
            ],
            [
              19.859613,
              46.690385
            ],
            [
              19.860046,
              46.689554
            ],
            [
              19.860358,
              46.688698
            ],
            [
              19.860547,
              46.687825
            ],
            [
              19.86061,
              46.686943
            ],
            [
              19.860547,
              46.686062
            ],
            [
              19.860358,
              46.685189
            ],
            [
              19.860045,
              46.684333
            ],
            [
              19.859611,
              46.683502
            ],
            [
              19.859061,
              46.682704
            ],
            [
              19.8584,
              46.681947
            ],
            [
              19.857633,
              46.681238
            ],
            [
              19.856769,
              46.680584
            ],
            [
              19.855816,
              46.679992
            ],
            [
              19.854782,
              46.679466
            ],
            [
              19.853679,
              46.679013
            ],
            [
              19.852516,
              46.678635
            ],
            [
              19.851305,
              46.678338
            ],
            [
              19.850057,
              46.678124
            ],
            [
              19.848785,
              46.677994
            ],
            [
              19.8475,
              46.677951
            ],
            [
              19.846215,
              46.677994
            ],
            [
              19.844943,
              46.678124
            ],
            [
              19.843695,
              46.678338
            ],
            [
              19.842484,
              46.678635
            ],
            [
              19.841321,
              46.679013
            ],
            [
              19.840218,
              46.679466
            ],
            [
              19.839184,
              46.679992
            ],
            [
              19.838231,
              46.680584
            ],
            [
              19.837367,
              46.681238
            ],
            [
              19.8366,
              46.681947
            ],
            [
              19.835939,
              46.682704
            ],
            [
              19.835389,
              46.683502
            ],
            [
              19.834955,
              46.684333
            ],
            [
              19.834642,
              46.685189
            ],
            [
              19.834453,
              46.686062
            ],
            [
              19.83439,
              46.686943
            ],
            [
              19.834453,
              46.687825
            ],
            [
              19.834642,
              46.688698
            ],
            [
              19.834954,
              46.689554
            ],
            [
              19.835387,
              46.690385
            ],
            [
              19.835937,
              46.691183
            ],
            [
              19.836598,
              46.69194
            ],
            [
              19.837365,
              46.692649
            ],
            [
              19.838229,
              46.693303
            ],
            [
              19.839182,
              46.693896
            ],
            [
              19.840215,
              46.694421
            ],
            [
              19.841319,
              46.694875
            ],
            [
              19.842482,
              46.695253
            ],
            [
              19.843694,
              46.69555
            ],
            [
              19.844942,
              46.695764
            ],
            [
              19.846215,
              46.695894
            ],
            [
              19.8475,
              46.695937
            ]
          ]
        ]
      }
    },
    {
      "type": "Feature",
      "properties": {
        "name": "LHR41 / VARPALOTA",
        "category": "restricted",
        "lower": "GND",
        "upper": "7500 FT ALT"
      },
      "geometry": {
        "type": "Polygon",
        "coordinates": [
          [
            [
              18.217778,
              47.205486
            ],
            [
              18.220373,
              47.2054
            ],
            [
              18.222943,
              47.205141
            ],
            [
              18.225463,
              47.204712
            ],
            [
              18.227909,
              47.204117
            ],
            [
              18.230258,
              47.203362
            ],
            [
              18.232486,
              47.202454
            ],
            [
              18.234572,
              47.201402
            ],
            [
              18.236497,
              47.200217
            ],
            [
              18.238241,
              47.198909
            ],
            [
              18.239788,
              47.197491
            ],
            [
              18.241123,
              47.195976
            ],
            [
              18.242233,
              47.194381
            ],
            [
              18.243107,
              47.192718
            ],
            [
              18.243737,
              47.191006
            ],
            [
              18.244118,
              47.18926
            ],
            [
              18.244244,
              47.187497
            ],
            [
              18.244116,
              47.185734
            ],
            [
              18.243734,
              47.183988
            ],
            [
              18.243102,
              47.182276
            ],
            [
              18.242226,
              47.180614
            ],
            [
              18.241115,
              47.179019
            ],
            [
              18.23978,
              47.177505
            ],
            [
              18.238232,
              47.176088
            ],
            [
              18.236488,
              47.17478
            ],
            [
              18.234564,
              47.173595
            ],
            [
              18.232478,
              47.172544
            ],
            [
              18.23025,
              47.171637
            ],
            [
              18.227903,
              47.170882
            ],
            [
              18.225458,
              47.170288
            ],
            [
              18.22294,
              47.169859
            ],
            [
              18.220371,
              47.1696
            ],
            [
              18.217778,
              47.169514
            ],
            [
              18.215185,
              47.1696
            ],
            [
              18.212616,
              47.169859
            ],
            [
              18.210098,
              47.170288
            ],
            [
              18.207653,
              47.170882
            ],
            [
              18.205306,
              47.171637
            ],
            [
              18.203078,
              47.172544
            ],
            [
              18.200992,
              47.173595
            ],
            [
              18.199068,
              47.17478
            ],
            [
              18.197324,
              47.176088
            ],
            [
              18.195776,
              47.177505
            ],
            [
              18.194441,
              47.179019
            ],
            [
              18.19333,
              47.180614
            ],
            [
              18.192454,
              47.182276
            ],
            [
              18.191822,
              47.183988
            ],
            [
              18.19144,
              47.185734
            ],
            [
              18.191312,
              47.187497
            ],
            [
              18.191438,
              47.18926
            ],
            [
              18.191819,
              47.191006
            ],
            [
              18.192449,
              47.192718
            ],
            [
              18.193323,
              47.194381
            ],
            [
              18.194433,
              47.195976
            ],
            [
              18.195768,
              47.197491
            ],
            [
              18.197315,
              47.198909
            ],
            [
              18.199059,
              47.200217
            ],
            [
              18.200984,
              47.201402
            ],
            [
              18.20307,
              47.202454
            ],
            [
              18.205298,
              47.203362
            ],
            [
              18.207647,
              47.204117
            ],
            [
              18.210093,
              47.204712
            ],
            [
              18.212613,
              47.205141
            ],
            [
              18.215183,
              47.2054
            ],
            [
              18.217778,
              47.205486
            ]
          ]
        ]
      }
    },
    {
      "type": "Feature",
      "properties": {
        "name": "LHD2A / HAJMASKER",
        "category": "danger",
        "lower": "GND",
        "upper": "FL245"
      },
      "geometry": {
        "type": "Polygon",
        "coordinates": [
          [
            [
              17.94,
              47.150833
            ],
            [
              18.015,
              47.150833
            ],
            [
              18.065,
              47.1675
            ],
            [
              18.115,
              47.209167
            ],
            [
              18.031667,
              47.250833
            ],
            [
              17.931667,
              47.1925
            ],
            [
              17.94,
              47.150833
            ]
          ]
        ]
      }
    },
    {
      "type": "Feature",
      "properties": {
        "name": "LHD2B / VARPALOTA",
        "category": "danger",
        "lower": "GND",
        "upper": "FL300"
      },
      "geometry": {
        "type": "Polygon",
        "coordinates": [
          [
            [
              18.215,
              47.273056
            ],
            [
              18.056667,
              47.259167
            ],
            [
              18.115,
              47.209167
            ],
            [
              18.248333,
              47.209167
            ],
            [
              18.281667,
              47.250833
            ],
            [
              18.215,
              47.273056
            ]
          ]
        ]
      }
    },
    {
      "type": "Feature",
      "properties": {
        "name": "LHD3 / TATARSZENTGYORGY",
        "category": "danger",
        "lower": "GND",
        "upper": "FL300"
      },
      "geometry": {
        "type": "Polygon",
        "coordinates": [
          [
            [
              19.212778,
              47.2
            ],
            [
              19.192222,
              47.183611
            ],
            [
              19.192222,
              47.156667
            ],
            [
              19.195833,
              47.1525
            ],
            [
              19.4375,
              47.074167
            ],
            [
              19.450278,
              47.082222
            ],
            [
              19.385,
              47.126389
            ],
            [
              19.212778,
              47.2
            ]
          ]
        ]
      }
    },
    {
      "type": "Feature",
      "properties": {
        "name": "LHD11 / DOC",
        "category": "danger",
        "lower": "GND",
        "upper": "7500 FT ALT"
      },
      "geometry": {
        "type": "Polygon",
        "coordinates": [
          [
            [
              20.098333,
              46.467778
            ],
            [
              20.106667,
              46.451111
            ],
            [
              20.173333,
              46.467778
            ],
            [
              20.159444,
              46.49
            ],
            [
              20.098333,
              46.467778
            ]
          ]
        ]
      }
    },
    {
      "type": "Feature",
      "properties": {
        "name": "LHD14 / HAJDUHADHAZ",
        "category": "danger",
        "lower": "GND",
        "upper": "FL105"
      },
      "geometry": {
        "type": "Polygon",
        "coordinates": [
          [
            [
              21.681389,
              47.684444
            ],
            [
              21.773056,
              47.667778
            ],
            [
              21.764722,
              47.717778
            ],
            [
              21.706389,
              47.717778
            ],
            [
              21.681389,
              47.684444
            ]
          ]
        ]
      }
    },
    {
      "type": "Feature",
      "properties": {
        "name": "LHD16 / IZBEG",
        "category": "danger",
        "lower": "GND",
        "upper": "2300 FT ALT"
      },
      "geometry": {
        "type": "Polygon",
        "coordinates": [
          [
            [
              19.006667,
              47.709167
            ],
            [
              18.948333,
              47.709167
            ],
            [
              18.973333,
              47.675833
            ],
            [
              19.006667,
              47.709167
            ]
          ]
        ]
      }
    },
    {
      "type": "Feature",
      "properties": {
        "name": "LHD17 / GYORSZENTIVAN",
        "category": "danger",
        "lower": "GND",
        "upper": "3800 FT ALT"
      },
      "geometry": {
        "type": "Polygon",
        "coordinates": [
          [
            [
              17.765,
              47.717778
            ],
            [
              17.765,
              47.684167
            ],
            [
              17.865,
              47.700833
            ],
            [
              17.815,
              47.728611
            ],
            [
              17.765,
              47.717778
            ]
          ]
        ]
      }
    },
    {
      "type": "Feature",
      "properties": {
        "name": "LHD21 / SZOMOD",
        "category": "danger",
        "lower": "GND",
        "upper": "FL105"
      },
      "geometry": {
        "type": "Polygon",
        "coordinates": [
          [
            [
              18.365,
              47.684167
            ],
            [
              18.431667,
              47.634167
            ],
            [
              18.44,
              47.700833
            ],
            [
              18.381667,
              47.709167
            ],
            [
              18.365,
              47.684167
            ]
          ]
        ]
      }
    },
    {
      "type": "Feature",
      "properties": {
        "name": "LHD24 / SANTOS",
        "category": "danger",
        "lower": "GND",
        "upper": "3800 FT ALT"
      },
      "geometry": {
        "type": "Polygon",
        "coordinates": [
          [
            [
              17.848611,
              46.359444
            ],
            [
              17.831944,
              46.301111
            ],
            [
              17.873611,
              46.309444
            ],
            [
              17.873611,
              46.342778
            ],
            [
              17.848611,
              46.359444
            ]
          ]
        ]
      }
    },
    {
      "type": "Feature",
      "properties": {
        "name": "LHD29 / PUSPOKSZILAGY",
        "category": "danger",
        "lower": "GND",
        "upper": "3800 FT ALT"
      },
      "geometry": {
        "type": "Polygon",
        "coordinates": [
          [
            [
              19.348333,
              47.759167
            ],
            [
              19.248333,
              47.800833
            ],
            [
              19.215,
              47.784167
            ],
            [
              19.348333,
              47.759167
            ]
          ]
        ]
      }
    },
    {
      "type": "Feature",
      "properties": {
        "name": "LHD33 / ALLAMPUSZTA",
        "category": "danger",
        "lower": "GND",
        "upper": "2300 FT ALT"
      },
      "geometry": {
        "type": "Polygon",
        "coordinates": [
          [
            [
              19.023333,
              46.701111
            ],
            [
              19.073333,
              46.651111
            ],
            [
              19.165,
              46.684444
            ],
            [
              19.106667,
              46.742778
            ],
            [
              19.023333,
              46.701111
            ]
          ]
        ]
      }
    },
    {
      "type": "Feature",
      "properties": {
        "name": "LHD34 / MARIANOSZTRA",
        "category": "danger",
        "lower": "GND",
        "upper": "2300 FT ALT"
      },
      "geometry": {
        "type": "Polygon",
        "coordinates": [
          [
            [
              18.831667,
              47.934167
            ],
            [
              18.765,
              47.883889
            ],
            [
              18.865,
              47.8675
            ],
            [
              18.931667,
              47.884167
            ],
            [
              18.898333,
              47.934167
            ],
            [
              18.831667,
              47.934167
            ]
          ]
        ]
      }
    },
    {
      "type": "Feature",
      "properties": {
        "name": "LHD36A / HAJMASKER",
        "category": "danger",
        "lower": "GND",
        "upper": "FL145"
      },
      "geometry": {
        "type": "Polygon",
        "coordinates": [
          [
            [
              17.806944,
              47.128611
            ],
            [
              17.94,
              47.150833
            ],
            [
              18.115,
              47.184167
            ],
            [
              18.031667,
              47.250833
            ],
            [
              17.965,
              47.275833
            ],
            [
              17.781667,
              47.234167
            ],
            [
              17.806944,
              47.128611
            ]
          ]
        ]
      }
    },
    {
      "type": "Feature",
      "properties": {
        "name": "LHD36B / VARPALOTA",
        "category": "danger",
        "lower": "GND",
        "upper": "FL145"
      },
      "geometry": {
        "type": "Polygon",
        "coordinates": [
          [
            [
              18.065,
              47.1675
            ],
            [
              18.323333,
              47.159167
            ],
            [
              18.281667,
              47.325833
            ],
            [
              17.998333,
              47.309167
            ],
            [
              18.065,
              47.1675
            ]
          ]
        ]
      }
    },
    {
      "type": "Feature",
      "properties": {
        "name": "LHD37 / SIMONTORNYA",
        "category": "danger",
        "lower": "GND",
        "upper": "3800 FT ALT"
      },
      "geometry": {
        "type": "Polygon",
        "coordinates": [
          [
            [
              18.54,
              46.750833
            ],
            [
              18.515,
              46.700833
            ],
            [
              18.565,
              46.725833
            ],
            [
              18.54,
              46.750833
            ]
          ]
        ]
      }
    },
    {
      "type": "Feature",
      "properties": {
        "name": "LHD50 / HARKA",
        "category": "danger",
        "lower": "GND",
        "upper": "2300 FT ALT"
      },
      "geometry": {
        "type": "Polygon",
        "coordinates": [
          [
            [
              16.565278,
              47.668819
            ],
            [
              16.567896,
              47.668733
            ],
            [
              16.570489,
              47.668474
            ],
            [
              16.573031,
              47.668045
            ],
            [
              16.575499,
              47.66745
            ],
            [
              16.577868,
              47.666695
            ],
            [
              16.580116,
              47.665787
            ],
            [
              16.582221,
              47.664735
            ],
            [
              16.584162,
              47.66355
            ],
            [
              16.585922,
              47.662242
            ],
            [
              16.587483,
              47.660824
            ],
            [
              16.588829,
              47.659309
            ],
            [
              16.589949,
              47.657713
            ],
            [
              16.590831,
              47.656051
            ],
            [
              16.591467,
              47.654339
            ],
            [
              16.59185,
              47.652593
            ],
            [
              16.591978,
              47.65083
            ],
            [
              16.591849,
              47.649067
            ],
            [
              16.591463,
              47.647321
            ],
            [
              16.590826,
              47.645609
            ],
            [
              16.589942,
              47.643947
            ],
            [
              16.588822,
              47.642352
            ],
            [
              16.587474,
              47.640838
            ],
            [
              16.585913,
              47.639421
            ],
            [
              16.584153,
              47.638113
            ],
            [
              16.582212,
              47.636928
            ],
            [
              16.580108,
              47.635877
            ],
            [
              16.577861,
              47.63497
            ],
            [
              16.575492,
              47.634215
            ],
            [
              16.573026,
              47.633621
            ],
            [
              16.570485,
              47.633192
            ],
            [
              16.567894,
              47.632933
            ],
            [
              16.565278,
              47.632847
            ],
            [
              16.562662,
              47.632933
            ],
            [
              16.560071,
              47.633192
            ],
            [
              16.55753,
              47.633621
            ],
            [
              16.555064,
              47.634215
            ],
            [
              16.552695,
              47.63497
            ],
            [
              16.550448,
              47.635877
            ],
            [
              16.548344,
              47.636928
            ],
            [
              16.546403,
              47.638113
            ],
            [
              16.544643,
              47.639421
            ],
            [
              16.543082,
              47.640838
            ],
            [
              16.541734,
              47.642352
            ],
            [
              16.540614,
              47.643947
            ],
            [
              16.53973,
              47.645609
            ],
            [
              16.539093,
              47.647321
            ],
            [
              16.538707,
              47.649067
            ],
            [
              16.538578,
              47.65083
            ],
            [
              16.538706,
              47.652593
            ],
            [
              16.539089,
              47.654339
            ],
            [
              16.539725,
              47.656051
            ],
            [
              16.540607,
              47.657713
            ],
            [
              16.541727,
              47.659309
            ],
            [
              16.543073,
              47.660824
            ],
            [
              16.544634,
              47.662242
            ],
            [
              16.546394,
              47.66355
            ],
            [
              16.548335,
              47.664735
            ],
            [
              16.55044,
              47.665787
            ],
            [
              16.552688,
              47.666695
            ],
            [
              16.555057,
              47.66745
            ],
            [
              16.557525,
              47.668045
            ],
            [
              16.560067,
              47.668474
            ],
            [
              16.56266,
              47.668733
            ],
            [
              16.565278,
              47.668819
            ]
          ]
        ]
      }
    },
    {
      "type": "Feature",
      "properties": {
        "name": "LHD52 / KOSZEG",
        "category": "danger",
        "lower": "GND",
        "upper": "2300 FT ALT"
      },
      "geometry": {
        "type": "Polygon",
        "coordinates": [
          [
            [
              16.581944,
              47.410486
            ],
            [
              16.584549,
              47.4104
            ],
            [
              16.587129,
              47.410141
            ],
            [
              16.589659,
              47.409712
            ],
            [
              16.592115,
              47.409117
            ],
            [
              16.594472,
              47.408362
            ],
            [
              16.596709,
              47.407454
            ],
            [
              16.598804,
              47.406402
            ],
            [
              16.600736,
              47.405217
            ],
            [
              16.602487,
              47.403909
            ],
            [
              16.604039,
              47.402491
            ],
            [
              16.605379,
              47.400976
            ],
            [
              16.606494,
              47.39938
            ],
            [
              16.607371,
              47.397718
            ],
            [
              16.608004,
              47.396006
            ],
            [
              16.608386,
              47.39426
            ],
            [
              16.608513,
              47.392497
            ],
            [
              16.608384,
              47.390734
            ],
            [
              16.608001,
              47.388988
            ],
            [
              16.607366,
              47.387276
            ],
            [
              16.606487,
              47.385614
            ],
            [
              16.605372,
              47.384019
            ],
            [
              16.604031,
              47.382505
            ],
            [
              16.602478,
              47.381088
            ],
            [
              16.600727,
              47.37978
            ],
            [
              16.598795,
              47.378595
            ],
            [
              16.596701,
              47.377544
            ],
            [
              16.594465,
              47.376637
            ],
            [
              16.592108,
              47.375882
            ],
            [
              16.589654,
              47.375288
            ],
            [
              16.587126,
              47.374859
            ],
            [
              16.584547,
              47.3746
            ],
            [
              16.581944,
              47.374514
            ],
            [
              16.579341,
              47.3746
            ],
            [
              16.576762,
              47.374859
            ],
            [
              16.574234,
              47.375288
            ],
            [
              16.57178,
              47.375882
            ],
            [
              16.569423,
              47.376637
            ],
            [
              16.567187,
              47.377544
            ],
            [
              16.565093,
              47.378595
            ],
            [
              16.563161,
              47.37978
            ],
            [
              16.56141,
              47.381088
            ],
            [
              16.559857,
              47.382505
            ],
            [
              16.558516,
              47.384019
            ],
            [
              16.557401,
              47.385614
            ],
            [
              16.556522,
              47.387276
            ],
            [
              16.555887,
              47.388988
            ],
            [
              16.555504,
              47.390734
            ],
            [
              16.555375,
              47.392497
            ],
            [
              16.555502,
              47.39426
            ],
            [
              16.555884,
              47.396006
            ],
            [
              16.556517,
              47.397718
            ],
            [
              16.557394,
              47.39938
            ],
            [
              16.558509,
              47.400976
            ],
            [
              16.559849,
              47.402491
            ],
            [
              16.561401,
              47.403909
            ],
            [
              16.563152,
              47.405217
            ],
            [
              16.565084,
              47.406402
            ],
            [
              16.567179,
              47.407454
            ],
            [
              16.569416,
              47.408362
            ],
            [
              16.571773,
              47.409117
            ],
            [
              16.574229,
              47.409712
            ],
            [
              16.576759,
              47.410141
            ],
            [
              16.579339,
              47.4104
            ],
            [
              16.581944,
              47.410486
            ]
          ]
        ]
      }
    },
    {
      "type": "Feature",
      "properties": {
        "name": "LHD53 / NADASD",
        "category": "danger",
        "lower": "GND",
        "upper": "2300 FT ALT"
      },
      "geometry": {
        "type": "Polygon",
        "coordinates": [
          [
            [
              16.581944,
              47.002153
            ],
            [
              16.584529,
              47.002067
            ],
            [
              16.587089,
              47.001808
            ],
            [
              16.5896,
              47.001379
            ],
            [
              16.592037,
              47.000784
            ],
            [
              16.594376,
              47.000029
            ],
            [
              16.596596,
              46.999121
            ],
            [
              16.598674,
              46.998069
            ],
            [
              16.600592,
              46.996884
            ],
            [
              16.602329,
              46.995576
            ],
            [
              16.60387,
              46.994158
            ],
            [
              16.6052,
              46.992643
            ],
            [
              16.606306,
              46.991048
            ],
            [
              16.607177,
              46.989385
            ],
            [
              16.607804,
              46.987673
            ],
            [
              16.608183,
              46.985927
            ],
            [
              16.608309,
              46.984164
            ],
            [
              16.608181,
              46.982401
            ],
            [
              16.607801,
              46.980655
            ],
            [
              16.607172,
              46.978943
            ],
            [
              16.606299,
              46.977281
            ],
            [
              16.605192,
              46.975686
            ],
            [
              16.603862,
              46.974172
            ],
            [
              16.60232,
              46.972755
            ],
            [
              16.600583,
              46.971447
            ],
            [
              16.598666,
              46.970262
            ],
            [
              16.596588,
              46.969211
            ],
            [
              16.594369,
              46.968304
            ],
            [
              16.59203,
              46.967549
            ],
            [
              16.589595,
              46.966955
            ],
            [
              16.587086,
              46.966526
            ],
            [
              16.584527,
              46.966267
            ],
            [
              16.581944,
              46.966181
            ],
            [
              16.579361,
              46.966267
            ],
            [
              16.576802,
              46.966526
            ],
            [
              16.574293,
              46.966955
            ],
            [
              16.571858,
              46.967549
            ],
            [
              16.569519,
              46.968304
            ],
            [
              16.5673,
              46.969211
            ],
            [
              16.565222,
              46.970262
            ],
            [
              16.563305,
              46.971447
            ],
            [
              16.561568,
              46.972755
            ],
            [
              16.560026,
              46.974172
            ],
            [
              16.558696,
              46.975686
            ],
            [
              16.557589,
              46.977281
            ],
            [
              16.556716,
              46.978943
            ],
            [
              16.556087,
              46.980655
            ],
            [
              16.555707,
              46.982401
            ],
            [
              16.555579,
              46.984164
            ],
            [
              16.555705,
              46.985927
            ],
            [
              16.556084,
              46.987673
            ],
            [
              16.556711,
              46.989385
            ],
            [
              16.557582,
              46.991048
            ],
            [
              16.558688,
              46.992643
            ],
            [
              16.560018,
              46.994158
            ],
            [
              16.561559,
              46.995576
            ],
            [
              16.563296,
              46.996884
            ],
            [
              16.565214,
              46.998069
            ],
            [
              16.567292,
              46.999121
            ],
            [
              16.569512,
              47.000029
            ],
            [
              16.571851,
              47.000784
            ],
            [
              16.574288,
              47.001379
            ],
            [
              16.576799,
              47.001808
            ],
            [
              16.579359,
              47.002067
            ],
            [
              16.581944,
              47.002153
            ]
          ]
        ]
      }
    },
    {
      "type": "Feature",
      "properties": {
        "name": "LHD55 / SZUGY",
        "category": "danger",
        "lower": "GND",
        "upper": "2300 FT ALT"
      },
      "geometry": {
        "type": "Polygon",
        "coordinates": [
          [
            [
              19.331389,
              48.085486
            ],
            [
              19.334028,
              48.0854
            ],
            [
              19.336642,
              48.085141
            ],
            [
              19.339205,
              48.084712
            ],
            [
              19.341692,
              48.084117
            ],
            [
              19.344081,
              48.083362
            ],
            [
              19.346347,
              48.082454
            ],
            [
              19.348469,
              48.081402
            ],
            [
              19.350426,
              48.080217
            ],
            [
              19.3522,
              48.078909
            ],
            [
              19.353773,
              48.077491
            ],
            [
              19.35513,
              48.075976
            ],
            [
              19.356259,
              48.07438
            ],
            [
              19.357148,
              48.072718
            ],
            [
              19.357789,
              48.071006
            ],
            [
              19.358176,
              48.06926
            ],
            [
              19.358305,
              48.067497
            ],
            [
              19.358174,
              48.065734
            ],
            [
              19.357786,
              48.063988
            ],
            [
              19.357143,
              48.062276
            ],
            [
              19.356252,
              48.060614
            ],
            [
              19.355122,
              48.059019
            ],
            [
              19.353764,
              48.057505
            ],
            [
              19.35219,
              48.056088
            ],
            [
              19.350416,
              48.05478
            ],
            [
              19.348459,
              48.053595
            ],
            [
              19.346338,
              48.052544
            ],
            [
              19.344073,
              48.051637
            ],
            [
              19.341686,
              48.050882
            ],
            [
              19.3392,
              48.050288
            ],
            [
              19.336638,
              48.049859
            ],
            [
              19.334026,
              48.0496
            ],
            [
              19.331389,
              48.049514
            ],
            [
              19.328752,
              48.0496
            ],
            [
              19.32614,
              48.049859
            ],
            [
              19.323578,
              48.050288
            ],
            [
              19.321092,
              48.050882
            ],
            [
              19.318705,
              48.051637
            ],
            [
              19.31644,
              48.052544
            ],
            [
              19.314319,
              48.053595
            ],
            [
              19.312362,
              48.05478
            ],
            [
              19.310588,
              48.056088
            ],
            [
              19.309014,
              48.057505
            ],
            [
              19.307656,
              48.059019
            ],
            [
              19.306526,
              48.060614
            ],
            [
              19.305635,
              48.062276
            ],
            [
              19.304992,
              48.063988
            ],
            [
              19.304604,
              48.065734
            ],
            [
              19.304473,
              48.067497
            ],
            [
              19.304602,
              48.06926
            ],
            [
              19.304989,
              48.071006
            ],
            [
              19.30563,
              48.072718
            ],
            [
              19.306519,
              48.07438
            ],
            [
              19.307648,
              48.075976
            ],
            [
              19.309005,
              48.077491
            ],
            [
              19.310578,
              48.078909
            ],
            [
              19.312352,
              48.080217
            ],
            [
              19.314309,
              48.081402
            ],
            [
              19.316431,
              48.082454
            ],
            [
              19.318697,
              48.083362
            ],
            [
              19.321086,
              48.084117
            ],
            [
              19.323573,
              48.084712
            ],
            [
              19.326136,
              48.085141
            ],
            [
              19.32875,
              48.0854
            ],
            [
              19.331389,
              48.085486
            ]
          ]
        ]
      }
    },
    {
      "type": "Feature",
      "properties": {
        "name": "LHTRA11A / PAPA ALPHA",
        "category": "tra",
        "lower": "GND",
        "upper": "FL125"
      },
      "geometry": {
        "type": "Polygon",
        "coordinates": [
          [
            [
              17.8375,
              47.499722
            ],
            [
              18.258056,
              47.499722
            ],
            [
              18.251944,
              47.225278
            ],
            [
              17.983333,
              47.216389
            ],
            [
              17.8375,
              47.499722
            ]
          ]
        ]
      }
    },
    {
      "type": "Feature",
      "properties": {
        "name": "LHTRA11B / PAPA BRAVO",
        "category": "tra",
        "lower": "4000 FT ALT",
        "upper": "9500 FT ALT"
      },
      "geometry": {
        "type": "Polygon",
        "coordinates": [
          [
            [
              17.983333,
              47.216389
            ],
            [
              18.251944,
              47.225278
            ],
            [
              18.249167,
              47.036667
            ],
            [
              17.859722,
              46.924722
            ],
            [
              17.726389,
              47.112778
            ],
            [
              17.983333,
              47.216389
            ]
          ]
        ]
      }
    },
    {
      "type": "Feature",
      "properties": {
        "name": "LHTRA11C / PAPA CHARLIE",
        "category": "tra",
        "lower": "GND",
        "upper": "4000 FT ALT"
      },
      "geometry": {
        "type": "Polygon",
        "coordinates": [
          [
            [
              17.983333,
              47.216389
            ],
            [
              18.251944,
              47.225278
            ],
            [
              18.249167,
              47.036667
            ],
            [
              17.859722,
              46.924722
            ],
            [
              17.726389,
              47.112778
            ],
            [
              17.983333,
              47.216389
            ]
          ]
        ]
      }
    },
    {
      "type": "Feature",
      "properties": {
        "name": "LHTRA13 / TISZA",
        "category": "tra",
        "lower": "9500 FT ALT",
        "upper": "FL145"
      },
      "geometry": {
        "type": "Polygon",
        "coordinates": [
          [
            [
              20.152778,
              47.37
            ],
            [
              20.295278,
              47.343889
            ],
            [
              20.491389,
              47.308056
            ],
            [
              20.425556,
              47.179167
            ],
            [
              20.335556,
              47.002222
            ],
            [
              20.284167,
              46.900278
            ],
            [
              20.124722,
              46.933056
            ],
            [
              20.074444,
              47.044722
            ],
            [
              19.998056,
              47.200833
            ],
            [
              20.152778,
              47.37
            ]
          ]
        ]
      }
    },
    {
      "type": "Feature",
      "properties": {
        "name": "LHTRA14A / MEZO ALPHA",
        "category": "tra",
        "lower": "GND",
        "upper": "2000 FT ALT"
      },
      "geometry": {
        "type": "Polygon",
        "coordinates": [
          [
            [
              20.491389,
              47.308056
            ],
            [
              20.758056,
              47.2125
            ],
            [
              20.720556,
              47.102778
            ],
            [
              20.425556,
              47.179167
            ],
            [
              20.491389,
              47.308056
            ]
          ]
        ]
      }
    },
    {
      "type": "Feature",
      "properties": {
        "name": "LHTRA14B / MEZO BRAVO",
        "category": "tra",
        "lower": "GND",
        "upper": "2000 FT ALT"
      },
      "geometry": {
        "type": "Polygon",
        "coordinates": [
          [
            [
              20.425556,
              47.179167
            ],
            [
              20.720556,
              47.102778
            ],
            [
              20.664167,
              46.936944
            ],
            [
              20.335556,
              47.002222
            ],
            [
              20.425556,
              47.179167
            ]
          ]
        ]
      }
    },
    {
      "type": "Feature",
      "properties": {
        "name": "LHTRA14C / MEZO CHARLIE",
        "category": "tra",
        "lower": "GND",
        "upper": "2000 FT ALT"
      },
      "geometry": {
        "type": "Polygon",
        "coordinates": [
          [
            [
              20.335556,
              47.002222
            ],
            [
              20.664167,
              46.936944
            ],
            [
              20.627778,
              46.828611
            ],
            [
              20.284167,
              46.900278
            ],
            [
              20.335556,
              47.002222
            ]
          ]
        ]
      }
    },
    {
      "type": "Feature",
      "properties": {
        "name": "LHTRA16 / ARPAD",
        "category": "tra",
        "lower": "GND",
        "upper": "FL115"
      },
      "geometry": {
        "type": "Polygon",
        "coordinates": [
          [
            [
              20.627778,
              46.828611
            ],
            [
              20.899167,
              46.751389
            ],
            [
              20.732778,
              46.494444
            ],
            [
              20.393056,
              46.534167
            ],
            [
              20.627778,
              46.828611
            ]
          ]
        ]
      }
    },
    {
      "type": "Feature",
      "properties": {
        "name": "LHTRA21A / WEST ALPHA",
        "category": "tra",
        "lower": "9500 FT ALT",
        "upper": "FL245"
      },
      "geometry": {
        "type": "Polygon",
        "coordinates": [
          [
            [
              16.357222,
              46.851389
            ],
            [
              18.001667,
              46.564444
            ],
            [
              18.073611,
              46.148333
            ],
            [
              17.445833,
              46.079167
            ],
            [
              17.020556,
              46.382222
            ],
            [
              16.617222,
              46.491667
            ],
            [
              16.422778,
              46.683611
            ],
            [
              16.357222,
              46.851389
            ]
          ]
        ]
      }
    },
    {
      "type": "Feature",
      "properties": {
        "name": "LHTRA21B / WEST BRAVO",
        "category": "tra",
        "lower": "FL135",
        "upper": "FL215"
      },
      "geometry": {
        "type": "Polygon",
        "coordinates": [
          [
            [
              16.357222,
              46.851389
            ],
            [
              17.969167,
              46.750556
            ],
            [
              18.001667,
              46.564444
            ],
            [
              16.357222,
              46.851389
            ]
          ]
        ]
      }
    },
    {
      "type": "Feature",
      "properties": {
        "name": "LHTRA21C / WEST CHARLIE",
        "category": "tra",
        "lower": "FL135",
        "upper": "FL175"
      },
      "geometry": {
        "type": "Polygon",
        "coordinates": [
          [
            [
              17.969167,
              46.750556
            ],
            [
              18.226389,
              46.623889
            ],
            [
              18.3975,
              45.960278
            ],
            [
              17.881667,
              45.924722
            ],
            [
              17.445833,
              46.079167
            ],
            [
              18.073611,
              46.148333
            ],
            [
              17.969167,
              46.750556
            ]
          ]
        ]
      }
    },
    {
      "type": "Feature",
      "properties": {
        "name": "LHTRA21D / WEST DELTA",
        "category": "tra",
        "lower": "4000 FT ALT",
        "upper": "9500 FT ALT"
      },
      "geometry": {
        "type": "Polygon",
        "coordinates": [
          [
            [
              17.423611,
              46.449444
            ],
            [
              17.978056,
              46.246389
            ],
            [
              17.881667,
              45.924722
            ],
            [
              17.445833,
              46.079167
            ],
            [
              17.020556,
              46.382222
            ],
            [
              17.423611,
              46.449444
            ]
          ]
        ]
      }
    },
    {
      "type": "Feature",
      "properties": {
        "name": "LHTRA21E / WEST ECHO",
        "category": "tra",
        "lower": "GND",
        "upper": "4000 FT ALT"
      },
      "geometry": {
        "type": "Polygon",
        "coordinates": [
          [
            [
              17.423611,
              46.449444
            ],
            [
              17.978056,
              46.246389
            ],
            [
              17.881667,
              45.924722
            ],
            [
              17.445833,
              46.079167
            ],
            [
              17.020556,
              46.382222
            ],
            [
              17.423611,
              46.449444
            ]
          ]
        ]
      }
    },
    {
      "type": "Feature",
      "properties": {
        "name": "LHTRA22A / SOUTH ALPHA",
        "category": "tra",
        "lower": "FL125",
        "upper": "FL175"
      },
      "geometry": {
        "type": "Polygon",
        "coordinates": [
          [
            [
              19.396944,
              47.061667
            ],
            [
              20.074444,
              47.044722
            ],
            [
              20.124722,
              46.933056
            ],
            [
              20.627778,
              46.828611
            ],
            [
              20.393056,
              46.534167
            ],
            [
              19.788056,
              46.624444
            ],
            [
              19.396944,
              47.061667
            ]
          ]
        ]
      }
    },
    {
      "type": "Feature",
      "properties": {
        "name": "LHTRA22B / SOUTH BRAVO",
        "category": "tra",
        "lower": "9500 FT ALT",
        "upper": "FL175"
      },
      "geometry": {
        "type": "Polygon",
        "coordinates": [
          [
            [
              20.627778,
              46.828611
            ],
            [
              21.209444,
              46.661944
            ],
            [
              21.094444,
              46.388611
            ],
            [
              20.921944,
              46.361111
            ],
            [
              19.944722,
              46.446667
            ],
            [
              19.788056,
              46.624444
            ],
            [
              20.393056,
              46.534167
            ],
            [
              20.627778,
              46.828611
            ]
          ]
        ]
      }
    },
    {
      "type": "Feature",
      "properties": {
        "name": "LHTRA22C / SOUTH CHARLIE",
        "category": "tra",
        "lower": "FL175",
        "upper": "FL245"
      },
      "geometry": {
        "type": "Polygon",
        "coordinates": [
          [
            [
              19.396944,
              47.061667
            ],
            [
              20.074444,
              47.044722
            ],
            [
              20.124722,
              46.933056
            ],
            [
              20.627778,
              46.828611
            ],
            [
              21.209444,
              46.661944
            ],
            [
              21.094444,
              46.388611
            ],
            [
              20.921944,
              46.361111
            ],
            [
              19.944722,
              46.446667
            ],
            [
              19.396944,
              47.061667
            ]
          ]
        ]
      }
    },
    {
      "type": "Feature",
      "properties": {
        "name": "LHTRA22D / SOUTH DELTA",
        "category": "tra",
        "lower": "9500 FT ALT",
        "upper": "FL145"
      },
      "geometry": {
        "type": "Polygon",
        "coordinates": [
          [
            [
              19.045,
              46.995833
            ],
            [
              19.664444,
              46.361944
            ],
            [
              19.149722,
              46.241389
            ],
            [
              18.829722,
              46.515556
            ],
            [
              18.941944,
              46.560278
            ],
            [
              18.867222,
              46.6525
            ],
            [
              18.734722,
              46.6
            ],
            [
              18.476389,
              46.814167
            ],
            [
              19.045,
              46.995833
            ]
          ]
        ]
      }
    },
    {
      "type": "Feature",
      "properties": {
        "name": "LHTRA22E / SOUTH ECHO",
        "category": "tra",
        "lower": "9500 FT ALT",
        "upper": "FL125"
      },
      "geometry": {
        "type": "Polygon",
        "coordinates": [
          [
            [
              19.370278,
              46.665833
            ],
            [
              19.498333,
              46.666389
            ],
            [
              19.788056,
              46.624444
            ],
            [
              19.944722,
              46.446667
            ],
            [
              19.664444,
              46.361944
            ],
            [
              19.370278,
              46.665833
            ]
          ]
        ]
      }
    },
    {
      "type": "Feature",
      "properties": {
        "name": "LHTRA22F / SOUTH FOXTROT",
        "category": "tra",
        "lower": "4000 FT ALT",
        "upper": "9500 FT ALT"
      },
      "geometry": {
        "type": "Polygon",
        "coordinates": [
          [
            [
              19.192778,
              46.846111
            ],
            [
              19.664444,
              46.361944
            ],
            [
              19.198889,
              46.253333
            ],
            [
              18.803056,
              46.731111
            ],
            [
              19.192778,
              46.846111
            ]
          ]
        ]
      }
    },
    {
      "type": "Feature",
      "properties": {
        "name": "LHTRA23A / EAST ALPHA",
        "category": "tra",
        "lower": "9500 FT ALT",
        "upper": "FL245"
      },
      "geometry": {
        "type": "Polygon",
        "coordinates": [
          [
            [
              20.423611,
              48.1875
            ],
            [
              21.560833,
              47.766389
            ],
            [
              21.720278,
              47.366944
            ],
            [
              21.550278,
              47.202778
            ],
            [
              21.468889,
              47.085
            ],
            [
              20.268056,
              47.495278
            ],
            [
              19.9375,
              47.966667
            ],
            [
              20.423611,
              48.1875
            ]
          ]
        ]
      }
    },
    {
      "type": "Feature",
      "properties": {
        "name": "LHTRA23B / EAST BRAVO",
        "category": "tra",
        "lower": "FL135",
        "upper": "FL175"
      },
      "geometry": {
        "type": "Polygon",
        "coordinates": [
          [
            [
              21.720278,
              47.366944
            ],
            [
              21.791389,
              47.190278
            ],
            [
              21.613611,
              47.038611
            ],
            [
              21.5075,
              46.864444
            ],
            [
              20.515,
              47.263333
            ],
            [
              20.268056,
              47.495278
            ],
            [
              21.468889,
              47.085
            ],
            [
              21.550278,
              47.202778
            ],
            [
              21.720278,
              47.366944
            ]
          ]
        ]
      }
    },
    {
      "type": "Feature",
      "properties": {
        "name": "LHTRA23C / EAST CHARLIE",
        "category": "tra",
        "lower": "FL135",
        "upper": "FL175"
      },
      "geometry": {
        "type": "Polygon",
        "coordinates": [
          [
            [
              19.9375,
              47.966667
            ],
            [
              19.914444,
              48.119444
            ],
            [
              20.455,
              48.299167
            ],
            [
              21.469444,
              47.979167
            ],
            [
              21.560833,
              47.766389
            ],
            [
              20.423611,
              48.1875
            ],
            [
              19.9375,
              47.966667
            ]
          ]
        ]
      }
    },
    {
      "type": "Feature",
      "properties": {
        "name": "LHTRA23D / EAST DELTA",
        "category": "tra",
        "lower": "4000 FT ALT",
        "upper": "9500 FT ALT"
      },
      "geometry": {
        "type": "Polygon",
        "coordinates": [
          [
            [
              20.423611,
              48.1875
            ],
            [
              21.3675,
              47.838333
            ],
            [
              21.036944,
              47.381111
            ],
            [
              20.132222,
              47.690278
            ],
            [
              19.9375,
              47.966667
            ],
            [
              20.423611,
              48.1875
            ]
          ]
        ]
      }
    },
    {
      "type": "Feature",
      "properties": {
        "name": "LHTRA23E / EAST ECHO",
        "category": "tra",
        "lower": "GND",
        "upper": "4000 FT ALT"
      },
      "geometry": {
        "type": "Polygon",
        "coordinates": [
          [
            [
              20.423611,
              48.1875
            ],
            [
              21.3675,
              47.838333
            ],
            [
              21.036944,
              47.381111
            ],
            [
              20.132222,
              47.690278
            ],
            [
              19.9375,
              47.966667
            ],
            [
              20.423611,
              48.1875
            ]
          ]
        ]
      }
    },
    {
      "type": "Feature",
      "properties": {
        "name": "LHTRA31A / UPPER WEST ALPHA",
        "category": "tra",
        "lower": "FL245",
        "upper": "FL285"
      },
      "geometry": {
        "type": "Polygon",
        "coordinates": [
          [
            [
              18.001667,
              46.564444
            ],
            [
              18.691389,
              46.474722
            ],
            [
              19.091389,
              46.166667
            ],
            [
              18.668056,
              46.049722
            ],
            [
              18.3975,
              45.960278
            ],
            [
              17.881667,
              45.924722
            ],
            [
              17.445833,
              46.079167
            ],
            [
              18.001667,
              46.564444
            ]
          ]
        ]
      }
    },
    {
      "type": "Feature",
      "properties": {
        "name": "LHTRA31B / UPPER WEST BRAVO",
        "category": "tra",
        "lower": "FL245",
        "upper": "FL285"
      },
      "geometry": {
        "type": "Polygon",
        "coordinates": [
          [
            [
              16.783056,
              46.702778
            ],
            [
              18.001667,
              46.564444
            ],
            [
              17.445833,
              46.079167
            ],
            [
              16.702778,
              46.601389
            ],
            [
              16.783056,
              46.702778
            ]
          ]
        ]
      }
    },
    {
      "type": "Feature",
      "properties": {
        "name": "LHTRA41 / WEST ALPHA CORRIDOR",
        "category": "tra",
        "lower": "9500 FT ALT",
        "upper": "FL135"
      },
      "geometry": {
        "type": "Polygon",
        "coordinates": [
          [
            [
              17.8,
              46.583333
            ],
            [
              19.35,
              47.0
            ],
            [
              19.45,
              46.9
            ],
            [
              17.95,
              46.5
            ],
            [
              17.8,
              46.583333
            ]
          ]
        ]
      }
    },
    {
      "type": "Feature",
      "properties": {
        "name": "LHTRA43L / EAST ALPHA CORRIDOR LOW",
        "category": "tra",
        "lower": "9500 FT ALT",
        "upper": "FL125"
      },
      "geometry": {
        "type": "Polygon",
        "coordinates": [
          [
            [
              19.976389,
              47.001111
            ],
            [
              20.364444,
              47.503611
            ],
            [
              20.516667,
              47.454722
            ],
            [
              20.122778,
              46.933333
            ],
            [
              19.976389,
              47.001111
            ]
          ]
        ]
      }
    },
    {
      "type": "Feature",
      "properties": {
        "name": "LHTRA43H / EAST ALPHA CORRIDOR HIGH",
        "category": "tra",
        "lower": "FL125",
        "upper": "FL195"
      },
      "geometry": {
        "type": "Polygon",
        "coordinates": [
          [
            [
              19.976389,
              47.001111
            ],
            [
              20.364444,
              47.503611
            ],
            [
              20.516667,
              47.454722
            ],
            [
              20.122778,
              46.933333
            ],
            [
              19.976389,
              47.001111
            ]
          ]
        ]
      }
    },
    {
      "type": "Feature",
      "properties": {
        "name": "LHTRA51A / KENYERI ALPHA",
        "category": "tra",
        "lower": "GND",
        "upper": "9500 FT ALT"
      },
      "geometry": {
        "type": "Polygon",
        "coordinates": [
          [
            [
              17.178056,
              47.521944
            ],
            [
              17.041944,
              47.522778
            ],
            [
              16.930556,
              47.488889
            ],
            [
              17.180833,
              47.109167
            ],
            [
              17.403611,
              47.176667
            ],
            [
              17.178056,
              47.521944
            ]
          ]
        ]
      }
    },
    {
      "type": "Feature",
      "properties": {
        "name": "LHTRA51B / KENYERI BRAVO",
        "category": "tra",
        "lower": "9500 FT ALT",
        "upper": "FL245"
      },
      "geometry": {
        "type": "Polygon",
        "coordinates": [
          [
            [
              17.178056,
              47.521944
            ],
            [
              17.041944,
              47.522778
            ],
            [
              16.930556,
              47.488889
            ],
            [
              17.180833,
              47.109167
            ],
            [
              17.403611,
              47.176667
            ],
            [
              17.178056,
              47.521944
            ]
          ]
        ]
      }
    },
    {
      "type": "Feature",
      "properties": {
        "name": "LHTRA53L / BVR LOW",
        "category": "tra",
        "lower": "FL245",
        "upper": "FL385",
        "border_match_quality_deg": 0.3078
      },
      "geometry": {
        "type": "Polygon",
        "coordinates": [
          [
            [
              19.630556,
              47.586111
            ],
            [
              19.579444,
              47.719722
            ],
            [
              19.707222,
              47.860556
            ],
            [
              19.805603027343636,
              48.154176701412744
            ],
            [
              19.814529418945312,
              48.16608541901253
            ],
            [
              19.828262329101562,
              48.1683752400835
            ],
            [
              19.828948974609375,
              48.16242149265211
            ],
            [
              19.844741821289062,
              48.16242149265211
            ],
            [
              19.852294921875,
              48.177533502046636
            ],
            [
              19.859161376953125,
              48.17112289042123
            ],
            [
              19.879074096679688,
              48.169291139886596
            ],
            [
              19.885940551757812,
              48.1642534885474
            ],
            [
              19.897613525390625,
              48.167001359708934
            ],
            [
              19.90997314453125,
              48.15051192444076
            ],
            [
              19.91546630859375,
              48.146846885734256
            ],
            [
              19.909286499023438,
              48.13814136980191
            ],
            [
              19.90310668945301,
              48.1358501991708
            ],
            [
              19.89898681640625,
              48.123934463666366
            ],
            [
              19.910659790039062,
              48.12851776605501
            ],
            [
              19.93795394897461,
              48.13172583437477
            ],
            [
              19.93709564208973,
              48.13745402934834
            ],
            [
              19.95014190673828,
              48.14650327493638
            ],
            [
              19.951000213623047,
              48.15119909005971
            ],
            [
              19.963016510009766,
              48.152344345643336
            ],
            [
              19.974174499511605,
              48.16608541901253
            ],
            [
              19.981212615966797,
              48.16562744253031
            ],
            [
              19.984645843505746,
              48.16242149265211
            ],
            [
              19.98859405517578,
              48.16196348345478
            ],
            [
              19.991168975830078,
              48.168260751458
            ],
            [
              19.998207092285156,
              48.16871870442653
            ],
            [
              19.999065399169922,
              48.16974908365419
            ],
            [
              20.001983642578125,
              48.1705504754076
            ],
            [
              20.00335693359375,
              48.172038741152825
            ],
            [
              20.012454986572266,
              48.17215322134416
            ],
            [
              20.01623153686512,
              48.17409934549364
            ],
            [
              20.016403198242188,
              48.17593092427964
            ],
            [
              20.028934478759766,
              48.17741903386739
            ],
            [
              20.03408432006836,
              48.174900669263145
            ],
            [
              20.040950775146484,
              48.17455724632397
            ],
            [
              20.044212341308594,
              48.17261113955378
            ],
            [
              20.043869018554688,
              48.1707794421798
            ],
            [
              20.044384002685547,
              48.167115851145844
            ],
            [
              20.051422119140625,
              48.16745932392312
            ],
            [
              20.05331039428711,
              48.169405626211876
            ],
            [
              20.056228637695312,
              48.174786195205655
            ],
            [
              20.05880355834961,
              48.17467172089259
            ],
            [
              20.061378479003906,
              48.17822030575523
            ],
            [
              20.073394775390625,
              48.18005173733074
            ],
            [
              20.07854461669922,
              48.183714404203776
            ],
            [
              20.074081420898324,
              48.18714791671967
            ],
            [
              20.070133209228516,
              48.187033470008174
            ],
            [
              20.067729949951172,
              48.18875014384656
            ],
            [
              20.069961547851562,
              48.19229775423053
            ],
            [
              20.076141357421875,
              48.194243113721335
            ],
            [
              20.076828002929574,
              48.19607397283394
            ],
            [
              20.081806182861214,
              48.196760528134504
            ],
            [
              20.085411071777344,
              48.195730691733665
            ],
            [
              20.092792510986328,
              48.19893455922565
            ],
            [
              20.09296417236328,
              48.20122291334052
            ],
            [
              20.095882415771484,
              48.20431202924946
            ],
            [
              20.099830627441406,
              48.20373998480294
            ],
            [
              20.101375579833984,
              48.206028124257095
            ],
            [
              20.10000228881836,
              48.2074009588649
            ],
            [
              20.102405548095703,
              48.20923134776693
            ],
            [
              20.423611,
              48.1875
            ],
            [
              21.560833,
              47.766389
            ],
            [
              21.875,
              47.608333
            ],
            [
              22.009735107421875,
              47.47916032149414
            ],
            [
              22.0330810546875,
              47.441092383072515
            ],
            [
              22.034454345703125,
              47.40671472747142
            ],
            [
              22.00836181640625,
              47.378824470982245
            ],
            [
              21.96029663085926,
              47.37696459572701
            ],
            [
              21.617778,
              46.911389
            ],
            [
              21.219444,
              46.880556
            ],
            [
              20.2325,
              47.323056
            ],
            [
              19.630556,
              47.586111
            ]
          ]
        ]
      }
    },
    {
      "type": "Feature",
      "properties": {
        "name": "LHTRA53H / BVR HIGH",
        "category": "tra",
        "lower": "FL385",
        "upper": "FL525",
        "border_match_quality_deg": 0.3078
      },
      "geometry": {
        "type": "Polygon",
        "coordinates": [
          [
            [
              19.630556,
              47.586111
            ],
            [
              19.579444,
              47.719722
            ],
            [
              19.707222,
              47.860556
            ],
            [
              19.805603027343636,
              48.154176701412744
            ],
            [
              19.814529418945312,
              48.16608541901253
            ],
            [
              19.828262329101562,
              48.1683752400835
            ],
            [
              19.828948974609375,
              48.16242149265211
            ],
            [
              19.844741821289062,
              48.16242149265211
            ],
            [
              19.852294921875,
              48.177533502046636
            ],
            [
              19.859161376953125,
              48.17112289042123
            ],
            [
              19.879074096679688,
              48.169291139886596
            ],
            [
              19.885940551757812,
              48.1642534885474
            ],
            [
              19.897613525390625,
              48.167001359708934
            ],
            [
              19.90997314453125,
              48.15051192444076
            ],
            [
              19.91546630859375,
              48.146846885734256
            ],
            [
              19.909286499023438,
              48.13814136980191
            ],
            [
              19.90310668945301,
              48.1358501991708
            ],
            [
              19.89898681640625,
              48.123934463666366
            ],
            [
              19.910659790039062,
              48.12851776605501
            ],
            [
              19.93795394897461,
              48.13172583437477
            ],
            [
              19.93709564208973,
              48.13745402934834
            ],
            [
              19.95014190673828,
              48.14650327493638
            ],
            [
              19.951000213623047,
              48.15119909005971
            ],
            [
              19.963016510009766,
              48.152344345643336
            ],
            [
              19.974174499511605,
              48.16608541901253
            ],
            [
              19.981212615966797,
              48.16562744253031
            ],
            [
              19.984645843505746,
              48.16242149265211
            ],
            [
              19.98859405517578,
              48.16196348345478
            ],
            [
              19.991168975830078,
              48.168260751458
            ],
            [
              19.998207092285156,
              48.16871870442653
            ],
            [
              19.999065399169922,
              48.16974908365419
            ],
            [
              20.001983642578125,
              48.1705504754076
            ],
            [
              20.00335693359375,
              48.172038741152825
            ],
            [
              20.012454986572266,
              48.17215322134416
            ],
            [
              20.01623153686512,
              48.17409934549364
            ],
            [
              20.016403198242188,
              48.17593092427964
            ],
            [
              20.028934478759766,
              48.17741903386739
            ],
            [
              20.03408432006836,
              48.174900669263145
            ],
            [
              20.040950775146484,
              48.17455724632397
            ],
            [
              20.044212341308594,
              48.17261113955378
            ],
            [
              20.043869018554688,
              48.1707794421798
            ],
            [
              20.044384002685547,
              48.167115851145844
            ],
            [
              20.051422119140625,
              48.16745932392312
            ],
            [
              20.05331039428711,
              48.169405626211876
            ],
            [
              20.056228637695312,
              48.174786195205655
            ],
            [
              20.05880355834961,
              48.17467172089259
            ],
            [
              20.061378479003906,
              48.17822030575523
            ],
            [
              20.073394775390625,
              48.18005173733074
            ],
            [
              20.07854461669922,
              48.183714404203776
            ],
            [
              20.074081420898324,
              48.18714791671967
            ],
            [
              20.070133209228516,
              48.187033470008174
            ],
            [
              20.067729949951172,
              48.18875014384656
            ],
            [
              20.069961547851562,
              48.19229775423053
            ],
            [
              20.076141357421875,
              48.194243113721335
            ],
            [
              20.076828002929574,
              48.19607397283394
            ],
            [
              20.081806182861214,
              48.196760528134504
            ],
            [
              20.085411071777344,
              48.195730691733665
            ],
            [
              20.092792510986328,
              48.19893455922565
            ],
            [
              20.09296417236328,
              48.20122291334052
            ],
            [
              20.095882415771484,
              48.20431202924946
            ],
            [
              20.099830627441406,
              48.20373998480294
            ],
            [
              20.101375579833984,
              48.206028124257095
            ],
            [
              20.10000228881836,
              48.2074009588649
            ],
            [
              20.102405548095703,
              48.20923134776693
            ],
            [
              20.423611,
              48.1875
            ],
            [
              21.560833,
              47.766389
            ],
            [
              21.875,
              47.608333
            ],
            [
              22.009735107421875,
              47.47916032149414
            ],
            [
              22.0330810546875,
              47.441092383072515
            ],
            [
              22.034454345703125,
              47.40671472747142
            ],
            [
              22.00836181640625,
              47.378824470982245
            ],
            [
              21.96029663085926,
              47.37696459572701
            ],
            [
              21.617778,
              46.911389
            ],
            [
              21.219444,
              46.880556
            ],
            [
              20.2325,
              47.323056
            ],
            [
              19.630556,
              47.586111
            ]
          ]
        ]
      }
    },
    {
      "type": "Feature",
      "properties": {
        "name": "LHTRA53EL / BVR EAST LOW",
        "category": "tra",
        "lower": "9500 FT ALT",
        "upper": "FL195",
        "border_match_quality_deg": 0.1768
      },
      "geometry": {
        "type": "Polygon",
        "coordinates": [
          [
            [
              21.468889,
              47.085
            ],
            [
              21.550278,
              47.202778
            ],
            [
              21.720278,
              47.366944
            ],
            [
              21.560833,
              47.766389
            ],
            [
              21.875,
              47.608333
            ],
            [
              22.009735107421875,
              47.47916032149414
            ],
            [
              22.0330810546875,
              47.441092383072515
            ],
            [
              22.034454345703125,
              47.40671472747142
            ],
            [
              22.00836181640625,
              47.378824470982245
            ],
            [
              21.96029663085926,
              47.37696459572701
            ],
            [
              21.617778,
              46.911389
            ],
            [
              21.219444,
              46.880556
            ],
            [
              21.468889,
              47.085
            ]
          ]
        ]
      }
    },
    {
      "type": "Feature",
      "properties": {
        "name": "LHTRA53EH / BVR EAST HIGH",
        "category": "tra",
        "lower": "FL195",
        "upper": "FL245",
        "border_match_quality_deg": 0.1768
      },
      "geometry": {
        "type": "Polygon",
        "coordinates": [
          [
            [
              21.468889,
              47.085
            ],
            [
              21.550278,
              47.202778
            ],
            [
              21.720278,
              47.366944
            ],
            [
              21.560833,
              47.766389
            ],
            [
              21.875,
              47.608333
            ],
            [
              22.009735107421875,
              47.47916032149414
            ],
            [
              22.0330810546875,
              47.441092383072515
            ],
            [
              22.034454345703125,
              47.40671472747142
            ],
            [
              22.00836181640625,
              47.378824470982245
            ],
            [
              21.96029663085926,
              47.37696459572701
            ],
            [
              21.617778,
              46.911389
            ],
            [
              21.219444,
              46.880556
            ],
            [
              21.468889,
              47.085
            ]
          ]
        ]
      }
    },
    {
      "type": "Feature",
      "properties": {
        "name": "LHTRA53SL / BVR SOUTH LOW",
        "category": "tra",
        "lower": "9500 FT ALT",
        "upper": "FL195"
      },
      "geometry": {
        "type": "Polygon",
        "coordinates": [
          [
            [
              20.268056,
              47.495278
            ],
            [
              21.468889,
              47.085
            ],
            [
              21.219444,
              46.880556
            ],
            [
              20.372222,
              47.260278
            ],
            [
              20.2325,
              47.323056
            ],
            [
              20.268056,
              47.495278
            ]
          ]
        ]
      }
    },
    {
      "type": "Feature",
      "properties": {
        "name": "LHTRA53SH / BVR SOUTH HIGH",
        "category": "tra",
        "lower": "FL195",
        "upper": "FL245"
      },
      "geometry": {
        "type": "Polygon",
        "coordinates": [
          [
            [
              20.268056,
              47.495278
            ],
            [
              21.468889,
              47.085
            ],
            [
              21.219444,
              46.880556
            ],
            [
              20.372222,
              47.260278
            ],
            [
              20.2325,
              47.323056
            ],
            [
              20.268056,
              47.495278
            ]
          ]
        ]
      }
    },
    {
      "type": "Feature",
      "properties": {
        "name": "LHTRA53W / BVR WEST",
        "category": "tra",
        "lower": "FL195",
        "upper": "FL245"
      },
      "geometry": {
        "type": "Polygon",
        "coordinates": [
          [
            [
              19.707222,
              47.860556
            ],
            [
              20.268056,
              47.495278
            ],
            [
              20.2325,
              47.323056
            ],
            [
              19.630556,
              47.586111
            ],
            [
              19.579444,
              47.719722
            ],
            [
              19.707222,
              47.860556
            ]
          ]
        ]
      }
    },
    {
      "type": "Feature",
      "properties": {
        "name": "LHTRA53N / BVR NORTH",
        "category": "tra",
        "lower": "FL195",
        "upper": "FL245",
        "border_match_quality_deg": 0.3078
      },
      "geometry": {
        "type": "Polygon",
        "coordinates": [
          [
            [
              19.707222,
              47.860556
            ],
            [
              19.805603027343636,
              48.154176701412744
            ],
            [
              19.814529418945312,
              48.16608541901253
            ],
            [
              19.828262329101562,
              48.1683752400835
            ],
            [
              19.828948974609375,
              48.16242149265211
            ],
            [
              19.844741821289062,
              48.16242149265211
            ],
            [
              19.852294921875,
              48.177533502046636
            ],
            [
              19.859161376953125,
              48.17112289042123
            ],
            [
              19.879074096679688,
              48.169291139886596
            ],
            [
              19.885940551757812,
              48.1642534885474
            ],
            [
              19.897613525390625,
              48.167001359708934
            ],
            [
              19.90997314453125,
              48.15051192444076
            ],
            [
              19.91546630859375,
              48.146846885734256
            ],
            [
              19.909286499023438,
              48.13814136980191
            ],
            [
              19.90310668945301,
              48.1358501991708
            ],
            [
              19.89898681640625,
              48.123934463666366
            ],
            [
              19.910659790039062,
              48.12851776605501
            ],
            [
              19.93795394897461,
              48.13172583437477
            ],
            [
              19.93709564208973,
              48.13745402934834
            ],
            [
              19.95014190673828,
              48.14650327493638
            ],
            [
              19.951000213623047,
              48.15119909005971
            ],
            [
              19.963016510009766,
              48.152344345643336
            ],
            [
              19.974174499511605,
              48.16608541901253
            ],
            [
              19.981212615966797,
              48.16562744253031
            ],
            [
              19.984645843505746,
              48.16242149265211
            ],
            [
              19.98859405517578,
              48.16196348345478
            ],
            [
              19.991168975830078,
              48.168260751458
            ],
            [
              19.998207092285156,
              48.16871870442653
            ],
            [
              19.999065399169922,
              48.16974908365419
            ],
            [
              20.001983642578125,
              48.1705504754076
            ],
            [
              20.00335693359375,
              48.172038741152825
            ],
            [
              20.012454986572266,
              48.17215322134416
            ],
            [
              20.01623153686512,
              48.17409934549364
            ],
            [
              20.016403198242188,
              48.17593092427964
            ],
            [
              20.028934478759766,
              48.17741903386739
            ],
            [
              20.03408432006836,
              48.174900669263145
            ],
            [
              20.040950775146484,
              48.17455724632397
            ],
            [
              20.044212341308594,
              48.17261113955378
            ],
            [
              20.043869018554688,
              48.1707794421798
            ],
            [
              20.044384002685547,
              48.167115851145844
            ],
            [
              20.051422119140625,
              48.16745932392312
            ],
            [
              20.05331039428711,
              48.169405626211876
            ],
            [
              20.056228637695312,
              48.174786195205655
            ],
            [
              20.05880355834961,
              48.17467172089259
            ],
            [
              20.061378479003906,
              48.17822030575523
            ],
            [
              20.073394775390625,
              48.18005173733074
            ],
            [
              20.07854461669922,
              48.183714404203776
            ],
            [
              20.074081420898324,
              48.18714791671967
            ],
            [
              20.070133209228516,
              48.187033470008174
            ],
            [
              20.067729949951172,
              48.18875014384656
            ],
            [
              20.069961547851562,
              48.19229775423053
            ],
            [
              20.076141357421875,
              48.194243113721335
            ],
            [
              20.076828002929574,
              48.19607397283394
            ],
            [
              20.081806182861214,
              48.196760528134504
            ],
            [
              20.085411071777344,
              48.195730691733665
            ],
            [
              20.092792510986328,
              48.19893455922565
            ],
            [
              20.09296417236328,
              48.20122291334052
            ],
            [
              20.095882415771484,
              48.20431202924946
            ],
            [
              20.099830627441406,
              48.20373998480294
            ],
            [
              20.101375579833984,
              48.206028124257095
            ],
            [
              20.10000228881836,
              48.2074009588649
            ],
            [
              20.102405548095703,
              48.20923134776693
            ],
            [
              20.423611,
              48.1875
            ],
            [
              19.9375,
              47.966667
            ],
            [
              20.268056,
              47.495278
            ],
            [
              19.707222,
              47.860556
            ]
          ]
        ]
      }
    },
    {
      "type": "Feature",
      "properties": {
        "name": "LHSA2A / AEROBATICS AREA 2A",
        "category": "aerobatics",
        "lower": "1000 FT AGL",
        "upper": "4500 FT ALT"
      },
      "geometry": {
        "type": "Polygon",
        "coordinates": [
          [
            [
              18.673333,
              47.190833
            ],
            [
              18.701944,
              47.168889
            ],
            [
              18.787778,
              47.220556
            ],
            [
              18.736111,
              47.228333
            ],
            [
              18.673333,
              47.190833
            ]
          ]
        ]
      }
    },
    {
      "type": "Feature",
      "properties": {
        "name": "LHSA2B / AEROBATICS AREA 2B",
        "category": "aerobatics",
        "lower": "1000 FT AGL",
        "upper": "4500 FT ALT"
      },
      "geometry": {
        "type": "Polygon",
        "coordinates": [
          [
            [
              18.611389,
              47.154167
            ],
            [
              18.639444,
              47.132778
            ],
            [
              18.701944,
              47.168889
            ],
            [
              18.673333,
              47.190833
            ],
            [
              18.611389,
              47.154167
            ]
          ]
        ]
      }
    },
    {
      "type": "Feature",
      "properties": {
        "name": "LHSA3 / AEROBATICS AREA 3",
        "category": "aerobatics",
        "lower": "1000 FT AGL",
        "upper": "4000 FT ALT"
      },
      "geometry": {
        "type": "Polygon",
        "coordinates": [
          [
            [
              19.041667,
              46.175313
            ],
            [
              19.045486,
              46.175183
            ],
            [
              19.049268,
              46.174794
            ],
            [
              19.052977,
              46.17415
            ],
            [
              19.056577,
              46.173258
            ],
            [
              19.060033,
              46.172125
            ],
            [
              19.063312,
              46.170764
            ],
            [
              19.066382,
              46.169186
            ],
            [
              19.069214,
              46.167407
            ],
            [
              19.07178,
              46.165445
            ],
            [
              19.074056,
              46.163318
            ],
            [
              19.07602,
              46.161046
            ],
            [
              19.077653,
              46.158652
            ],
            [
              19.078939,
              46.156159
            ],
            [
              19.079866,
              46.15359
            ],
            [
              19.080425,
              46.150971
            ],
            [
              19.08061,
              46.148326
            ],
            [
              19.080421,
              46.145682
            ],
            [
              19.079858,
              46.143063
            ],
            [
              19.078928,
              46.140495
            ],
            [
              19.077639,
              46.138003
            ],
            [
              19.076004,
              46.13561
            ],
            [
              19.074038,
              46.133339
            ],
            [
              19.071761,
              46.131213
            ],
            [
              19.069195,
              46.129252
            ],
            [
              19.066363,
              46.127475
            ],
            [
              19.063294,
              46.125898
            ],
            [
              19.060017,
              46.124538
            ],
            [
              19.056563,
              46.123406
            ],
            [
              19.052966,
              46.122515
            ],
            [
              19.049261,
              46.121872
            ],
            [
              19.045482,
              46.121483
            ],
            [
              19.041667,
              46.121353
            ],
            [
              19.037852,
              46.121483
            ],
            [
              19.034073,
              46.121872
            ],
            [
              19.030368,
              46.122515
            ],
            [
              19.026771,
              46.123406
            ],
            [
              19.023317,
              46.124538
            ],
            [
              19.02004,
              46.125898
            ],
            [
              19.016971,
              46.127475
            ],
            [
              19.014139,
              46.129252
            ],
            [
              19.011573,
              46.131213
            ],
            [
              19.009296,
              46.133339
            ],
            [
              19.00733,
              46.13561
            ],
            [
              19.005695,
              46.138003
            ],
            [
              19.004406,
              46.140495
            ],
            [
              19.003476,
              46.143063
            ],
            [
              19.002913,
              46.145682
            ],
            [
              19.002724,
              46.148326
            ],
            [
              19.002909,
              46.150971
            ],
            [
              19.003468,
              46.15359
            ],
            [
              19.004395,
              46.156159
            ],
            [
              19.005681,
              46.158652
            ],
            [
              19.007314,
              46.161046
            ],
            [
              19.009278,
              46.163318
            ],
            [
              19.011554,
              46.165445
            ],
            [
              19.01412,
              46.167407
            ],
            [
              19.016952,
              46.169186
            ],
            [
              19.020022,
              46.170764
            ],
            [
              19.023301,
              46.172125
            ],
            [
              19.026757,
              46.173258
            ],
            [
              19.030357,
              46.17415
            ],
            [
              19.034066,
              46.174794
            ],
            [
              19.037848,
              46.175183
            ],
            [
              19.041667,
              46.175313
            ]
          ]
        ]
      }
    },
    {
      "type": "Feature",
      "properties": {
        "name": "LHSG100 / GLIDER AREA100",
        "category": "glider",
        "lower": "3500 FT ALT",
        "upper": "4500 FT ALT"
      },
      "geometry": {
        "type": "Polygon",
        "coordinates": [
          [
            [
              19.151389,
              47.776667
            ],
            [
              19.1025,
              47.716944
            ],
            [
              19.270833,
              47.618333
            ],
            [
              19.35,
              47.633333
            ],
            [
              19.389167,
              47.636389
            ],
            [
              19.151389,
              47.776667
            ]
          ]
        ]
      }
    },
    {
      "type": "Feature",
      "properties": {
        "name": "LHSG101 / GLIDER AREA101",
        "category": "glider",
        "lower": "3500 FT ALT",
        "upper": "5500 FT ALT"
      },
      "geometry": {
        "type": "Polygon",
        "coordinates": [
          [
            [
              19.200833,
              47.852222
            ],
            [
              19.075556,
              47.820556
            ],
            [
              19.151389,
              47.776667
            ],
            [
              19.389167,
              47.636389
            ],
            [
              19.531111,
              47.646944
            ],
            [
              19.255,
              47.818611
            ],
            [
              19.200833,
              47.852222
            ]
          ]
        ]
      }
    },
    {
      "type": "Feature",
      "properties": {
        "name": "LHSG102/S / GLIDER AREA102/S",
        "category": "glider",
        "lower": "5500 FT ALT",
        "upper": "6500 FT ALT"
      },
      "geometry": {
        "type": "Polygon",
        "coordinates": [
          [
            [
              19.336389,
              47.886667
            ],
            [
              19.200833,
              47.852222
            ],
            [
              19.255,
              47.818611
            ],
            [
              19.531111,
              47.646944
            ],
            [
              19.704444,
              47.659722
            ],
            [
              19.336389,
              47.886667
            ]
          ]
        ]
      }
    },
    {
      "type": "Feature",
      "properties": {
        "name": "LHSG102/V / GLIDER AREA102/V",
        "category": "glider",
        "lower": "5500 FT ALT",
        "upper": "6500 FT ALT"
      },
      "geometry": {
        "type": "Polygon",
        "coordinates": [
          [
            [
              19.336389,
              47.886667
            ],
            [
              19.200833,
              47.852222
            ],
            [
              19.255,
              47.818611
            ],
            [
              19.531111,
              47.646944
            ],
            [
              19.704444,
              47.659722
            ],
            [
              19.336389,
              47.886667
            ]
          ]
        ]
      }
    },
    {
      "type": "Feature",
      "properties": {
        "name": "LHSG103/S / GLIDER AREA103/S",
        "category": "glider",
        "lower": "5500 FT ALT",
        "upper": "7500 FT ALT"
      },
      "geometry": {
        "type": "Polygon",
        "coordinates": [
          [
            [
              19.568889,
              47.945556
            ],
            [
              19.336389,
              47.886667
            ],
            [
              19.704444,
              47.659722
            ],
            [
              19.994444,
              47.681111
            ],
            [
              19.774444,
              47.818333
            ],
            [
              19.568889,
              47.945556
            ]
          ]
        ]
      }
    },
    {
      "type": "Feature",
      "properties": {
        "name": "LHSG103/V / GLIDER AREA103/V",
        "category": "glider",
        "lower": "5500 FT ALT",
        "upper": "7500 FT ALT"
      },
      "geometry": {
        "type": "Polygon",
        "coordinates": [
          [
            [
              19.568889,
              47.945556
            ],
            [
              19.336389,
              47.886667
            ],
            [
              19.704444,
              47.659722
            ],
            [
              19.994444,
              47.681111
            ],
            [
              19.774444,
              47.818333
            ],
            [
              19.568889,
              47.945556
            ]
          ]
        ]
      }
    },
    {
      "type": "Feature",
      "properties": {
        "name": "LHSG110 / GLIDER AREA110",
        "category": "glider",
        "lower": "GND",
        "upper": "6500 FT ALT",
        "border_match_quality_deg": 0.0819
      },
      "geometry": {
        "type": "Polygon",
        "coordinates": [
          [
            [
              18.657778,
              47.761389
            ],
            [
              18.657778,
              47.614722
            ],
            [
              18.936944,
              47.821944
            ],
            [
              18.8525390625,
              47.818687628247105
            ],
            [
              18.657778,
              47.761389
            ]
          ]
        ]
      }
    },
    {
      "type": "Feature",
      "properties": {
        "name": "LHSG111 / GLIDER AREA111",
        "category": "glider",
        "lower": "5500 FT ALT",
        "upper": "6500 FT ALT",
        "border_match_quality_deg": 0.0156
      },
      "geometry": {
        "type": "Polygon",
        "coordinates": [
          [
            [
              18.657778,
              47.761389
            ],
            [
              18.54766845703125,
              47.76517619125415
            ],
            [
              18.498229980468636,
              47.75132805819867
            ],
            [
              18.458404541015625,
              47.76517619125415
            ],
            [
              18.468333,
              47.474167
            ],
            [
              18.537778,
              47.498889
            ],
            [
              18.657778,
              47.541944
            ],
            [
              18.657778,
              47.761389
            ]
          ]
        ]
      }
    },
    {
      "type": "Feature",
      "properties": {
        "name": "LHSG112 / GLIDER AREA112",
        "category": "glider",
        "lower": "5500 FT ALT",
        "upper": "6500 FT ALT",
        "border_match_quality_deg": 0.0044
      },
      "geometry": {
        "type": "Polygon",
        "coordinates": [
          [
            [
              19.060556,
              48.057778
            ],
            [
              19.00909423828125,
              48.0762438718672
            ],
            [
              18.984375,
              48.05513584361998
            ],
            [
              18.889617919921875,
              48.057889555610984
            ],
            [
              18.8800048828125,
              48.05146399853115
            ],
            [
              18.84567260742176,
              48.049627977799595
            ],
            [
              18.820953369140625,
              48.04044689225304
            ],
            [
              18.829193115234375,
              48.011975126709956
            ],
            [
              18.811340332031136,
              47.989921667414194
            ],
            [
              18.771514892578125,
              47.98440682947526
            ],
            [
              18.752288818359375,
              47.97613346768237
            ],
            [
              18.77288818359375,
              47.958663127446556
            ],
            [
              18.77288818359375,
              47.94026691125948
            ],
            [
              18.757781982421875,
              47.91910316704857
            ],
            [
              18.763275146484375,
              47.8730651468353
            ],
            [
              18.81683349609375,
              47.854638476529935
            ],
            [
              18.8250732421875,
              47.84081417507446
            ],
            [
              18.85528564453125,
              47.82883013320963
            ],
            [
              18.8525390625,
              47.818687628247105
            ],
            [
              18.936944,
              47.821944
            ],
            [
              19.075556,
              47.820556
            ],
            [
              19.200833,
              47.852222
            ],
            [
              19.336389,
              47.886667
            ],
            [
              19.060556,
              48.057778
            ]
          ]
        ]
      }
    },
    {
      "type": "Feature",
      "properties": {
        "name": "LHSG113/S / GLIDER AREA113/S",
        "category": "glider",
        "lower": "5500 FT ALT",
        "upper": "7500 FT ALT",
        "border_match_quality_deg": 0.0348
      },
      "geometry": {
        "type": "Polygon",
        "coordinates": [
          [
            [
              18.468333,
              47.763333
            ],
            [
              18.30596923828125,
              47.73193447949174
            ],
            [
              18.22357177734375,
              47.74024689788072
            ],
            [
              18.258611,
              47.483333
            ],
            [
              18.278333,
              47.405833
            ],
            [
              18.468333,
              47.474167
            ],
            [
              18.468333,
              47.763333
            ]
          ]
        ]
      }
    },
    {
      "type": "Feature",
      "properties": {
        "name": "LHSG113/V / GLIDER AREA113/V",
        "category": "glider",
        "lower": "5500 FT ALT",
        "upper": "7500 FT ALT",
        "border_match_quality_deg": 0.0348
      },
      "geometry": {
        "type": "Polygon",
        "coordinates": [
          [
            [
              18.468333,
              47.763333
            ],
            [
              18.30596923828125,
              47.73193447949174
            ],
            [
              18.22357177734375,
              47.74024689788072
            ],
            [
              18.258611,
              47.483333
            ],
            [
              18.278333,
              47.405833
            ],
            [
              18.468333,
              47.474167
            ],
            [
              18.468333,
              47.763333
            ]
          ]
        ]
      }
    },
    {
      "type": "Feature",
      "properties": {
        "name": "LHSG114 / GLIDER AREA114",
        "category": "glider",
        "lower": "5500 FT ALT",
        "upper": "7500 FT ALT",
        "border_match_quality_deg": 0.1721
      },
      "geometry": {
        "type": "Polygon",
        "coordinates": [
          [
            [
              19.060556,
              48.057778
            ],
            [
              19.336389,
              47.886667
            ],
            [
              19.568889,
              47.945556
            ],
            [
              19.45404052734375,
              48.098260411732674
            ],
            [
              19.441680908203125,
              48.09917756303404
            ],
            [
              19.40185546875,
              48.08450117877953
            ],
            [
              19.386749267578125,
              48.09000531373827
            ],
            [
              19.309844970703125,
              48.08817066753472
            ],
            [
              19.060556,
              48.057778
            ]
          ]
        ]
      }
    },
    {
      "type": "Feature",
      "properties": {
        "name": "LHSG120 / GLIDER AREA120",
        "category": "glider",
        "lower": "3500 FT ALT",
        "upper": "4500 FT ALT"
      },
      "geometry": {
        "type": "Polygon",
        "coordinates": [
          [
            [
              18.917222,
              47.565278
            ],
            [
              18.885833,
              47.541944
            ],
            [
              18.805,
              47.524167
            ],
            [
              18.919444,
              47.453889
            ],
            [
              18.977778,
              47.479444
            ],
            [
              19.008056,
              47.469722
            ],
            [
              19.015,
              47.4925
            ],
            [
              18.9975,
              47.515833
            ],
            [
              18.917222,
              47.565278
            ]
          ]
        ]
      }
    },
    {
      "type": "Feature",
      "properties": {
        "name": "LHSG121 / GLIDER AREA121",
        "category": "glider",
        "lower": "3500 FT ALT",
        "upper": "5500 FT ALT"
      },
      "geometry": {
        "type": "Polygon",
        "coordinates": [
          [
            [
              18.805,
              47.524167
            ],
            [
              18.718056,
              47.505
            ],
            [
              18.928611,
              47.375556
            ],
            [
              18.983056,
              47.415278
            ],
            [
              18.919444,
              47.453889
            ],
            [
              18.805,
              47.524167
            ]
          ]
        ]
      }
    },
    {
      "type": "Feature",
      "properties": {
        "name": "LHSG122 / GLIDER AREA122",
        "category": "glider",
        "lower": "3500 FT ALT",
        "upper": "6500 FT ALT"
      },
      "geometry": {
        "type": "Polygon",
        "coordinates": [
          [
            [
              18.657778,
              47.541944
            ],
            [
              18.537778,
              47.498889
            ],
            [
              18.657778,
              47.425278
            ],
            [
              18.694444,
              47.4025
            ],
            [
              18.773056,
              47.354167
            ],
            [
              18.841389,
              47.312222
            ],
            [
              18.928611,
              47.375556
            ],
            [
              18.718056,
              47.505
            ],
            [
              18.657778,
              47.541944
            ]
          ]
        ]
      }
    },
    {
      "type": "Feature",
      "properties": {
        "name": "LHSG123/S / GLIDER AREA123/S",
        "category": "glider",
        "lower": "5500 FT ALT",
        "upper": "6500 FT ALT"
      },
      "geometry": {
        "type": "Polygon",
        "coordinates": [
          [
            [
              18.537778,
              47.498889
            ],
            [
              18.468333,
              47.474167
            ],
            [
              18.826389,
              47.254167
            ],
            [
              18.841389,
              47.312222
            ],
            [
              18.773056,
              47.354167
            ],
            [
              18.694444,
              47.4025
            ],
            [
              18.657778,
              47.425278
            ],
            [
              18.537778,
              47.498889
            ]
          ]
        ]
      }
    },
    {
      "type": "Feature",
      "properties": {
        "name": "LHSG123/V / GLIDER AREA123/V",
        "category": "glider",
        "lower": "5500 FT ALT",
        "upper": "6500 FT ALT"
      },
      "geometry": {
        "type": "Polygon",
        "coordinates": [
          [
            [
              18.537778,
              47.498889
            ],
            [
              18.468333,
              47.474167
            ],
            [
              18.826389,
              47.254167
            ],
            [
              18.841389,
              47.312222
            ],
            [
              18.773056,
              47.354167
            ],
            [
              18.694444,
              47.4025
            ],
            [
              18.657778,
              47.425278
            ],
            [
              18.537778,
              47.498889
            ]
          ]
        ]
      }
    },
    {
      "type": "Feature",
      "properties": {
        "name": "LHSG124/S / GLIDER AREA124/S",
        "category": "glider",
        "lower": "5500 FT ALT",
        "upper": "7500 FT ALT"
      },
      "geometry": {
        "type": "Polygon",
        "coordinates": [
          [
            [
              18.468333,
              47.474167
            ],
            [
              18.278333,
              47.405833
            ],
            [
              18.285833,
              47.375556
            ],
            [
              18.295556,
              47.336389
            ],
            [
              18.745833,
              47.056667
            ],
            [
              18.905833,
              46.957222
            ],
            [
              18.826389,
              47.254167
            ],
            [
              18.468333,
              47.474167
            ]
          ]
        ]
      }
    },
    {
      "type": "Feature",
      "properties": {
        "name": "LHSG124/V / GLIDER AREA124/V",
        "category": "glider",
        "lower": "5500 FT ALT",
        "upper": "7500 FT ALT"
      },
      "geometry": {
        "type": "Polygon",
        "coordinates": [
          [
            [
              18.468333,
              47.474167
            ],
            [
              18.278333,
              47.405833
            ],
            [
              18.285833,
              47.375556
            ],
            [
              18.295556,
              47.336389
            ],
            [
              18.745833,
              47.056667
            ],
            [
              18.905833,
              46.957222
            ],
            [
              18.826389,
              47.254167
            ],
            [
              18.468333,
              47.474167
            ]
          ]
        ]
      }
    },
    {
      "type": "Feature",
      "properties": {
        "name": "LHSG130 / GLIDER AREA130",
        "category": "glider",
        "lower": "3500 FT ALT",
        "upper": "FL285"
      },
      "geometry": {
        "type": "Polygon",
        "coordinates": [
          [
            [
              19.198056,
              47.843333
            ],
            [
              18.994167,
              47.762222
            ],
            [
              19.054444,
              47.640833
            ],
            [
              19.249722,
              47.718333
            ],
            [
              19.198056,
              47.843333
            ]
          ]
        ]
      }
    },
    {
      "type": "Feature",
      "properties": {
        "name": "LHSG131 / GLIDER AREA131",
        "category": "glider",
        "lower": "3500 FT ALT",
        "upper": "FL285"
      },
      "geometry": {
        "type": "Polygon",
        "coordinates": [
          [
            [
              19.133333,
              48.0
            ],
            [
              18.933333,
              47.883333
            ],
            [
              18.994167,
              47.762222
            ],
            [
              19.198056,
              47.843333
            ],
            [
              19.133333,
              48.0
            ]
          ]
        ]
      }
    },
    {
      "type": "Feature",
      "properties": {
        "name": "LHSG132 / GLIDER AREA132",
        "category": "glider",
        "lower": "3500 FT ALT",
        "upper": "FL285"
      },
      "geometry": {
        "type": "Polygon",
        "coordinates": [
          [
            [
              19.249722,
              47.718333
            ],
            [
              19.054444,
              47.640833
            ],
            [
              19.127778,
              47.612778
            ],
            [
              19.249722,
              47.718333
            ]
          ]
        ]
      }
    },
    {
      "type": "Feature",
      "properties": {
        "name": "LHSG141 / GLIDER AREA141",
        "category": "glider",
        "lower": "5500 FT ALT",
        "upper": "7500 FT ALT"
      },
      "geometry": {
        "type": "Polygon",
        "coordinates": [
          [
            [
              18.826389,
              47.254167
            ],
            [
              18.905833,
              46.957222
            ],
            [
              19.008611,
              46.893611
            ],
            [
              19.198611,
              47.017778
            ],
            [
              18.826389,
              47.254167
            ]
          ]
        ]
      }
    },
    {
      "type": "Feature",
      "properties": {
        "name": "LHSG142/A / GLIDER AREA142/A",
        "category": "glider",
        "lower": "4000 FT ALT",
        "upper": "5500 FT ALT"
      },
      "geometry": {
        "type": "Polygon",
        "coordinates": [
          [
            [
              19.198611,
              47.017778
            ],
            [
              19.008611,
              46.893611
            ],
            [
              19.396944,
              46.805278
            ],
            [
              19.493056,
              46.820833
            ],
            [
              19.198611,
              47.017778
            ]
          ]
        ]
      }
    },
    {
      "type": "Feature",
      "properties": {
        "name": "LHSG142/B / GLIDER AREA142/B",
        "category": "glider",
        "lower": "5500 FT ALT",
        "upper": "7500 FT ALT"
      },
      "geometry": {
        "type": "Polygon",
        "coordinates": [
          [
            [
              19.198611,
              47.017778
            ],
            [
              19.008611,
              46.893611
            ],
            [
              19.396944,
              46.805278
            ],
            [
              19.493056,
              46.820833
            ],
            [
              19.198611,
              47.017778
            ]
          ]
        ]
      }
    },
    {
      "type": "Feature",
      "properties": {
        "name": "LHSG143 / GLIDER AREA143",
        "category": "glider",
        "lower": "4000 FT ALT",
        "upper": "7500 FT ALT"
      },
      "geometry": {
        "type": "Polygon",
        "coordinates": [
          [
            [
              19.008611,
              46.893611
            ],
            [
              19.370278,
              46.665833
            ],
            [
              19.493056,
              46.820833
            ],
            [
              19.396944,
              46.805278
            ],
            [
              19.008611,
              46.893611
            ]
          ]
        ]
      }
    },
    {
      "type": "Feature",
      "properties": {
        "name": "LHSG144 / GLIDER AREA144",
        "category": "glider",
        "lower": "4000 FT ALT",
        "upper": "7500 FT ALT"
      },
      "geometry": {
        "type": "Polygon",
        "coordinates": [
          [
            [
              19.493056,
              46.820833
            ],
            [
              19.370278,
              46.665833
            ],
            [
              19.809444,
              46.609167
            ],
            [
              19.493056,
              46.820833
            ]
          ]
        ]
      }
    },
    {
      "type": "Feature",
      "properties": {
        "name": "LHSDZLHBC / BEKESCSABA",
        "category": "dropzone",
        "lower": "4000 FT ALT",
        "upper": "FL155"
      },
      "geometry": {
        "type": "Polygon",
        "coordinates": [
          [
            [
              21.160556,
              46.73962
            ],
            [
              21.16956,
              46.739316
            ],
            [
              21.178476,
              46.738408
            ],
            [
              21.18722,
              46.736906
            ],
            [
              21.195706,
              46.734822
            ],
            [
              21.203852,
              46.732178
            ],
            [
              21.21158,
              46.728999
            ],
            [
              21.218815,
              46.725315
            ],
            [
              21.225488,
              46.721163
            ],
            [
              21.231534,
              46.716582
            ],
            [
              21.236895,
              46.711616
            ],
            [
              21.241519,
              46.706314
            ],
            [
              21.245362,
              46.700727
            ],
            [
              21.248387,
              46.694908
            ],
            [
              21.250566,
              46.688913
            ],
            [
              21.251877,
              46.682801
            ],
            [
              21.252308,
              46.67663
            ],
            [
              21.251856,
              46.67046
            ],
            [
              21.250525,
              46.66435
            ],
            [
              21.248328,
              46.658359
            ],
            [
              21.245286,
              46.652545
            ],
            [
              21.24143,
              46.646963
            ],
            [
              21.236796,
              46.641667
            ],
            [
              21.231429,
              46.636708
            ],
            [
              21.225381,
              46.632135
            ],
            [
              21.218711,
              46.627989
            ],
            [
              21.211481,
              46.624313
            ],
            [
              21.203763,
              46.62114
            ],
            [
              21.19563,
              46.618501
            ],
            [
              21.187161,
              46.616422
            ],
            [
              21.178436,
              46.614923
            ],
            [
              21.169539,
              46.614017
            ],
            [
              21.160556,
              46.613714
            ],
            [
              21.151573,
              46.614017
            ],
            [
              21.142676,
              46.614923
            ],
            [
              21.133951,
              46.616422
            ],
            [
              21.125482,
              46.618501
            ],
            [
              21.117349,
              46.62114
            ],
            [
              21.109631,
              46.624313
            ],
            [
              21.102401,
              46.627989
            ],
            [
              21.095731,
              46.632135
            ],
            [
              21.089683,
              46.636708
            ],
            [
              21.084316,
              46.641667
            ],
            [
              21.079682,
              46.646963
            ],
            [
              21.075826,
              46.652545
            ],
            [
              21.072784,
              46.658359
            ],
            [
              21.070587,
              46.66435
            ],
            [
              21.069256,
              46.67046
            ],
            [
              21.068804,
              46.67663
            ],
            [
              21.069235,
              46.682801
            ],
            [
              21.070546,
              46.688913
            ],
            [
              21.072725,
              46.694908
            ],
            [
              21.07575,
              46.700727
            ],
            [
              21.079593,
              46.706314
            ],
            [
              21.084217,
              46.711616
            ],
            [
              21.089578,
              46.716582
            ],
            [
              21.095624,
              46.721163
            ],
            [
              21.102297,
              46.725315
            ],
            [
              21.109532,
              46.728999
            ],
            [
              21.11726,
              46.732178
            ],
            [
              21.125406,
              46.734822
            ],
            [
              21.133892,
              46.736906
            ],
            [
              21.142636,
              46.738408
            ],
            [
              21.151552,
              46.739316
            ],
            [
              21.160556,
              46.73962
            ]
          ]
        ]
      }
    },
    {
      "type": "Feature",
      "properties": {
        "name": "LHSDZLHBD / BORGOND",
        "category": "dropzone",
        "lower": "GND",
        "upper": "FL155"
      },
      "geometry": {
        "type": "Polygon",
        "coordinates": [
          [
            [
              18.4825,
              47.176944
            ],
            [
              18.388056,
              47.105278
            ],
            [
              18.443333,
              47.029167
            ],
            [
              18.529722,
              47.043611
            ],
            [
              18.573611,
              47.144444
            ],
            [
              18.4825,
              47.176944
            ]
          ]
        ]
      }
    },
    {
      "type": "Feature",
      "properties": {
        "name": "LHSDZLHBK / BALATONKERESZTUR",
        "category": "dropzone",
        "lower": "GND",
        "upper": "FL145"
      },
      "geometry": {
        "type": "Polygon",
        "coordinates": [
          [
            [
              17.394444,
              46.722536
            ],
            [
              17.398302,
              46.722406
            ],
            [
              17.402122,
              46.722017
            ],
            [
              17.405868,
              46.721373
            ],
            [
              17.409504,
              46.720481
            ],
            [
              17.412995,
              46.719348
            ],
            [
              17.416307,
              46.717987
            ],
            [
              17.419408,
              46.716409
            ],
            [
              17.422269,
              46.71463
            ],
            [
              17.424861,
              46.712668
            ],
            [
              17.42716,
              46.71054
            ],
            [
              17.429144,
              46.708269
            ],
            [
              17.430793,
              46.705875
            ],
            [
              17.432092,
              46.703382
            ],
            [
              17.433028,
              46.700813
            ],
            [
              17.433593,
              46.698194
            ],
            [
              17.43378,
              46.695549
            ],
            [
              17.433589,
              46.692905
            ],
            [
              17.433021,
              46.690286
            ],
            [
              17.432081,
              46.687718
            ],
            [
              17.430779,
              46.685226
            ],
            [
              17.429127,
              46.682833
            ],
            [
              17.427142,
              46.680562
            ],
            [
              17.424842,
              46.678436
            ],
            [
              17.422249,
              46.676475
            ],
            [
              17.419389,
              46.674698
            ],
            [
              17.416289,
              46.673121
            ],
            [
              17.412979,
              46.671761
            ],
            [
              17.40949,
              46.670629
            ],
            [
              17.405857,
              46.669738
            ],
            [
              17.402114,
              46.669095
            ],
            [
              17.398298,
              46.668706
            ],
            [
              17.394444,
              46.668576
            ],
            [
              17.39059,
              46.668706
            ],
            [
              17.386774,
              46.669095
            ],
            [
              17.383031,
              46.669738
            ],
            [
              17.379398,
              46.670629
            ],
            [
              17.375909,
              46.671761
            ],
            [
              17.372599,
              46.673121
            ],
            [
              17.369499,
              46.674698
            ],
            [
              17.366639,
              46.676475
            ],
            [
              17.364046,
              46.678436
            ],
            [
              17.361746,
              46.680562
            ],
            [
              17.359761,
              46.682833
            ],
            [
              17.358109,
              46.685226
            ],
            [
              17.356807,
              46.687718
            ],
            [
              17.355867,
              46.690286
            ],
            [
              17.355299,
              46.692905
            ],
            [
              17.355108,
              46.695549
            ],
            [
              17.355295,
              46.698194
            ],
            [
              17.35586,
              46.700813
            ],
            [
              17.356796,
              46.703382
            ],
            [
              17.358095,
              46.705875
            ],
            [
              17.359744,
              46.708269
            ],
            [
              17.361728,
              46.71054
            ],
            [
              17.364027,
              46.712668
            ],
            [
              17.366619,
              46.71463
            ],
            [
              17.36948,
              46.716409
            ],
            [
              17.372581,
              46.717987
            ],
            [
              17.375893,
              46.719348
            ],
            [
              17.379384,
              46.720481
            ],
            [
              17.38302,
              46.721373
            ],
            [
              17.386766,
              46.722017
            ],
            [
              17.390586,
              46.722406
            ],
            [
              17.394444,
              46.722536
            ]
          ]
        ]
      }
    },
    {
      "type": "Feature",
      "properties": {
        "name": "LHSDZLHDV / DUNAUJVAROS",
        "category": "dropzone",
        "lower": "GND",
        "upper": "FL135"
      },
      "geometry": {
        "type": "Polygon",
        "coordinates": [
          [
            [
              18.910556,
              46.933299
            ],
            [
              18.91701,
              46.933082
            ],
            [
              18.923403,
              46.932434
            ],
            [
              18.929671,
              46.931361
            ],
            [
              18.935754,
              46.929873
            ],
            [
              18.941595,
              46.927985
            ],
            [
              18.947135,
              46.925715
            ],
            [
              18.952323,
              46.923085
            ],
            [
              18.957108,
              46.920119
            ],
            [
              18.961444,
              46.916848
            ],
            [
              18.965288,
              46.913302
            ],
            [
              18.968605,
              46.909515
            ],
            [
              18.971363,
              46.905525
            ],
            [
              18.973534,
              46.901369
            ],
            [
              18.975098,
              46.897087
            ],
            [
              18.97604,
              46.892722
            ],
            [
              18.976351,
              46.888314
            ],
            [
              18.976029,
              46.883907
            ],
            [
              18.975077,
              46.879542
            ],
            [
              18.973503,
              46.875263
            ],
            [
              18.971324,
              46.871109
            ],
            [
              18.968559,
              46.867121
            ],
            [
              18.965237,
              46.863338
            ],
            [
              18.96139,
              46.859796
            ],
            [
              18.957053,
              46.856528
            ],
            [
              18.952269,
              46.853566
            ],
            [
              18.947085,
              46.850939
            ],
            [
              18.941549,
              46.848672
            ],
            [
              18.935715,
              46.846787
            ],
            [
              18.92964,
              46.845302
            ],
            [
              18.923382,
              46.84423
            ],
            [
              18.917,
              46.843583
            ],
            [
              18.910556,
              46.843367
            ],
            [
              18.904112,
              46.843583
            ],
            [
              18.89773,
              46.84423
            ],
            [
              18.891472,
              46.845302
            ],
            [
              18.885397,
              46.846787
            ],
            [
              18.879563,
              46.848672
            ],
            [
              18.874027,
              46.850939
            ],
            [
              18.868843,
              46.853566
            ],
            [
              18.864059,
              46.856528
            ],
            [
              18.859722,
              46.859796
            ],
            [
              18.855875,
              46.863338
            ],
            [
              18.852553,
              46.867121
            ],
            [
              18.849788,
              46.871109
            ],
            [
              18.847609,
              46.875263
            ],
            [
              18.846035,
              46.879542
            ],
            [
              18.845083,
              46.883907
            ],
            [
              18.844761,
              46.888314
            ],
            [
              18.845072,
              46.892722
            ],
            [
              18.846014,
              46.897087
            ],
            [
              18.847578,
              46.901369
            ],
            [
              18.849749,
              46.905525
            ],
            [
              18.852507,
              46.909515
            ],
            [
              18.855824,
              46.913302
            ],
            [
              18.859668,
              46.916848
            ],
            [
              18.864004,
              46.920119
            ],
            [
              18.868789,
              46.923085
            ],
            [
              18.873977,
              46.925715
            ],
            [
              18.879517,
              46.927985
            ],
            [
              18.885358,
              46.929873
            ],
            [
              18.891441,
              46.931361
            ],
            [
              18.897709,
              46.932434
            ],
            [
              18.904102,
              46.933082
            ],
            [
              18.910556,
              46.933299
            ]
          ]
        ]
      }
    },
    {
      "type": "Feature",
      "properties": {
        "name": "LHSDZLHFM / FERTOSZENTMIKLOS",
        "category": "dropzone",
        "lower": "GND",
        "upper": "FL125"
      },
      "geometry": {
        "type": "Polygon",
        "coordinates": [
          [
            [
              16.856111,
              47.599167
            ],
            [
              16.871389,
              47.571111
            ],
            [
              16.835833,
              47.556111
            ],
            [
              16.805556,
              47.560833
            ],
            [
              16.773611,
              47.578056
            ],
            [
              16.758889,
              47.598889
            ],
            [
              16.856111,
              47.599167
            ]
          ]
        ]
      }
    },
    {
      "type": "Feature",
      "properties": {
        "name": "LHSDZLHGD / GODOLLO",
        "category": "dropzone",
        "lower": "GND",
        "upper": "6500 FT ALT"
      },
      "geometry": {
        "type": "Polygon",
        "coordinates": [
          [
            [
              19.316667,
              47.612778
            ],
            [
              19.294722,
              47.5775
            ],
            [
              19.378611,
              47.56
            ],
            [
              19.397778,
              47.596667
            ],
            [
              19.316667,
              47.612778
            ]
          ]
        ]
      }
    },
    {
      "type": "Feature",
      "properties": {
        "name": "LHSDZLHGR1 / GYURO1",
        "category": "dropzone",
        "lower": "GND",
        "upper": "5500 FT ALT"
      },
      "geometry": {
        "type": "Polygon",
        "coordinates": [
          [
            [
              18.751389,
              47.445
            ],
            [
              18.694444,
              47.4025
            ],
            [
              18.773056,
              47.354167
            ],
            [
              18.83,
              47.396389
            ],
            [
              18.751389,
              47.445
            ]
          ]
        ]
      }
    },
    {
      "type": "Feature",
      "properties": {
        "name": "LHSDZLHGR2 / GYURO2",
        "category": "dropzone",
        "lower": "GND",
        "upper": "6500 FT ALT"
      },
      "geometry": {
        "type": "Polygon",
        "coordinates": [
          [
            [
              18.694444,
              47.4025
            ],
            [
              18.67,
              47.384444
            ],
            [
              18.748611,
              47.335833
            ],
            [
              18.773056,
              47.354167
            ],
            [
              18.694444,
              47.4025
            ]
          ]
        ]
      }
    },
    {
      "type": "Feature",
      "properties": {
        "name": "LHSDZLHHO / HAJDUSZOBOSZLO",
        "category": "dropzone",
        "lower": "GND",
        "upper": "FL145"
      },
      "geometry": {
        "type": "Polygon",
        "coordinates": [
          [
            [
              21.413889,
              47.469444
            ],
            [
              21.25,
              47.374444
            ],
            [
              21.25,
              47.459167
            ],
            [
              21.310833,
              47.495
            ],
            [
              21.413889,
              47.469444
            ]
          ]
        ]
      }
    },
    {
      "type": "Feature",
      "properties": {
        "name": "LHSDZLHKA / KALOCSA",
        "category": "dropzone",
        "lower": "GND",
        "upper": "FL135"
      },
      "geometry": {
        "type": "Polygon",
        "coordinates": [
          [
            [
              18.905278,
              46.565556
            ],
            [
              18.971389,
              46.576389
            ],
            [
              19.023056,
              46.521667
            ],
            [
              18.921944,
              46.5
            ],
            [
              18.905278,
              46.565556
            ]
          ]
        ]
      }
    },
    {
      "type": "Feature",
      "properties": {
        "name": "LHSDZLHKH / KISKUNFELEGYHAZA",
        "category": "dropzone",
        "lower": "GND",
        "upper": "FL135"
      },
      "geometry": {
        "type": "Polygon",
        "coordinates": [
          [
            [
              19.762778,
              46.766667
            ],
            [
              19.85,
              46.8
            ],
            [
              19.925833,
              46.766111
            ],
            [
              19.933333,
              46.7
            ],
            [
              19.762778,
              46.766667
            ]
          ]
        ]
      }
    },
    {
      "type": "Feature",
      "properties": {
        "name": "LHSDZLHKI / KISKOROS",
        "category": "dropzone",
        "lower": "GND",
        "upper": "3500 FT ALT"
      },
      "geometry": {
        "type": "Polygon",
        "coordinates": [
          [
            [
              19.245,
              46.660833
            ],
            [
              19.253056,
              46.653889
            ],
            [
              19.242778,
              46.648333
            ],
            [
              19.234167,
              46.655278
            ],
            [
              19.245,
              46.660833
            ]
          ]
        ]
      }
    },
    {
      "type": "Feature",
      "properties": {
        "name": "LHSDZLHKV / KAPOSUJLAK",
        "category": "dropzone",
        "lower": "GND",
        "upper": "FL165"
      },
      "geometry": {
        "type": "Polygon",
        "coordinates": [
          [
            [
              17.566667,
              46.516667
            ],
            [
              17.783333,
              46.516667
            ],
            [
              17.783333,
              46.3
            ],
            [
              17.566667,
              46.3
            ],
            [
              17.566667,
              46.516667
            ]
          ]
        ]
      }
    },
    {
      "type": "Feature",
      "properties": {
        "name": "LHSDZLHMP / MATKOPUSZTA",
        "category": "dropzone",
        "lower": "GND",
        "upper": "FL145",
        "note": "Subtracted from Kecskemet MCTR airspace."
      },
      "geometry": {
        "type": "Polygon",
        "coordinates": [
          [
            [
              19.683889,
              46.84941
            ],
            [
              19.69105,
              46.849169
            ],
            [
              19.698142,
              46.848449
            ],
            [
              19.705096,
              46.847257
            ],
            [
              19.711845,
              46.845603
            ],
            [
              19.718325,
              46.843505
            ],
            [
              19.724472,
              46.840982
            ],
            [
              19.730227,
              46.838059
            ],
            [
              19.735535,
              46.834764
            ],
            [
              19.740345,
              46.831128
            ],
            [
              19.74461,
              46.827188
            ],
            [
              19.74829,
              46.82298
            ],
            [
              19.751348,
              46.818545
            ],
            [
              19.753756,
              46.813927
            ],
            [
              19.75549,
              46.80917
            ],
            [
              19.756535,
              46.804319
            ],
            [
              19.75688,
              46.799421
            ],
            [
              19.756522,
              46.794523
            ],
            [
              19.755465,
              46.789674
            ],
            [
              19.753718,
              46.784918
            ],
            [
              19.7513,
              46.780303
            ],
            [
              19.748233,
              46.775872
            ],
            [
              19.744548,
              46.771668
            ],
            [
              19.740279,
              46.767732
            ],
            [
              19.735468,
              46.764101
            ],
            [
              19.730161,
              46.76081
            ],
            [
              19.724409,
              46.757891
            ],
            [
              19.718269,
              46.755373
            ],
            [
              19.711798,
              46.753278
            ],
            [
              19.705058,
              46.751627
            ],
            [
              19.698116,
              46.750437
            ],
            [
              19.691037,
              46.749718
            ],
            [
              19.683889,
              46.749478
            ],
            [
              19.676741,
              46.749718
            ],
            [
              19.669662,
              46.750437
            ],
            [
              19.66272,
              46.751627
            ],
            [
              19.65598,
              46.753278
            ],
            [
              19.649509,
              46.755373
            ],
            [
              19.643369,
              46.757891
            ],
            [
              19.637617,
              46.76081
            ],
            [
              19.63231,
              46.764101
            ],
            [
              19.627499,
              46.767732
            ],
            [
              19.62323,
              46.771668
            ],
            [
              19.619545,
              46.775872
            ],
            [
              19.616478,
              46.780303
            ],
            [
              19.61406,
              46.784918
            ],
            [
              19.612313,
              46.789674
            ],
            [
              19.611256,
              46.794523
            ],
            [
              19.610898,
              46.799421
            ],
            [
              19.611243,
              46.804319
            ],
            [
              19.612288,
              46.80917
            ],
            [
              19.614022,
              46.813927
            ],
            [
              19.61643,
              46.818545
            ],
            [
              19.619488,
              46.82298
            ],
            [
              19.623168,
              46.827188
            ],
            [
              19.627433,
              46.831128
            ],
            [
              19.632243,
              46.834764
            ],
            [
              19.637551,
              46.838059
            ],
            [
              19.643306,
              46.840982
            ],
            [
              19.649453,
              46.843505
            ],
            [
              19.655933,
              46.845603
            ],
            [
              19.662682,
              46.847257
            ],
            [
              19.669636,
              46.848449
            ],
            [
              19.676728,
              46.849169
            ],
            [
              19.683889,
              46.84941
            ]
          ]
        ]
      }
    },
    {
      "type": "Feature",
      "properties": {
        "name": "LHSDZLHMC / MISKOLC",
        "category": "dropzone",
        "lower": "GND",
        "upper": "FL145",
        "note": "Subtracted from LHB32 BUKK airspace."
      },
      "geometry": {
        "type": "Polygon",
        "coordinates": [
          [
            [
              20.791667,
              48.176633
            ],
            [
              20.798276,
              48.176416
            ],
            [
              20.804822,
              48.175768
            ],
            [
              20.811241,
              48.174695
            ],
            [
              20.81747,
              48.173207
            ],
            [
              20.823451,
              48.171319
            ],
            [
              20.829125,
              48.169049
            ],
            [
              20.834437,
              48.166418
            ],
            [
              20.839336,
              48.163453
            ],
            [
              20.843776,
              48.160181
            ],
            [
              20.847713,
              48.156635
            ],
            [
              20.851109,
              48.152849
            ],
            [
              20.853932,
              48.148858
            ],
            [
              20.856155,
              48.144702
            ],
            [
              20.857757,
              48.140421
            ],
            [
              20.858721,
              48.136055
            ],
            [
              20.85904,
              48.131647
            ],
            [
              20.85871,
              48.12724
            ],
            [
              20.857734,
              48.122876
            ],
            [
              20.856122,
              48.118596
            ],
            [
              20.853891,
              48.114442
            ],
            [
              20.85106,
              48.110455
            ],
            [
              20.847658,
              48.106672
            ],
            [
              20.843718,
              48.103129
            ],
            [
              20.839277,
              48.099861
            ],
            [
              20.834379,
              48.0969
            ],
            [
              20.82907,
              48.094273
            ],
            [
              20.823402,
              48.092006
            ],
            [
              20.817429,
              48.090121
            ],
            [
              20.811208,
              48.088635
            ],
            [
              20.8048,
              48.087564
            ],
            [
              20.798265,
              48.086917
            ],
            [
              20.791667,
              48.086701
            ],
            [
              20.785069,
              48.086917
            ],
            [
              20.778534,
              48.087564
            ],
            [
              20.772126,
              48.088635
            ],
            [
              20.765905,
              48.090121
            ],
            [
              20.759932,
              48.092006
            ],
            [
              20.754264,
              48.094273
            ],
            [
              20.748955,
              48.0969
            ],
            [
              20.744057,
              48.099861
            ],
            [
              20.739616,
              48.103129
            ],
            [
              20.735676,
              48.106672
            ],
            [
              20.732274,
              48.110455
            ],
            [
              20.729443,
              48.114442
            ],
            [
              20.727212,
              48.118596
            ],
            [
              20.7256,
              48.122876
            ],
            [
              20.724624,
              48.12724
            ],
            [
              20.724294,
              48.131647
            ],
            [
              20.724613,
              48.136055
            ],
            [
              20.725577,
              48.140421
            ],
            [
              20.727179,
              48.144702
            ],
            [
              20.729402,
              48.148858
            ],
            [
              20.732225,
              48.152849
            ],
            [
              20.735621,
              48.156635
            ],
            [
              20.739558,
              48.160181
            ],
            [
              20.743998,
              48.163453
            ],
            [
              20.748897,
              48.166418
            ],
            [
              20.754209,
              48.169049
            ],
            [
              20.759883,
              48.171319
            ],
            [
              20.765864,
              48.173207
            ],
            [
              20.772093,
              48.174695
            ],
            [
              20.778512,
              48.175768
            ],
            [
              20.785058,
              48.176416
            ],
            [
              20.791667,
              48.176633
            ]
          ]
        ]
      }
    },
    {
      "type": "Feature",
      "properties": {
        "name": "LHSDZLHNY / NYIREGYHAZA",
        "category": "dropzone",
        "lower": "9500 FT ALT",
        "upper": "FL155"
      },
      "geometry": {
        "type": "Polygon",
        "coordinates": [
          [
            [
              21.683333,
              48.072154
            ],
            [
              21.696525,
              48.07172
            ],
            [
              21.709589,
              48.070423
            ],
            [
              21.722399,
              48.068275
            ],
            [
              21.734831,
              48.065297
            ],
            [
              21.746765,
              48.061518
            ],
            [
              21.758085,
              48.056974
            ],
            [
              21.768682,
              48.051709
            ],
            [
              21.778454,
              48.045774
            ],
            [
              21.787306,
              48.039227
            ],
            [
              21.795153,
              48.032131
            ],
            [
              21.801921,
              48.024555
            ],
            [
              21.807544,
              48.016571
            ],
            [
              21.811968,
              48.008256
            ],
            [
              21.815151,
              47.999692
            ],
            [
              21.817064,
              47.990959
            ],
            [
              21.817688,
              47.982144
            ],
            [
              21.817018,
              47.97333
            ],
            [
              21.815062,
              47.964602
            ],
            [
              21.811838,
              47.956044
            ],
            [
              21.807378,
              47.94774
            ],
            [
              21.801726,
              47.939767
            ],
            [
              21.794937,
              47.932204
            ],
            [
              21.787076,
              47.925123
            ],
            [
              21.77822,
              47.918591
            ],
            [
              21.768452,
              47.912672
            ],
            [
              21.757869,
              47.907422
            ],
            [
              21.74657,
              47.902892
            ],
            [
              21.734666,
              47.899124
            ],
            [
              21.722269,
              47.896156
            ],
            [
              21.7095,
              47.894015
            ],
            [
              21.696479,
              47.892722
            ],
            [
              21.683333,
              47.89229
            ],
            [
              21.670187,
              47.892722
            ],
            [
              21.657166,
              47.894015
            ],
            [
              21.644397,
              47.896156
            ],
            [
              21.632,
              47.899124
            ],
            [
              21.620096,
              47.902892
            ],
            [
              21.608797,
              47.907422
            ],
            [
              21.598214,
              47.912672
            ],
            [
              21.588446,
              47.918591
            ],
            [
              21.57959,
              47.925123
            ],
            [
              21.571729,
              47.932204
            ],
            [
              21.56494,
              47.939767
            ],
            [
              21.559288,
              47.94774
            ],
            [
              21.554828,
              47.956044
            ],
            [
              21.551604,
              47.964602
            ],
            [
              21.549648,
              47.97333
            ],
            [
              21.548978,
              47.982144
            ],
            [
              21.549602,
              47.990959
            ],
            [
              21.551515,
              47.999692
            ],
            [
              21.554698,
              48.008256
            ],
            [
              21.559122,
              48.016571
            ],
            [
              21.564745,
              48.024555
            ],
            [
              21.571513,
              48.032131
            ],
            [
              21.57936,
              48.039227
            ],
            [
              21.588212,
              48.045774
            ],
            [
              21.597984,
              48.051709
            ],
            [
              21.608581,
              48.056974
            ],
            [
              21.619901,
              48.061518
            ],
            [
              21.631835,
              48.065297
            ],
            [
              21.644267,
              48.068275
            ],
            [
              21.657077,
              48.070423
            ],
            [
              21.670141,
              48.07172
            ],
            [
              21.683333,
              48.072154
            ]
          ]
        ]
      }
    },
    {
      "type": "Feature",
      "properties": {
        "name": "LHSDZLHOY / OCSENY",
        "category": "dropzone",
        "lower": "GND",
        "upper": "FL145"
      },
      "geometry": {
        "type": "Polygon",
        "coordinates": [
          [
            [
              18.763611,
              46.345255
            ],
            [
              18.768341,
              46.345094
            ],
            [
              18.773025,
              46.344614
            ],
            [
              18.777618,
              46.34382
            ],
            [
              18.782076,
              46.342718
            ],
            [
              18.786357,
              46.341319
            ],
            [
              18.790417,
              46.339638
            ],
            [
              18.794219,
              46.33769
            ],
            [
              18.797726,
              46.335493
            ],
            [
              18.800904,
              46.33307
            ],
            [
              18.803723,
              46.330444
            ],
            [
              18.806154,
              46.327639
            ],
            [
              18.808176,
              46.324683
            ],
            [
              18.809768,
              46.321604
            ],
            [
              18.810915,
              46.318433
            ],
            [
              18.811607,
              46.315199
            ],
            [
              18.811836,
              46.311934
            ],
            [
              18.811601,
              46.308669
            ],
            [
              18.810904,
              46.305436
            ],
            [
              18.809752,
              46.302265
            ],
            [
              18.808155,
              46.299188
            ],
            [
              18.80613,
              46.296233
            ],
            [
              18.803695,
              46.29343
            ],
            [
              18.800875,
              46.290806
            ],
            [
              18.797697,
              46.288385
            ],
            [
              18.794191,
              46.28619
            ],
            [
              18.79039,
              46.284244
            ],
            [
              18.786332,
              46.282564
            ],
            [
              18.782056,
              46.281167
            ],
            [
              18.777602,
              46.280067
            ],
            [
              18.773014,
              46.279273
            ],
            [
              18.768335,
              46.278793
            ],
            [
              18.763611,
              46.278633
            ],
            [
              18.758887,
              46.278793
            ],
            [
              18.754208,
              46.279273
            ],
            [
              18.74962,
              46.280067
            ],
            [
              18.745166,
              46.281167
            ],
            [
              18.74089,
              46.282564
            ],
            [
              18.736832,
              46.284244
            ],
            [
              18.733031,
              46.28619
            ],
            [
              18.729525,
              46.288385
            ],
            [
              18.726347,
              46.290806
            ],
            [
              18.723527,
              46.29343
            ],
            [
              18.721092,
              46.296233
            ],
            [
              18.719067,
              46.299188
            ],
            [
              18.71747,
              46.302265
            ],
            [
              18.716318,
              46.305436
            ],
            [
              18.715621,
              46.308669
            ],
            [
              18.715386,
              46.311934
            ],
            [
              18.715615,
              46.315199
            ],
            [
              18.716307,
              46.318433
            ],
            [
              18.717454,
              46.321604
            ],
            [
              18.719046,
              46.324683
            ],
            [
              18.721068,
              46.327639
            ],
            [
              18.723499,
              46.330444
            ],
            [
              18.726318,
              46.33307
            ],
            [
              18.729496,
              46.335493
            ],
            [
              18.733003,
              46.33769
            ],
            [
              18.736805,
              46.339638
            ],
            [
              18.740865,
              46.341319
            ],
            [
              18.745146,
              46.342718
            ],
            [
              18.749604,
              46.34382
            ],
            [
              18.754197,
              46.344614
            ],
            [
              18.758881,
              46.345094
            ],
            [
              18.763611,
              46.345255
            ]
          ]
        ]
      }
    },
    {
      "type": "Feature",
      "properties": {
        "name": "LHSDZLHPR / PER",
        "category": "dropzone",
        "lower": "9500 FT ALT",
        "upper": "FL125"
      },
      "geometry": {
        "type": "Polygon",
        "coordinates": [
          [
            [
              17.808333,
              47.693772
            ],
            [
              17.818024,
              47.693451
            ],
            [
              17.827621,
              47.692491
            ],
            [
              17.837032,
              47.690903
            ],
            [
              17.846166,
              47.6887
            ],
            [
              17.854934,
              47.685904
            ],
            [
              17.863251,
              47.682543
            ],
            [
              17.871038,
              47.678649
            ],
            [
              17.87822,
              47.674259
            ],
            [
              17.884726,
              47.669415
            ],
            [
              17.890495,
              47.664166
            ],
            [
              17.895471,
              47.65856
            ],
            [
              17.899607,
              47.652653
            ],
            [
              17.902862,
              47.646502
            ],
            [
              17.905205,
              47.640164
            ],
            [
              17.906615,
              47.633703
            ],
            [
              17.907079,
              47.62718
            ],
            [
              17.906591,
              47.620657
            ],
            [
              17.905157,
              47.614198
            ],
            [
              17.902792,
              47.607865
            ],
            [
              17.899518,
              47.601718
            ],
            [
              17.895367,
              47.595818
            ],
            [
              17.890379,
              47.59022
            ],
            [
              17.884603,
              47.584978
            ],
            [
              17.878094,
              47.580143
            ],
            [
              17.870915,
              47.575761
            ],
            [
              17.863135,
              47.571875
            ],
            [
              17.854829,
              47.568521
            ],
            [
              17.846077,
              47.565732
            ],
            [
              17.836962,
              47.563534
            ],
            [
              17.827573,
              47.561949
            ],
            [
              17.818,
              47.560992
            ],
            [
              17.808333,
              47.560672
            ],
            [
              17.798666,
              47.560992
            ],
            [
              17.789093,
              47.561949
            ],
            [
              17.779704,
              47.563534
            ],
            [
              17.770589,
              47.565732
            ],
            [
              17.761837,
              47.568521
            ],
            [
              17.753531,
              47.571875
            ],
            [
              17.745751,
              47.575761
            ],
            [
              17.738572,
              47.580143
            ],
            [
              17.732063,
              47.584978
            ],
            [
              17.726287,
              47.59022
            ],
            [
              17.721299,
              47.595818
            ],
            [
              17.717148,
              47.601718
            ],
            [
              17.713874,
              47.607865
            ],
            [
              17.711509,
              47.614198
            ],
            [
              17.710075,
              47.620657
            ],
            [
              17.709587,
              47.62718
            ],
            [
              17.710051,
              47.633703
            ],
            [
              17.711461,
              47.640164
            ],
            [
              17.713804,
              47.646502
            ],
            [
              17.717059,
              47.652653
            ],
            [
              17.721195,
              47.65856
            ],
            [
              17.726171,
              47.664166
            ],
            [
              17.73194,
              47.669415
            ],
            [
              17.738446,
              47.674259
            ],
            [
              17.745628,
              47.678649
            ],
            [
              17.753415,
              47.682543
            ],
            [
              17.761732,
              47.685904
            ],
            [
              17.7705,
              47.6887
            ],
            [
              17.779634,
              47.690903
            ],
            [
              17.789045,
              47.692491
            ],
            [
              17.798642,
              47.693451
            ],
            [
              17.808333,
              47.693772
            ]
          ]
        ]
      }
    },
    {
      "type": "Feature",
      "properties": {
        "name": "LHSDZLHSK / KILITI SKYDIVE BALATON",
        "category": "dropzone",
        "lower": "GND",
        "upper": "FL155"
      },
      "geometry": {
        "type": "Polygon",
        "coordinates": [
          [
            [
              18.0975,
              46.955193
            ],
            [
              18.111848,
              46.954711
            ],
            [
              18.126056,
              46.953269
            ],
            [
              18.139988,
              46.950882
            ],
            [
              18.153509,
              46.947573
            ],
            [
              18.166488,
              46.943374
            ],
            [
              18.178799,
              46.938325
            ],
            [
              18.190323,
              46.932476
            ],
            [
              18.20095,
              46.925882
            ],
            [
              18.210576,
              46.918608
            ],
            [
              18.21911,
              46.910723
            ],
            [
              18.226468,
              46.902305
            ],
            [
              18.232582,
              46.893434
            ],
            [
              18.237392,
              46.884197
            ],
            [
              18.240852,
              46.874681
            ],
            [
              18.24293,
              46.864979
            ],
            [
              18.243607,
              46.855185
            ],
            [
              18.242877,
              46.845393
            ],
            [
              18.240748,
              46.835696
            ],
            [
              18.237241,
              46.826189
            ],
            [
              18.23239,
              46.816963
            ],
            [
              18.226242,
              46.808106
            ],
            [
              18.218858,
              46.799704
            ],
            [
              18.210309,
              46.791837
            ],
            [
              18.200678,
              46.784581
            ],
            [
              18.190056,
              46.778006
            ],
            [
              18.178548,
              46.772173
            ],
            [
              18.166262,
              46.767141
            ],
            [
              18.153317,
              46.762955
            ],
            [
              18.139837,
              46.759658
            ],
            [
              18.125952,
              46.75728
            ],
            [
              18.111795,
              46.755844
            ],
            [
              18.0975,
              46.755363
            ],
            [
              18.083205,
              46.755844
            ],
            [
              18.069048,
              46.75728
            ],
            [
              18.055163,
              46.759658
            ],
            [
              18.041683,
              46.762955
            ],
            [
              18.028738,
              46.767141
            ],
            [
              18.016452,
              46.772173
            ],
            [
              18.004944,
              46.778006
            ],
            [
              17.994322,
              46.784581
            ],
            [
              17.984691,
              46.791837
            ],
            [
              17.976142,
              46.799704
            ],
            [
              17.968758,
              46.808106
            ],
            [
              17.96261,
              46.816963
            ],
            [
              17.957759,
              46.826189
            ],
            [
              17.954252,
              46.835696
            ],
            [
              17.952123,
              46.845393
            ],
            [
              17.951393,
              46.855185
            ],
            [
              17.95207,
              46.864979
            ],
            [
              17.954148,
              46.874681
            ],
            [
              17.957608,
              46.884197
            ],
            [
              17.962418,
              46.893434
            ],
            [
              17.968532,
              46.902305
            ],
            [
              17.97589,
              46.910723
            ],
            [
              17.984424,
              46.918608
            ],
            [
              17.99405,
              46.925882
            ],
            [
              18.004677,
              46.932476
            ],
            [
              18.016201,
              46.938325
            ],
            [
              18.028512,
              46.943374
            ],
            [
              18.041491,
              46.947573
            ],
            [
              18.055012,
              46.950882
            ],
            [
              18.068944,
              46.953269
            ],
            [
              18.083152,
              46.954711
            ],
            [
              18.0975,
              46.955193
            ]
          ]
        ]
      }
    },
    {
      "type": "Feature",
      "properties": {
        "name": "LHSDZLHTL / TOKOL",
        "category": "dropzone",
        "lower": "3500 FT ALT",
        "upper": "FL145"
      },
      "geometry": {
        "type": "Polygon",
        "coordinates": [
          [
            [
              18.985833,
              47.37194
            ],
            [
              18.989933,
              47.371803
            ],
            [
              18.993993,
              47.371395
            ],
            [
              18.997975,
              47.370719
            ],
            [
              19.00184,
              47.369782
            ],
            [
              19.00555,
              47.368593
            ],
            [
              19.00907,
              47.367163
            ],
            [
              19.012366,
              47.365506
            ],
            [
              19.015406,
              47.363639
            ],
            [
              19.018161,
              47.361578
            ],
            [
              19.020605,
              47.359344
            ],
            [
              19.022713,
              47.356959
            ],
            [
              19.024466,
              47.354445
            ],
            [
              19.025846,
              47.351827
            ],
            [
              19.026841,
              47.34913
            ],
            [
              19.027441,
              47.34638
            ],
            [
              19.02764,
              47.343603
            ],
            [
              19.027437,
              47.340827
            ],
            [
              19.026833,
              47.338077
            ],
            [
              19.025834,
              47.335381
            ],
            [
              19.02445,
              47.332764
            ],
            [
              19.022694,
              47.330251
            ],
            [
              19.020584,
              47.327867
            ],
            [
              19.018139,
              47.325635
            ],
            [
              19.015384,
              47.323576
            ],
            [
              19.012344,
              47.32171
            ],
            [
              19.00905,
              47.320054
            ],
            [
              19.005532,
              47.318626
            ],
            [
              19.001824,
              47.317438
            ],
            [
              18.997963,
              47.316502
            ],
            [
              18.993985,
              47.315826
            ],
            [
              18.989929,
              47.315419
            ],
            [
              18.985833,
              47.315282
            ],
            [
              18.981737,
              47.315419
            ],
            [
              18.977681,
              47.315826
            ],
            [
              18.973703,
              47.316502
            ],
            [
              18.969842,
              47.317438
            ],
            [
              18.966134,
              47.318626
            ],
            [
              18.962616,
              47.320054
            ],
            [
              18.959322,
              47.32171
            ],
            [
              18.956282,
              47.323576
            ],
            [
              18.953527,
              47.325635
            ],
            [
              18.951082,
              47.327867
            ],
            [
              18.948972,
              47.330251
            ],
            [
              18.947216,
              47.332764
            ],
            [
              18.945832,
              47.335381
            ],
            [
              18.944833,
              47.338077
            ],
            [
              18.944229,
              47.340827
            ],
            [
              18.944026,
              47.343603
            ],
            [
              18.944225,
              47.34638
            ],
            [
              18.944825,
              47.34913
            ],
            [
              18.94582,
              47.351827
            ],
            [
              18.9472,
              47.354445
            ],
            [
              18.948953,
              47.356959
            ],
            [
              18.951061,
              47.359344
            ],
            [
              18.953505,
              47.361578
            ],
            [
              18.95626,
              47.363639
            ],
            [
              18.9593,
              47.365506
            ],
            [
              18.962596,
              47.367163
            ],
            [
              18.966116,
              47.368593
            ],
            [
              18.969826,
              47.369782
            ],
            [
              18.973691,
              47.370719
            ],
            [
              18.977673,
              47.371395
            ],
            [
              18.981733,
              47.371803
            ],
            [
              18.985833,
              47.37194
            ]
          ]
        ]
      }
    },
    {
      "type": "Feature",
      "properties": {
        "name": "LHSDZLHUD / SZEGED",
        "category": "dropzone",
        "lower": "9500 FT ALT",
        "upper": "FL135"
      },
      "geometry": {
        "type": "Polygon",
        "coordinates": [
          [
            [
              20.0,
              46.25
            ],
            [
              20.090556,
              46.204722
            ],
            [
              20.122778,
              46.288333
            ],
            [
              20.0,
              46.289167
            ],
            [
              20.0,
              46.25
            ]
          ]
        ]
      }
    }
  ]
}