{"type": "FeatureCollection", "features": [{"type": "Feature", "properties": {"id": "rwy-1", "name": "13R/31L", "category": "runway", "surface_code": "2", "width_m": 45.0}, "geometry": {"type": "Polygon", "coordinates": [[[19.220499333767815, 47.44857558594402], [19.250066513768893, 47.43030142594413], [19.250469527373866, 47.43059989370279], [19.220902487376073, 47.44887405370268], [19.220499333767815, 47.44857558594402]]]}}, {"type": "Feature", "properties": {"id": "rwy-2", "name": "13L/31R", "category": "runway", "surface_code": "2", "width_m": 45.0}, "geometry": {"type": "Polygon", "coordinates": [[[19.257342307559192, 47.44527632759085], [19.2937490437672, 47.42276677759099], [19.29415203737511, 47.42306522205596], [19.25774547358451, 47.44557477205583], [19.257342307559192, 47.44527632759085]]]}}, {"type": "Feature", "properties": {"id": 1, "name": "CargoCity", "category": "apron", "surface_code": "2"}, "geometry": {"type": "Polygon", "coordinates": [[[19.27900261, 47.42562817], [19.28039385, 47.42665893], [19.28011343, 47.42683911], [19.28010084, 47.42689014], [19.28039538, 47.42711153], [19.2789924, 47.42796993], [19.278995871898147, 47.42797250628472], [19.279005898518523, 47.427979634444455], [19.27902189625, 47.427990413437506], [19.279043281481485, 47.42800394222223], [19.27906947060185, 47.42801931975694], [19.27909988, 47.42803564500001], [19.27913392606482, 47.42805201690973], [19.279171025185185, 47.42806753444445], [19.27921059375, 47.42808129656251], [19.27925204814815, 47.428092402222234], [19.27929480476852, 47.42809995038195], [19.27933828, 47.42810304], [19.279381053194445, 47.428102276874995], [19.279421868888893, 47.42809917333334], [19.27946039125, 47.428094188125], [19.27949628444444, 47.428087780000006], [19.279529212638884, 47.42808040770833], [19.27955884, 47.42807253], [19.279584830694443, 47.428064605625], [19.279606848888886, 47.42805709333334], [19.27962455875, 47.428050451875], [19.279637624444447, 47.42804514000001], [19.279645710138887, 47.42804161645834], [19.27964848, 47.42804034], [19.28053513, 47.42758553], [19.27794532, 47.42918688], [19.2787227, 47.42861728], [19.278723896707174, 47.42861635814234], [19.27872727115741, 47.42861353180555], [19.27873249984375, 47.42860870984375], [19.27873925925926, 47.428601801111114], [19.27874722589699, 47.428592714461786], [19.278756076249998, 47.428581358749994], [19.278765486811345, 47.428567642829854], [19.278775134074074, 47.42855147555555], [19.278784694531254, 47.42853276578125], [19.278793844675928, 47.42851142236111], [19.278802261001157, 47.4284873541493], [19.27880962, 47.42846047], [19.278812703813653, 47.428432054079856], [19.278809300509263, 47.42840375097222], [19.278800595468752, 47.428376010156256], [19.278787774074075, 47.42834928111112], [19.278772021707173, 47.42832401331596], [19.27875452375, 47.42830065625], [19.278736465584494, 47.428279659392366], [19.27871903259259, 47.428261472222225], [19.278703410156254, 47.42824654421875], [19.27869078365741, 47.42823532486112], [19.27868233847801, 47.42822826362847], [19.27867926, 47.42822581], [19.27863706, 47.42819195], [19.27723977, 47.4290482], [19.27712815, 47.42896771], [19.27553035, 47.4277819], [19.27664372, 47.42709131], [19.27755974, 47.42652314], [19.27900261, 47.42562817]]]}}, {"type": "Feature", "properties": {"id": 2, "name": "taxi other", "category": "taxiway", "surface_code": "2"}, "geometry": {"type": "MultiPolygon", "coordinates": [[[[19.23949122, 47.43924419], [19.239457457638885, 47.439241608246526], [19.23943541444445, 47.43923992263889], [19.23942341625, 47.439239005156246], [19.239419788888892, 47.439238727777784], [19.239422858194445, 47.439238962482634], [19.23943095, 47.43923958125], [19.23944239013889, 47.43924045605903], [19.239455504444443, 47.43924145888888], [19.239468618750003, 47.43924246171875], [19.239480058888894, 47.43924333652778], [19.239488150694445, 47.43924395529514], [19.23949122, 47.43924419], [19.23953539, 47.43901688], [19.239531857013883, 47.43901657730902], [19.239522542777785, 47.43901577930556], [19.239509374375, 47.43901465109374], [19.239494278888895, 47.43901335777778], [19.23947918340277, 47.439012064461785], [19.239466015000005, 47.43901093624999], [19.239456700763892, 47.43901013824653], [19.239453167777775, 47.43900983555555], [19.239457343125004, 47.43901019328125], [19.239471153888893, 47.43901137652778], [19.239496527152777, 47.439013550399295], [19.23953539, 47.43901688], [19.23958039608796, 47.439020450457164], [19.239623335370375, 47.439023185324075], [19.239664839374996, 47.43902500734376], [19.239705539629632, 47.439025839259266], [19.239746067662033, 47.43902560381365], [19.239787054999997, 47.439024223749996], [19.2398291331713, 47.43902162181135], [19.2398729337037, 47.43901772074074], [19.239919088125, 47.43901244328126], [19.23996822796296, 47.439005712175934], [19.24002098474537, 47.438997450167825], [19.24007799, 47.43898758], [19.240137137916662, 47.4389749038831], [19.240195506666666, 47.4389587577315], [19.24025250375, 47.438939864843746], [19.240307536666666, 47.43891894851853], [19.24036001291666, 47.43889673205439], [19.24040934, 47.43887393875001], [19.240454925416667, 47.438851291903944], [19.240496176666664, 47.43882951481482], [19.24053250125, 47.438809330781254], [19.240563306666665, 47.438791463101865], [19.240588000416665, 47.43877663507523], [19.24060599, 47.43876557], [19.24061812361111, 47.438758055815974], [19.240626045555558, 47.43875314986112], [19.2406303575, 47.43875047953125], [19.240631661111113, 47.43874967222222], [19.24063055805555, 47.43875035532985], [19.24062765, 47.43875215625], [19.24062353861111, 47.438754702378475], [19.240618825555554, 47.43875762111111], [19.240614112499998, 47.438760539843756], [19.24061000111111, 47.43876308597223], [19.240607093055555, 47.43876488689236], [19.24060599, 47.43876557], [19.24403589, 47.43664283], [19.24564339, 47.43564905], [19.25105627, 47.43230415], [19.25105555881944, 47.43230463946179], [19.25105368388889, 47.432305929861116], [19.251051033124998, 47.432307754218755], [19.251047994444445, 47.43230984555556], [19.251044955763884, 47.43231193689235], [19.251042305, 47.43231376125], [19.251040430069445, 47.432315051649304], [19.251039718888887, 47.43231554111111], [19.251040559375, 47.43231496265625], [19.251043339444443, 47.43231304930556], [19.251048447013886, 47.43230953407986], [19.25105627, 47.43230415], [19.25106492497685, 47.43229728116319], [19.25107232314815, 47.4322895126389], [19.251078544374998, 47.432280878906255], [19.251083668518522, 47.43227141444445], [19.25108777543981, 47.432261153732625], [19.251090945, 47.432250131249994], [19.251093257060187, 47.43223838147569], [19.251094791481478, 47.43222593888889], [19.251095628125, 47.43221283796875], [19.251095846851854, 47.43219911319444], [19.251095527523148, 47.43218479904514], [19.25109475, 47.43216993], [19.25109392652778, 47.43215721239582], [19.25109338888889, 47.43214890916667], [19.25109309625, 47.432144389687494], [19.25109300777778, 47.43214302333334], [19.25109308263888, 47.43214417947916], [19.25109328, 47.4321472275], [19.25109355902778, 47.43215153677084], [19.251093878888888, 47.43215647666666], [19.251094198750003, 47.432161416562494], [19.25109447777778, 47.432165725833336], [19.251094675138887, 47.432168773854166], [19.25109475, 47.43216993], [19.25107747, 47.43183422], [19.251077603680553, 47.431836408732636], [19.251077956111114, 47.43184217902779], [19.251078454374998, 47.43185033703124], [19.25107902555556, 47.43185968888889], [19.2510795967361, 47.43186904074651], [19.251080095, 47.431877198749994], [19.251080447430557, 47.43188296904514], [19.251080581111108, 47.43188515777777], [19.251080423124996, 47.431882571093745], [19.251079900555556, 47.43187401513889], [19.25107894048611, 47.431858296059026], [19.25107747, 47.43183422], [19.25107452052662, 47.431804954438654], [19.251069339212965, 47.431774772175935], [19.251062176718747, 47.431744137343756], [19.251053283703705, 47.43171351407408], [19.251042910827543, 47.43168336649884], [19.25103130875, 47.43165415875], [19.251018728130788, 47.43162635495949], [19.251005419629628, 47.431600419259254], [19.250991633906253, 47.43157681578125], [19.250977621620372, 47.43155600865741], [19.250963633431713, 47.431538462019674], [19.25094992, 47.43152464], [19.25093858255208, 47.43151472052083], [19.250931180416668, 47.43150824416667], [19.250927151406252, 47.431504719062495], [19.25092593333334, 47.43150365333334], [19.25092696401041, 47.431504555104155], [19.250929681250003, 47.4315069325], [19.250933522864585, 47.43151029364583], [19.250937926666666, 47.431514146666665], [19.250942330468753, 47.4315179996875], [19.25094617208333, 47.431521360833344], [19.250948889322917, 47.43152373822917], [19.25094992, 47.43152464], [19.25053605, 47.43122398], [19.250538164826388, 47.43122555876735], [19.25054374027778, 47.43122972097222], [19.250551622812498, 47.43123560546875], [19.250560658888894, 47.431242351111116], [19.25056969496527, 47.43124909675346], [19.2505775775, 47.43125498124999], [19.250583152951393, 47.43125914345486], [19.25058526777778, 47.43126072222221], [19.250582768437503, 47.431258856406245], [19.25057450138889, 47.43125268486111], [19.250559313090278, 47.43124134644097], [19.25053605, 47.43122398], [19.250503758859953, 47.43120410873263], [19.250463200879636, 47.43118583736111], [19.250415794218753, 47.431169177031244], [19.25036295703704, 47.43115413888889], [19.250306107494207, 47.43114073407985], [19.25024666375, 47.431128973750006], [19.25018604396412, 47.43111886904514], [19.250125666296295, 47.43111043111111], [19.250066948906248, 47.43110367109375], [19.250011309953706, 47.431098600138895], [19.249960167598378, 47.43109522939237], [19.24991494, 47.43109357], [19.24987981848958, 47.43109289777777], [19.24985688791667, 47.43109245888889], [19.24984440671875, 47.431092220000004], [19.24984063333334, 47.43109214777778], [19.249843826197914, 47.43109220888888], [19.24985224375, 47.43109237], [19.249864144427082, 47.43109259777778], [19.249877786666666, 47.43109285888888], [19.24989142890625, 47.43109312], [19.249903329583333, 47.43109334777779], [19.249911747135414, 47.43109350888889], [19.24991494, 47.43109357], [19.249915646215275, 47.431093583559026], [19.249917508055557, 47.43109361930556], [19.2499201403125, 47.431093669843754], [19.24992315777778, 47.43109372777779], [19.249926175243054, 47.431093785711795], [19.249928807499998, 47.43109383625], [19.24993066934028, 47.43109387199653], [19.249931375555555, 47.431093885555555], [19.2499305409375, 47.43109386953125], [19.24992778027778, 47.43109381652778], [19.249922708368054, 47.43109371914931], [19.24991494, 47.43109357], [19.249905749334488, 47.431093423605326], [19.249896668842595, 47.43109333800927], [19.249887700781247, 47.431093311093754], [19.24987884740741, 47.431093340740745], [19.24987011097801, 47.43109342483217], [19.249861493750004, 47.431093561249995], [19.249852997980327, 47.43109374787616], [19.249844625925924, 47.43109398259259], [19.24983637984375, 47.43109426328125], [19.249828261990743, 47.43109458782408], [19.249820274623843, 47.43109495410301], [19.24981242, 47.43109536], [19.249805876336804, 47.43109571711805], [19.24980160402778, 47.431095950277786], [19.24979927859375, 47.431096077187505], [19.24979857555556, 47.43109611555556], [19.249799170434024, 47.43109608309027], [19.249800738750004, 47.431095997499995], [19.249802956024308, 47.43109587649306], [19.24980549777778, 47.431095737777774], [19.24980803953125, 47.4310955990625], [19.24981025680556, 47.43109547805556], [19.24981182512153, 47.43109539246528], [19.24981242, 47.43109536], [19.249812511284723, 47.4310953407118], [19.249812751944447, 47.43109528986112], [19.249813092187498, 47.43109521796875], [19.249813482222226, 47.43109513555556], [19.249813872256944, 47.43109505314236], [19.249814212500002, 47.43109498125], [19.249814453159726, 47.43109493039931], [19.249814544444448, 47.43109491111111], [19.249814436562502, 47.43109493390625], [19.249814079722228, 47.431095009305565], [19.249813424131943, 47.431095147829865], [19.24981242, 47.43109536], [19.249811158506944, 47.43109573095486], [19.24980979138889, 47.431096308472235], [19.249808359687503, 47.431097047031244], [19.249806904444448, 47.431097901111116], [19.249805466701382, 47.431098825190965], [19.2498040875, 47.43109977375], [19.24980280788195, 47.43110070126736], [19.249801668888885, 47.43110156222222], [19.2498007115625, 47.43110231109375], [19.249799976944445, 47.43110290236112], [19.249799506076386, 47.43110329050347], [19.24979934, 47.43110343], [19.24930736, 47.43141337], [19.24876265, 47.43100073], [19.24925128, 47.43069664], [19.249251354722215, 47.43069639574652], [19.24925157527778, 47.43069566347222], [19.249251936249998, 47.430694443906255], [19.249252432222224, 47.43069273777778], [19.249253057777775, 47.430690545815956], [19.2492538075, 47.43068786875], [19.249254675972225, 47.43068470730903], [19.249255657777777, 47.43068106222221], [19.2492567475, 47.43067693421875], [19.249257939722227, 47.43067232402778], [19.24925922902778, 47.43066723237847], [19.24926061, 47.43066166], [19.24926180739583, 47.43065677588541], [19.24926258916667, 47.430653587083334], [19.249263014687497, 47.43065185140626], [19.249263143333337, 47.43065132666667], [19.24926303447916, 47.43065177067707], [19.2492627475, 47.430652941249996], [19.249262341770834, 47.43065459619791], [19.249261876666665, 47.43065649333332], [19.2492614115625, 47.43065839046875], [19.249261005833336, 47.43066004541667], [19.249260718854167, 47.43066121598958], [19.24926061, 47.43066166], [19.249259946753465, 47.43066416211804], [19.24925819819445, 47.430670758611114], [19.24925572609375, 47.4306800846875], [19.249252892222223, 47.430690775555554], [19.24925005835069, 47.4307014664236], [19.24924758625, 47.4307107925], [19.249245837690975, 47.43071738899306], [19.249245174444443, 47.4307198911111], [19.24924595828125, 47.430716934062495], [19.249248550972226, 47.43070715305556], [19.249253314288193, 47.43068918329861], [19.24926061, 47.43066166], [19.249268650104167, 47.430626730578695], [19.249274935000006, 47.43058787462964], [19.2492787590625, 47.430545725624995], [19.24927941666667, 47.43050091703704], [19.2492762021875, 47.43045408233795], [19.24926841, 47.430405855000004], [19.249255334479166, 47.43035686849538], [19.249236269999997, 47.430307756296294], [19.2492105109375, 47.430259151875], [19.249177351666667, 47.43021168870371], [19.249136086562498, 47.43016600025463], [19.24908601, 47.43012272], [19.24904003210069, 47.43008754177083], [19.249010013472226, 47.430064574166664], [19.24899367421875, 47.430052072812494], [19.24898873444445, 47.43004829333334], [19.24899291425347, 47.430051491354156], [19.249003933749997, 47.4300599225], [19.249019513038196, 47.43007184239585], [19.249037372222222, 47.430085506666664], [19.249055231406253, 47.430099170937496], [19.249070810694448, 47.430111090833336], [19.24908183019097, 47.430119521979165], [19.24908601, 47.43012272], [19.24852262, 47.42970369], [19.24881681, 47.42951656], [19.24986164, 47.43029208], [19.24996665, 47.43036739], [19.25036284, 47.43066892], [19.25046518, 47.43074263], [19.25312229, 47.43270418], [19.25386931, 47.43312152], [19.253866553697915, 47.433120121701386], [19.25385928708334, 47.43311643527779], [19.253849013593747, 47.4331112234375], [19.25383723666667, 47.4331052488889], [19.25382545973958, 47.43309927434027], [19.253815186249998, 47.433094062500004], [19.253807919635417, 47.43309037607639], [19.253805163333332, 47.43308897777777], [19.253808420781247, 47.4330906303125], [19.253819195416668, 47.433096096388894], [19.25383899067708, 47.43310613871528], [19.25386931, 47.43312152], [19.253906362800926, 47.433138098576386], [19.253945166574074, 47.433151290277785], [19.253985436875002, 47.43316119406249], [19.25402688925926, 47.43316790888889], [19.254069239282405, 47.43317153371526], [19.2541122025, 47.433172167500004], [19.254155494467593, 47.433169909201396], [19.25419883074074, 47.433164857777776], [19.254241926875004, 47.4331571121875], [19.254284498425925, 47.43314677138889], [19.254326260949075, 47.433133934340276], [19.25436693, 47.4331187], [19.25441379903356, 47.43309914869212], [19.254472348935188, 47.433074197037044], [19.254539576406252, 47.4330451984375], [19.25461247814815, 47.433013506296305], [19.254688050862267, 47.4329804740162], [19.25476329125, 47.432947455000004], [19.254835196012735, 47.43291580265046], [19.25490076185185, 47.43288687037037], [19.254956985468752, 47.432862011562506], [19.255000863564817, 47.432842579629636], [19.255029392841436, 47.43282992797454], [19.25503957, 47.43282541], [19.25972205, 47.42993153], [19.25993404, 47.43008385], [19.25962824, 47.43027538], [19.25984937, 47.43043826], [19.2606164, 47.4299671], [19.26073729, 47.4300563], [19.26076546, 47.43012249], [19.26071239, 47.43119436], [19.26069581, 47.43243874], [19.26166508, 47.43313498], [19.26264751, 47.43314817], [19.26339146, 47.43370635], [19.2634228, 47.43372426], [19.26345264, 47.43370628], [19.26350436, 47.43374383], [19.26357141, 47.43370349], [19.26363799, 47.43374978], [19.26372029, 47.43370224], [19.26378825, 47.43374946], [19.26385801, 47.4337054], [19.26392672, 47.43375405], [19.26399543, 47.43371351], [19.26406494, 47.43376107], [19.26414005, 47.43371513], [19.26420716, 47.43376431], [19.26427986, 47.43371892], [19.26434857, 47.43376647], [19.26442481, 47.43372493], [19.26448806, 47.43377042], [19.2645593, 47.43372899], [19.26462854, 47.43377537], [19.26469645, 47.43373619], [19.26476931, 47.43378323], [19.26483904, 47.43374032], [19.2649114, 47.43378791], [19.26505685, 47.43370218], [19.26512343, 47.43374902], [19.26534856, 47.43361293], [19.26541617, 47.43366535], [19.26614326, 47.43321135], [19.26738647, 47.43243508], [19.26783701, 47.43215376], [19.26809244, 47.43234352], [19.2701234, 47.43289698], [19.27039358, 47.43297304], [19.27119792, 47.4331505], [19.271196150833326, 47.43315011232639], [19.27119148666667, 47.433149090277794], [19.2711848925, 47.4331476453125], [19.271177333333334, 47.433145988888896], [19.27116977416666, 47.43314433246527], [19.27116318, 47.43314288750001], [19.27115851583333, 47.433141865451404], [19.271156746666662, 47.43314147777778], [19.271158837499996, 47.433141935937506], [19.271165753333335, 47.4331434513889], [19.271178459166663, 47.43314623559028], [19.27119792, 47.4331505], [19.271221331307867, 47.43315495554977], [19.27124515212963, 47.43315817773149], [19.271269242812494, 47.43316017484375], [19.271293463703703, 47.433160955185194], [19.271317675150456, 47.43316052705439], [19.2713417375, 47.43315889875001], [19.27136551109954, 47.43315607857061], [19.271388856296298, 47.433152074814814], [19.271411633437502, 47.43314689578125], [19.271433702870375, 47.433140549768524], [19.27145492494213, 47.43313304507524], [19.27147516, 47.43312439], [19.271491709270833, 47.433116636336806], [19.271502514166674, 47.433111574027784], [19.2715083953125, 47.43310881859375], [19.271510173333336, 47.43310798555556], [19.271508668854164, 47.43310869043402], [19.2715047025, 47.43311054875], [19.271499094895837, 47.43311317602431], [19.271492666666667, 47.433116187777784], [19.2714862384375, 47.43311919953125], [19.271480630833338, 47.43312182680556], [19.271476664479167, 47.43312368512153], [19.27147516, 47.43312439], [19.27220751, 47.43273463], [19.27794532, 47.42918688], [19.28012076, 47.42784184], [19.28053513, 47.42758553], [19.29007835, 47.42168454], [19.29006372267361, 47.42169359074652], [19.290025159722223, 47.421717451805556], [19.289970639687503, 47.42175118640625], [19.289908141111116, 47.421789857777775], [19.28984564253472, 47.421828529149295], [19.2897911225, 47.42186226375], [19.289752559548614, 47.421886124809035], [19.289737932222224, 47.421895175555555], [19.289755219062503, 47.42188447921875], [19.289812398611115, 47.42184909902778], [19.289917449409725, 47.4217840982118], [19.29007835, 47.42168454], [19.290277292216437, 47.421576588570595], [19.290489270231483, 47.421489426898155], [19.29071146609375, 47.42142264640625], [19.29094106185185, 47.42137583851853], [19.291175239554395, 47.421348594658554], [19.29141118125, 47.42134050625], [19.29164606898727, 47.421351164716434], [19.291877084814814, 47.42138016148147], [19.29210141078125, 47.42142708796875], [19.292316228935185, 47.42149153560185], [19.29251872132523, 47.42157309580439], [19.29270607, 47.42167136], [19.292870877743056, 47.42177676795717], [19.293009158611113, 47.421880094490746], [19.293123211562502, 47.42198143359375], [19.293215335555555, 47.42208087925927], [19.29328782954861, 47.42217852548031], [19.2933429925, 47.42227446625], [19.29338312336806, 47.42236879556135], [19.293410521111113, 47.422461607407406], [19.2934274846875, 47.422552995781245], [19.293436313055558, 47.42264305467593], [19.29343930517361, 47.42273187808449], [19.29343876, 47.42281956], [19.293437459670137, 47.42289278390625], [19.293436610694446, 47.42294059125001], [19.293436148593752, 47.42296661296874], [19.293436008888893, 47.42297448000001], [19.29343612710069, 47.42296782328124], [19.29343643875, 47.422950273750004], [19.293436879357643, 47.422925462343755], [19.293437384444445, 47.42289702], [19.293437889531248, 47.422868577656246], [19.29343833013889, 47.422843766250004], [19.293438641788196, 47.42282621671875], [19.29343876, 47.42281956], [19.293438762291665, 47.42281951626736], [19.293438768333335, 47.42281940097223], [19.293438776875, 47.422819237968746], [19.29343878666667, 47.42281905111112], [19.293438796458332, 47.422818864253465], [19.293438805, 47.42281870125], [19.29343881104167, 47.42281858595487], [19.29343881333333, 47.422818542222224], [19.293438810625, 47.42281859390625], [19.293438801666667, 47.42281876486112], [19.293438785208334, 47.422819078940975], [19.29343876, 47.42281956], [19.293438732430555, 47.42282041923031], [19.293438709444448, 47.4228217788426], [19.293438690625, 47.422823529218746], [19.293438675555556, 47.42282556074074], [19.29343866381944, 47.422827763790494], [19.293438655, 47.42283002875], [19.293438648680556, 47.42283224600116], [19.293438644444446, 47.42283430592592], [19.293438641875003, 47.42283609890625], [19.293438640555557, 47.422837515324076], [19.293438640069446, 47.42283844556134], [19.29343864, 47.42283878], [19.29363848, 47.42271713], [19.29422632, 47.42315766], [19.29246588, 47.42424554], [19.29236347, 47.42417028], [19.29412519, 47.42308227], [19.29372418, 47.42278174], [19.29195781, 47.42387491], [19.29185364, 47.42380094], [19.29303778, 47.42306878], [19.293037792054395, 47.42306877352431], [19.293037833101856, 47.423068749861116], [19.293037910468747, 47.42306870265625], [19.293038031481483, 47.42306862555556], [19.29303820346643, 47.42306851220485], [19.29303843375, 47.42306835625], [19.293038729658566, 47.423068151336814], [19.293039098518516, 47.4230678911111], [19.29303954765625, 47.423067569218745], [19.29304008439815, 47.423067179305555], [19.2930407160706, 47.423066715017356], [19.29304145, 47.42306617], [19.293042111718748, 47.423065676336805], [19.29304254375001, 47.42306535402779], [19.293042778906248, 47.42306517859375], [19.293042850000003, 47.42306512555556], [19.293042789843746, 47.42306517043402], [19.29304263125, 47.423065288749996], [19.29304240703125, 47.42306545602431], [19.293042149999998, 47.423065647777776], [19.293041892968752, 47.42306583953125], [19.293041668750003, 47.423066006805556], [19.29304151015625, 47.42306612512152], [19.29304145, 47.42306617], [19.293038397690967, 47.42307872661458], [19.29303035069445, 47.42311183041667], [19.293018973906246, 47.42315863234375], [19.293005932222226, 47.423212283333335], [19.292992890538187, 47.423265934322906], [19.29298151375, 47.42331273625], [19.292973466753473, 47.423345840052086], [19.292970414444444, 47.423358396666664], [19.29297402171875, 47.423343557031245], [19.292985953472225, 47.423294472083334], [19.293007874600693, 47.42320429276042], [19.29304145, 47.42306617], [19.293071098344903, 47.42290792604165], [19.293081259259264, 47.422761587500005], [19.2930736290625, 47.422626611874996], [19.293049904074078, 47.42250245666668], [19.293011780613423, 47.422388579374996], [19.292960955, 47.422284437500004], [19.29289912355324, 47.42218948854167], [19.29282798259259, 47.42210319000001], [19.2927492284375, 47.422024999375], [19.292664557407413, 47.421954374166674], [19.292575665821758, 47.421890771875], [19.29248425, 47.42183365], [19.2923785015625, 47.42177952134838], [19.29224766416667, 47.42172699828705], [19.2920950121875, 47.421678687656254], [19.291923820000004, 47.4216371962963], [19.291737361979166, 47.42160513104745], [19.291538912500002, 47.42158509875], [19.291331745937505, 47.421579706244216], [19.29111913666667, 47.421591560370366], [19.290904359062502, 47.421623267968755], [19.290690687500003, 47.42167743587964], [19.290481396354167, 47.42175667094329], [19.29027976, 47.42186358], [19.29011446265625, 47.42196577038194], [19.29000654125, 47.42203248972222], [19.289947799218748, 47.4220688053125], [19.28993004, 47.42207978444445], [19.289945067031248, 47.42207049440971], [19.28998468375, 47.4220460025], [19.290040693593753, 47.42201137600694], [19.2901049, 47.421971682222214], [19.29016910640625, 47.4219319884375], [19.29022511625, 47.421897361944445], [19.29026473296875, 47.421872870034726], [19.29027976, 47.42186358], [19.28128825, 47.42743835], [19.281292551053237, 47.427438353217596], [19.281305155092596, 47.427438474907426], [19.2813256134375, 47.427438883125], [19.281353477407407, 47.42743974592593], [19.281388298321755, 47.427441231365734], [19.281429627500003, 47.42744350750001], [19.281477016261576, 47.42744674238427], [19.281530015925924, 47.42745110407407], [19.281588177812502, 47.427456760625006], [19.281651053240743, 47.4274638800926], [19.281718193530093, 47.42747263053241], [19.28178915, 47.42748318], [19.28185025079861, 47.42749284739584], [19.28189014305556, 47.42749915916668], [19.2819118565625, 47.4275025946875], [19.281918421111115, 47.42750363333334], [19.28191286649305, 47.42750275447916], [19.2818982225, 47.42750043750001], [19.281877518923615, 47.42749716177084], [19.281853785555555, 47.42749340666667], [19.2818300521875, 47.4274896515625], [19.281809348611112, 47.42748637583334], [19.281794704618058, 47.42748405885417], [19.28178915, 47.42748318], [19.281782315486108, 47.42748212201389], [19.281764297222228, 47.427479332777786], [19.281738823125, 47.427475389375005], [19.281709621111116, 47.42747086888889], [19.281680419097217, 47.427466348402774], [19.281654945000003, 47.42746240500001], [19.281636926736116, 47.4274596157639], [19.281630092222223, 47.42745855777778], [19.281638169375, 47.42745980812501], [19.281664886111116, 47.427463943888895], [19.281713970347223, 47.42747154215278], [19.28178915, 47.42748318], [19.28187664009259, 47.42749994008102], [19.281959759074077, 47.42752169981482], [19.282037889999998, 47.4275472284375], [19.282110415925928, 47.427575295185186], [19.282176719907405, 47.42760466929397], [19.282236185, 47.42763411999999], [19.282288194259262, 47.427662416539356], [19.282332130740738, 47.42768832814815], [19.282367377499998, 47.4277106240625], [19.282393317592593, 47.42772807351852], [19.282409334074075, 47.427739445752316], [19.28241481, 47.42774351], [19.28271894, 47.42795588], [19.28334274, 47.42838183], [19.283347355266198, 47.428384444155085], [19.283360723796296, 47.42839172657408], [19.2833821296875, 47.428402837187505], [19.28341085703704, 47.42841693592593], [19.283446189942126, 47.42843318271989], [19.2834874125, 47.42845073749999], [19.28353380880787, 47.428468760196765], [19.283584662962962, 47.42848641074074], [19.2836392590625, 47.4285028490625], [19.283696881203703, 47.4285172350926], [19.283756813483798, 47.42852872876158], [19.28381834, 47.42853649], [19.283870508645833, 47.42854120815972], [19.283904569166666, 47.42854428861112], [19.2839231084375, 47.4285459653125], [19.283928713333335, 47.42854647222223], [19.283923970729163, 47.4285460432986], [19.2839114675, 47.4285449125], [19.283893790520835, 47.42854331378473], [19.283873526666667, 47.42854148111111], [19.2838532628125, 47.4285396484375], [19.283835585833334, 47.42853804972222], [19.283823082604165, 47.42853691892361], [19.28381834, 47.42853649], [19.283814564288193, 47.42853614854167], [19.28380461013889, 47.42853524833333], [19.28379053703125, 47.428533975625], [19.283774404444447, 47.42853251666667], [19.283758271857632, 47.42853105770832], [19.28374419875, 47.428529785], [19.283734244600694, 47.428528884791675], [19.283730468888887, 47.42852854333333], [19.28373493109375, 47.428528946875], [19.283749690694442, 47.42853028166667], [19.28377680717014, 47.428532733958335], [19.28381834, 47.42853649], [19.283865520046295, 47.42854051133101], [19.283908461203705, 47.42854367064815], [19.2839475475, 47.4285460209375], [19.28398316296297, 47.428547615185195], [19.284015691620365, 47.428548506377304], [19.2840455175, 47.4285487475], [19.28407302462963, 47.42854839153935], [19.284098597037037, 47.42854749148148], [19.284122618749997, 47.4285461003125], [19.284145473796293, 47.428544271018524], [19.2841675462037, 47.42854205658565], [19.28418922, 47.42853951], [19.284207372100692, 47.42853724545138], [19.284219223472224, 47.42853576694444], [19.284225674218746, 47.4285349621875], [19.284227624444448, 47.42853471888889], [19.284225974253467, 47.42853492475693], [19.28422162375, 47.428535467500005], [19.284215473038195, 47.428536234826396], [19.28420842222222, 47.42853711444444], [19.284201371406247, 47.428537994062495], [19.284195220694443, 47.42853876138889], [19.28419087019097, 47.428539304131945], [19.28418922, 47.42853951], [19.284189161371526, 47.42853953291666], [19.284189006805555, 47.42853959333333], [19.284188788281245, 47.42853967875], [19.28418853777778, 47.428539776666675], [19.2841882872743, 47.42853987458332], [19.284188068749998, 47.42853996], [19.284187914184027, 47.42854002041667], [19.28418785555555, 47.42854004333333], [19.284187924843746, 47.42854001625], [19.284188154027778, 47.42853992666667], [19.2841885750868, 47.42853976208333], [19.28418922, 47.42853951], [19.284190005005783, 47.42853917488426], [19.28419081337963, 47.428538780740745], [19.28419162765625, 47.42853834437499], [19.284192430370375, 47.42853788259259], [19.28419320405671, 47.42853741219906], [19.284193931249998, 47.42853695], [19.284194594484955, 47.42853651280093], [19.284195176296297, 47.428536117407404], [19.284195659218753, 47.428535780625], [19.28419602578704, 47.428535519259256], [19.284196258535882, 47.42853535011574], [19.28419634, 47.42853529], [19.28517176, 47.42793205], [19.28527208, 47.42800807], [19.28232757, 47.42982835], [19.28222591, 47.42975343], [19.28321406, 47.42914267], [19.283214112743057, 47.42914264216435], [19.283214261111112, 47.42914256231481], [19.2832144903125, 47.42914243593749], [19.283214785555558, 47.429142268518525], [19.283215132048607, 47.429142065543964], [19.283215515, 47.4291418325], [19.283215919618055, 47.42914157487269], [19.28321633111111, 47.429141298148146], [19.2832167346875, 47.4291410078125], [19.28321711555556, 47.429140709351856], [19.28321745892361, 47.429140408252316], [19.28321775, 47.42914011], [19.28321796847222, 47.42913986211805], [19.28321811111111, 47.42913970027778], [19.28321818875, 47.4291396121875], [19.283218212222224, 47.42913958555556], [19.283218192361105, 47.42913960809027], [19.28321814, 47.4291396675], [19.28321806597222, 47.42913975149306], [19.283217981111108, 47.429139847777776], [19.28321789625, 47.4291399440625], [19.283217822222223, 47.429140028055556], [19.28321776986111, 47.42914008746528], [19.28321775, 47.42914011], [19.283217050850695, 47.42914207720486], [19.283215207638893, 47.429147263472224], [19.28321260171875, 47.42915459578125], [19.283209614444445, 47.429163001111114], [19.283206627170134, 47.42917140644096], [19.28320402125, 47.42917873875], [19.283202178038195, 47.42918392501736], [19.283201478888884, 47.429185892222215], [19.283202305156248, 47.42918356734375], [19.283205038194446, 47.42917587736111], [19.283210059357636, 47.429161749253474], [19.28321775, 47.42914011], [19.283226303640042, 47.42911384013889], [19.283233656620375, 47.42908674111111], [19.28323980453125, 47.42905912125], [19.283244742962964, 47.42903128888889], [19.283248467505782, 47.4290035523611], [19.28325097375, 47.428976219999996], [19.28325225728588, 47.42894960013889], [19.283252313703706, 47.4289240011111], [19.283251138593748, 47.42889973125], [19.2832487275463, 47.42887709888889], [19.28324507615162, 47.42885641236111], [19.28324018, 47.42883798], [19.283233649085645, 47.42881960833911], [19.283225189351853, 47.4287991925463], [19.2832149403125, 47.428777173906255], [19.28320304148148, 47.4287539937037], [19.28318963237268, 47.42873009322337], [19.2831748525, 47.428705913749994], [19.283158841377315, 47.42868189656829], [19.283141738518516, 47.42865848296296], [19.2831236834375, 47.42863611421875], [19.283104815648148, 47.42861523162037], [19.28308527466435, 47.428596276452545], [19.2830652, 47.42857969], [19.283048146562496, 47.4285668715625], [19.283037012500003, 47.4285585025], [19.283030952187502, 47.428553947187496], [19.283029120000002, 47.42855257], [19.283030670312495, 47.42855373531249], [19.2830347575, 47.4285568075], [19.283040535937502, 47.4285611509375], [19.28304716, 47.42856613], [19.283053784062496, 47.428571109062496], [19.2830595625, 47.4285754525], [19.2830636496875, 47.4285785246875], [19.2830652, 47.42857969], [19.28214646, 47.42789877], [19.282149864461804, 47.427901244045124], [19.28215883986111, 47.42790776652778], [19.28217152921875, 47.42791698796875], [19.282186075555558, 47.42792755888889], [19.282200621892358, 47.427938129809014], [19.28221331125, 47.42794735125], [19.282222286649308, 47.42795387373264], [19.28222569111111, 47.42795634777777], [19.282221667656252, 47.427953423906246], [19.282208359305557, 47.427943752638896], [19.282183909079862, 47.427925984496525], [19.28214646, 47.42789877], [19.282102276232635, 47.42786811115161], [19.282058761527775, 47.42784074921297], [19.28201576828125, 47.427816443593755], [19.28197314888889, 47.42779495370371], [19.281930755746522, 47.427776038952544], [19.28188844125, 47.427759458749996], [19.28184605779514, 47.42774497250579], [19.281803457777777, 47.42773233962963], [19.28176049359375, 47.42772131953126], [19.28171701763889, 47.42771167162037], [19.281672882309028, 47.427703155306716], [19.28162794, 47.42769553], [19.281589795590275, 47.427689429583324], [19.28156489138889, 47.42768544666668], [19.2815513359375, 47.42768327875], [19.28154723777778, 47.42768262333334], [19.281550705451387, 47.427683177916656], [19.2815598475, 47.42768464], [19.281572772465278, 47.42768670708334], [19.28158758888889, 47.42768907666667], [19.281602405312498, 47.42769144625001], [19.28161533027778, 47.42769351333334], [19.28162447232639, 47.42769497541667], [19.28162794, 47.42769553], [19.281637553923606, 47.42769718897569], [19.28166289972222, 47.427701562638894], [19.281698733437498, 47.42770774609376], [19.281739811111112, 47.42771483444446], [19.28178088878472, 47.427721922795136], [19.2818167225, 47.42772810625], [19.281842068298616, 47.4277324799132], [19.28185168222222, 47.427734138888894], [19.2818403203125, 47.42773217828125], [19.281802738611113, 47.42772569319445], [19.281733693159723, 47.42771377873264], [19.28162794, 47.42769553], [19.281506143483796, 47.427678801822914], [19.281392742870374, 47.42767109125001], [19.2812881565625, 47.42767095671875], [19.281192802962963, 47.427676956666666], [19.281107100474532, 47.42768764953124], [19.2810314675, 47.42770159375], [19.280966322442133, 47.42771734776042], [19.280912083703704, 47.42773347], [19.2808691696875, 47.427748518906256], [19.2808379987963, 47.42776105291667], [19.280818989432873, 47.42776963046875], [19.28081256, 47.42777281], [19.28015475, 47.42812375], [19.27065586, 47.43399879], [19.26944087, 47.43475125], [19.26473685, 47.43765808], [19.26313329, 47.43864908], [19.26277596, 47.43887022], [19.2624138, 47.43917459], [19.26241553001736, 47.43917325147569], [19.262420090972228, 47.439169722638894], [19.262426539218755, 47.439164733593756], [19.26243393111111, 47.43915901444445], [19.26244132300347, 47.439153295295135], [19.26244777125, 47.439148306250004], [19.262452332204862, 47.439144777413205], [19.262454062222222, 47.43914343888889], [19.26245201765625, 47.439145020781254], [19.262445254861113, 47.43915025319445], [19.262432830190974, 47.439159866232636], [19.2624138, 47.43917459], [19.262392538495373, 47.43919362152199], [19.262374105462964, 47.43921535717593], [19.262358585625, 47.439239326093755], [19.262346063703706, 47.43926505740741], [19.26233662442129, 47.43929208024883], [19.2623303525, 47.439319923750006], [19.26232733266204, 47.439348117042826], [19.26232764962963, 47.43937618925926], [19.262331388125, 47.43940366953125], [19.262338632870375, 47.43943008699075], [19.262349468587963, 47.439454970769674], [19.26236398, 47.43947785], [19.262377741649303, 47.439496100833324], [19.26238672652778, 47.43950801666668], [19.262391617031245, 47.4395145025], [19.262393095555556, 47.43951646333334], [19.262391844496523, 47.43951480416666], [19.262388546249998, 47.43951043], [19.262383883211808, 47.439504245833334], [19.262378537777774, 47.43949715666666], [19.26237319234375, 47.4394900675], [19.262368529305554, 47.43948388333334], [19.26236523105903, 47.43947950916667], [19.26236398, 47.43947785], [19.26271483, 47.4398397], [19.26318587, 47.44018812], [19.263178234166663, 47.44018247887153], [19.26315810333334, 47.44016760680556], [19.263129642499997, 47.44014658078125], [19.263097016666674, 47.44012247777779], [19.263064390833332, 47.4400983747743], [19.26303593, 47.44007734875001], [19.26301579916667, 47.440062476684034], [19.263008163333332, 47.44005683555556], [19.2630171875, 47.44006350234375], [19.26304703666667, 47.44008555402779], [19.263101875833335, 47.44012606758681], [19.26318587, 47.44018812], [19.263290643582177, 47.4402579127662], [19.263404372824077, 47.44031967046297], [19.26352605046875, 47.44037350468751], [19.263654669259264, 47.440419527037044], [19.263789221938655, 47.440457849108796], [19.263928701250002, 47.4404885825], [19.264072099936346, 47.44051183880788], [19.264218410740742, 47.44052772962963], [19.26436662640625, 47.440536366562505], [19.26451573967593, 47.440537861203715], [19.264664743292826, 47.440532325150464], [19.26481263, 47.44051987], [19.264936144531248, 47.44050652848958], [19.265016786250005, 47.44049781791668], [19.26506067984375, 47.44049307671875], [19.265073950000005, 47.440491643333345], [19.265062721406245, 47.44049285619791], [19.26503311875, 47.44049605375], [19.264991266718752, 47.44050057442709], [19.26494329, 47.44050575666667], [19.26489531328125, 47.44051093890625], [19.264853461250002, 47.44051545958334], [19.26482385859375, 47.44051865713542], [19.26481263, 47.44051987], [19.2660618, 47.43974748], [19.26616433, 47.43982156], [19.26447401, 47.44086747], [19.26439759, 47.44081335], [19.2644235, 47.44079661], [19.26440402, 47.44077279], [19.264412429652776, 47.44077296302082], [19.264434600555557, 47.440773419166675], [19.264465945625002, 47.4407740640625], [19.264501877777782, 47.44077480333334], [19.26453780993055, 47.44077554260415], [19.264569155, 47.44077618749999], [19.26459132590278, 47.44077664364583], [19.264599735555556, 47.440776816666656], [19.264589796875, 47.44077661218749], [19.26455692277778, 47.44077593583333], [19.264496526180558, 47.44077469322916], [19.26440402, 47.44077279], [19.264290246481476, 47.44076798541666], [19.264170089351854, 47.44075800250001], [19.26404502375, 47.4407426925], [19.263916524814817, 47.440721906666674], [19.26378606768518, 47.44069549625], [19.263655127499998, 47.4406633125], [19.263525179398147, 47.44062520666667], [19.263397698518514, 47.440581030000004], [19.263274159999998, 47.44053063375], [19.26315603898148, 47.440473869166674], [19.26304481060185, 47.440410587500004], [19.26294195, 47.44034064], [19.262859447326385, 47.44027902243055], [19.262805581944445, 47.440238792777784], [19.262776262812498, 47.44021689562501], [19.26276739888889, 47.440210275555565], [19.26277489913194, 47.440215877152774], [19.262794672499997, 47.440230645], [19.26282262795139, 47.44025152368056], [19.26285467444444, 47.44027545777777], [19.262886720937498, 47.440299391875], [19.26291467638889, 47.44032027055556], [19.262934449756944, 47.44033503840278], [19.26294195, 47.44034064], [19.26246839, 47.43999148], [19.26197165, 47.43971865], [19.26197353661458, 47.43971961307291], [19.261978510416668, 47.43972215208334], [19.261985542343748, 47.43972574171876], [19.261993603333337, 47.43972985666667], [19.262001664322913, 47.43973397161458], [19.262008696249996, 47.43973756125], [19.262013670052085, 47.43974010026042], [19.262015556666665, 47.43974106333333], [19.262013327031248, 47.43973992515626], [19.262005952083335, 47.43973616041667], [19.261992402760416, 47.439729243802084], [19.26197165, 47.43971865], [19.261945644288193, 47.43970675571759], [19.261917275138895, 47.43969635490741], [19.261886922031252, 47.439687548125], [19.26185496444445, 47.43968043592593], [19.261821781857638, 47.439675118865736], [19.261787753750003, 47.439671697499996], [19.2617532596007, 47.43967027238426], [19.26171867888889, 47.43967094407407], [19.261684391093752, 47.439673813125], [19.26165077569445, 47.439678980092594], [19.26161821217014, 47.4396865455324], [19.26158708, 47.43969661], [19.26156162798611, 47.43970614505207], [19.261545010555558, 47.439712370416665], [19.261535965625, 47.43971575890624], [19.261533231111116, 47.439716783333346], [19.261535544930553, 47.43971591651041], [19.261541645, 47.43971363125], [19.261550269236114, 47.43971040036459], [19.261560155555557, 47.43970669666666], [19.261570041875, 47.43970299296875], [19.261578666111113, 47.439699762083336], [19.261584766180558, 47.439697476822914], [19.26158708, 47.43969661], [19.26139578, 47.43978299], [19.26142365, 47.43980721], [19.26112831, 47.4399301], [19.26055712, 47.44026431], [19.26053888, 47.44025027], [19.25694862, 47.44248414], [19.25690422, 47.44253859], [19.25624178, 47.44296292], [19.256252490486112, 47.44295603831596], [19.256280727222226, 47.44293789569445], [19.256320648124998, 47.44291224578125], [19.25636641111111, 47.442882842222225], [19.256412174097218, 47.44285343866318], [19.256452095, 47.44282778875], [19.256480331736114, 47.442809646128474], [19.25649104222222, 47.442802764444444], [19.256478384375, 47.44281089734375], [19.256436516111116, 47.442837798472226], [19.25635959534722, 47.442887221475694], [19.25624178, 47.44296292], [19.25611193512731, 47.44305878333333], [19.25600273851852, 47.443164975], [19.255914067187504, 47.44327966], [19.25584579814815, 47.44340100333334], [19.25579780841435, 47.443527169999996], [19.255769975, 47.443656325], [19.255762174918985, 47.443786633333346], [19.255774285185186, 47.44391626], [19.255806182812503, 47.44404337], [19.25585774481482, 47.444166128333336], [19.25592884820602, 47.4442827], [19.25601937, 47.44439125], [19.256125149803236, 47.44448958889467], [19.25624144592593, 47.44457686199075], [19.2563672634375, 47.444653236406246], [19.256501607407408, 47.44471887925926], [19.256643482905087, 47.44477395766782], [19.256791895, 47.44481863875], [19.256945848761575, 47.44485308962385], [19.257104349259258, 47.4448774774074], [19.257266401562497, 47.44489196921876], [19.257431010740742, 47.444896732175934], [19.257597181863424, 47.444891933396995], [19.25776392, 47.44487774], [19.25790398590277, 47.44486191336806], [19.25799543388889, 47.44485158027779], [19.258045209375, 47.4448459559375], [19.258060257777778, 47.44484425555556], [19.258047524513884, 47.44484569434027], [19.258013955, 47.4448494875], [19.257966494652777, 47.44485485024306], [19.257912088888887, 47.44486099777778], [19.257857683124996, 47.4448671453125], [19.257810222777778, 47.44487250805557], [19.257776653263885, 47.44487630121528], [19.25776392, 47.44487774], [19.25776589, 47.44487752], [19.25893988, 47.4441508], [19.25904203, 47.44422539], [19.25734374, 47.44527509], [19.25774948, 47.44557249], [19.25943129, 47.44453266], [19.25953242, 47.44460766], [19.25784927, 47.44564796], [19.25724044, 47.44520134], [19.257242019809024, 47.445200370271984], [19.257246390138892, 47.44519768800926], [19.257252997343752, 47.445193633593746], [19.257261287777784, 47.44518854740741], [19.257270707795136, 47.445182769832165], [19.257280703750002, 47.44517664125], [19.25729072199653, 47.44517050204283], [19.25730020888889, 47.445164692592584], [19.25730861078125, 47.44515955328125], [19.257315374027783, 47.44515542449075], [19.25731994498264, 47.445152646603006], [19.25732177, 47.44515156], [19.2573219947743, 47.44515145286457], [19.25732214152778, 47.44515138291667], [19.25732222140625, 47.44515134484375], [19.25732224555556, 47.445151333333335], [19.257322225121527, 47.44515134307291], [19.25732217125, 47.445151368750004], [19.257322095086806, 47.44515140505209], [19.257322007777777, 47.445151446666664], [19.25732192046875, 47.445151488281255], [19.257321844305558, 47.44515152458334], [19.257321790434027, 47.44515155026041], [19.25732177, 47.44515156], [19.25733223947916, 47.44515181609374], [19.257359840833338, 47.445152491250006], [19.2573988634375, 47.44515344578125], [19.257443596666672, 47.445154540000004], [19.257488329895832, 47.44515563421874], [19.257527352500002, 47.445156588749995], [19.25755495385417, 47.44515726390625], [19.257565423333332, 47.445157519999995], [19.257553050312502, 47.44515721734375], [19.25751212416667, 47.445156216250005], [19.257436934270835, 47.445154377031244], [19.25732177, 47.44515156], [19.25718205958333, 47.4451441375405], [19.257038029166665, 47.44512854199074], [19.256891165, 47.44510472359376], [19.256742953333333, 47.44507263259259], [19.25659488041666, 47.44503221923031], [19.256448432499997, 47.44498343375], [19.256305095833333, 47.44492622639467], [19.256166356666665, 47.4448605474074], [19.256033701249997, 47.444786347031254], [19.255908615833334, 47.44470357550926], [19.255792586666665, 47.44461218308449], [19.2556871, 47.44451212], [19.25559748715856, 47.44440651910879], [19.255526971435188, 47.44429901703704], [19.255473877031246, 47.4441903196875], [19.25543652814815, 47.44408113296297], [19.255413248987264, 47.443972162766194], [19.25540236375, 47.443864115], [19.255402196637736, 47.44375769556713], [19.255411071851853, 47.44365361037037], [19.255427313593753, 47.4435525653125], [19.255449246064817, 47.4434552662963], [19.255475193466438, 47.443362419224535], [19.25550348, 47.44327473], [19.25552776192708, 47.44320341142361], [19.255543615416673, 47.44315684805556], [19.25555224453125, 47.443131503437506], [19.255554853333336, 47.443123841111124], [19.255552645885412, 47.443130324618046], [19.255546826250004, 47.4431474175], [19.255538598489586, 47.443171583298614], [19.255529166666665, 47.44319928555556], [19.25551973484375, 47.4432269878125], [19.255511507083334, 47.443251153611115], [19.25550568744792, 47.44326824649306], [19.25550348, 47.44327473], [19.25587979, 47.44229866], [19.25566603, 47.44214128], [19.25715002, 47.44123051], [19.25760505, 47.44142489], [19.257598431857637, 47.44142284564235], [19.25758098402778, 47.44141745597222], [19.257556316406248, 47.44140983609375], [19.25752803888889, 47.44140110111111], [19.257499761371523, 47.44139236612847], [19.25747509375, 47.44138474625], [19.257457645920137, 47.441379356579866], [19.257451027777776, 47.44137731222222], [19.25745884921875, 47.44137972828125], [19.25748472013889, 47.44138771986112], [19.25753225043403, 47.441402402065975], [19.25760505, 47.44142489], [19.25768997800347, 47.441446988547455], [19.25777103986111, 47.44146059421297], [19.25784756484375, 47.44146695953124], [19.257918882222224, 47.44146733703704], [19.257984321267358, 47.44146297926503], [19.258043211249998, 47.44145513875], [19.258094881440975, 47.441445068026624], [19.25813866111111, 47.441434019629625], [19.25817387953125, 47.44142324609375], [19.258199865972227, 47.44141399995371], [19.258215949704862, 47.44140753374421], [19.25822146, 47.4414051], [19.25915261, 47.44082411], [19.25912909, 47.44080835], [19.25946672, 47.44059897], [19.25986329, 47.44027602], [19.25986156704861, 47.44027758253472], [19.259857024722226, 47.44028170194444], [19.2598506028125, 47.4402875259375], [19.25984324111111, 47.440294202222226], [19.259835879409717, 47.44030087850693], [19.259829457499997, 47.4403067025], [19.25982491517361, 47.440310821909726], [19.25982319222222, 47.44031238444444], [19.2598252284375, 47.44031053781249], [19.259831963611113, 47.440304429722225], [19.25984433753472, 47.44029320788194], [19.25986329, 47.44027602], [19.259886629809024, 47.44025440818287], [19.25991084097222, 47.440230487962964], [19.25993487609375, 47.4402042671875], [19.259957687777778, 47.44017575370371], [19.259978228628466, 47.44014495535879], [19.25999545125, 47.440111879999996], [19.26000830824653, 47.44007653547454], [19.260015752222223, 47.44003892962963], [19.26001673578125, 47.439999070312496], [19.260010211527778, 47.43995696537037], [19.259995132065974, 47.43991262265047], [19.25997045, 47.43986605], [19.25994538241319, 47.43982598135416], [19.259929015972226, 47.439799820833336], [19.259920107656253, 47.439785581562504], [19.259917414444445, 47.43978127666667], [19.259919693315965, 47.43978491927082], [19.25992570125, 47.439794522499994], [19.259934195225696, 47.439808099479166], [19.25994393222222, 47.43982366333333], [19.259953669218753, 47.4398392271875], [19.259962163194444, 47.43985280416668], [19.25996817112847, 47.439862407395836], [19.25997045, 47.43986605], [19.25966072, 47.43955862], [19.25937886, 47.43931896], [19.25924472, 47.43922162], [19.25926489, 47.43920861], [19.25150084, 47.43346139], [19.25150500147569, 47.433464463124984], [19.25151597263889, 47.433472565], [19.25153148359375, 47.433484019375], [19.25154926444445, 47.43349715], [19.251567045295133, 47.433510280624986], [19.25158255625, 47.43352173499999], [19.251593527413196, 47.43352983687501], [19.251597688888886, 47.43353291], [19.25159277078125, 47.43352927812499], [19.251576503194443, 47.433517265000006], [19.251546616232638, 47.433495194375], [19.25150084, 47.43346139], [19.25144396232638, 47.43342210216434], [19.25138269611111, 47.433384863148156], [19.2513176590625, 47.433349919687494], [19.25124946888889, 47.43331751851853], [19.251178743298606, 47.4332879063773], [19.251106099999998, 47.43326133], [19.25103215670139, 47.43323803612269], [19.25095753111111, 47.43321827148148], [19.2508828409375, 47.4332022828125], [19.25080870388889, 47.433190316851864], [19.25073573767361, 47.43318262033565], [19.25066456, 47.43317944], [19.25059611848379, 47.43317955322916], [19.250530782870374, 47.4331815625], [19.2504683040625, 47.4331854521875], [19.250408432962967, 47.43319120666668], [19.25035092047454, 47.4331988103125], [19.250295517500003, 47.433208247500005], [19.250241974942135, 47.433219502604175], [19.250190043703704, 47.43323256], [19.2501394746875, 47.4332474040625], [19.2500900187963, 47.43326401916668], [19.25004142693287, 47.433282389687506], [19.24999345, 47.4333025], [19.24993897399884, 47.433328243703706], [19.24987310115741, 47.43336219712964], [19.249798906718745, 47.43340236875001], [19.24971946592593, 47.433446767037054], [19.249637854021984, 47.43349340046296], [19.24955714625, 47.4335402775], [19.249480417853015, 47.43358540662038], [19.249410744074073, 47.433626796296295], [19.24935120015625, 47.433662455000004], [19.249304861342594, 47.43369039120371], [19.249274802876158, 47.43370861337963], [19.2492641, 47.43371513], [19.24318133, 47.43748288], [19.24266194, 47.43779931], [19.24191835, 47.43825756], [19.24136799, 47.43859693], [19.24060684, 47.43906719], [19.240602021452546, 47.43906990057292], [19.24058795078704, 47.43907746875001], [19.24056520546875, 47.43908904921875], [19.24053436296297, 47.43910379666667], [19.24049600073495, 47.43912086578125], [19.24045069625, 47.43913941125], [19.240399026973382, 47.43915858776042], [19.24034157037037, 47.43917755], [19.24027890390625, 47.43919545265625], [19.240211605046298, 47.43921145041667], [19.240140251255788, 47.439224697968754], [19.24006542, 47.43923435], [19.23999301307291, 47.439241141319435], [19.23992796791667, 47.439246449722226], [19.239869415468753, 47.439250394374994], [19.23981648666667, 47.439253094444446], [19.239768312447914, 47.43925466909721], [19.23972402375, 47.4392552375], [19.23968275151042, 47.439254918819444], [19.239643626666666, 47.439253832222214], [19.239605780156253, 47.439252096874995], [19.23956834291667, 47.439249831944444], [19.239530445885418, 47.43924715659722], [19.23949122, 47.43924419]]], [[[19.25199983, 47.43348779], [19.252035445173608, 47.43351683], [19.252058698055556, 47.43353579], [19.252071354687498, 47.43354611], [19.252075181111113, 47.43354923000001], [19.25207194336805, 47.433546589999985], [19.252063407499996, 47.43353963], [19.25205133954861, 47.43352979000001], [19.252037505555556, 47.43351851], [19.252023671562497, 47.433507230000004], [19.252011603611113, 47.43349739000001], [19.252003067743054, 47.433490430000006], [19.25199983, 47.43348779], [19.2520130788831, 47.43349540019097], [19.25204970189815, 47.433516439027784], [19.25210501359375, 47.43354821890625], [19.25217432851852, 47.433588052222234], [19.25225296122106, 47.43363325137152], [19.252336226249998, 47.43368112875], [19.25241943815394, 47.43372899675347], [19.25249791148148, 47.43377416777777], [19.25256696078125, 47.43381395421875], [19.252621900601852, 47.43384566847222], [19.2526580454919, 47.433866622934026], [19.25267071, 47.43387413], [19.252670174322915, 47.43387403546874], [19.252669824583336, 47.43387397375], [19.25266963421875, 47.433873940156246], [19.25266957666667, 47.433873930000004], [19.25266962536458, 47.43387393859374], [19.25266975375, 47.433873961249994], [19.252669935260418, 47.43387399328125], [19.252670143333333, 47.43387403], [19.25267035140625, 47.433874066718744], [19.252670532916667, 47.43387409875], [19.252670661302083, 47.43387412140625], [19.25267071, 47.43387413], [19.252667854965278, 47.43387252812499], [19.25266032805556, 47.433868305000004], [19.2526496865625, 47.43386233437499], [19.25263748777778, 47.433855490000006], [19.252625288993052, 47.43384864562499], [19.2526146475, 47.433842675], [19.25260712059028, 47.433838451875005], [19.252604265555554, 47.43383684999999], [19.252607639687497, 47.433838743125], [19.25261880027778, 47.43384500500001], [19.252639304618057, 47.433856509375], [19.25267071, 47.43387413], [19.252709600989583, 47.43389341387152], [19.252751139583335, 47.43390932347222], [19.25279474921875, 47.43392185578124], [19.252839853333334, 47.43393100777778], [19.252885875364576, 47.43393677644096], [19.25293223875, 47.43393915875], [19.252978366927085, 47.43393815168403], [19.253023683333332, 47.43393375222222], [19.253067611406248, 47.433925957343746], [19.253109574583334, 47.433914764027776], [19.25314899630208, 47.43390016925346], [19.2531853, 47.43388217], [19.253214333697915, 47.43386561442707], [19.253233289583335, 47.43385480541667], [19.253243607343748, 47.43384892203124], [19.25324672666667, 47.43384714333333], [19.25324408723958, 47.43384864838541], [19.25323712875, 47.43385261625], [19.25322729088542, 47.43385822598958], [19.25321601333333, 47.433864656666664], [19.25320473578125, 47.433871087343746], [19.253194897916668, 47.433876697083335], [19.253187939427082, 47.43388066494791], [19.2531853, 47.43388217], [19.253185286631943, 47.43388215185763], [19.253185251388892, 47.43388210402778], [19.2531852015625, 47.43388203640624], [19.253185144444448, 47.43388195888888], [19.253185087326383, 47.43388188137152], [19.253185037499996, 47.43388181375], [19.253185002256945, 47.433881765920134], [19.253184988888883, 47.433881747777775], [19.2531850046875, 47.43388176921874], [19.253185056944446, 47.433881840138895], [19.25318515295139, 47.43388197043402], [19.2531853, 47.43388217], [19.25319017218171, 47.43387944469906], [19.253203339120372, 47.43387148342593], [19.253223151406246, 47.433859320625], [19.253247959629633, 47.43384399074074], [19.253276114380782, 47.43382652821758], [19.25330596625, 47.4338079675], [19.253335865827548, 47.43378934303241], [19.2533641637037, 47.43377168925925], [19.253389210468754, 47.433756040625], [19.253409356712964, 47.43374343157407], [19.25342295302662, 47.433734896550924], [19.25342835, 47.43373147], [19.253428978107635, 47.43373102675346], [19.253429388194444, 47.43373073736111], [19.25342961140625, 47.433730579843754], [19.25342967888889, 47.43373053222222], [19.25342962178819, 47.433730572517355], [19.25342947125, 47.433730678749995], [19.25342925842014, 47.43373082894097], [19.253429014444443, 47.433731001111106], [19.25342877046875, 47.433731173281245], [19.25342855763889, 47.43373132347222], [19.253428407100692, 47.43373142970486], [19.25342835, 47.43373147], [19.25342646357639, 47.43373270177083], [19.253421490277777, 47.433735949166675], [19.2534144590625, 47.4337405403125], [19.25340639888889, 47.43374580333333], [19.253398338715275, 47.433751066354155], [19.2533913075, 47.4337556575], [19.25338633420139, 47.43375890489583], [19.253384447777776, 47.43376013666666], [19.2533866771875, 47.4337586809375], [19.25339405138889, 47.43375386583334], [19.253407599340278, 47.43374501947916], [19.25342835, 47.43373147], [19.253451327042825, 47.43371326328124], [19.25347079967593, 47.43369132041667], [19.25348666515625, 47.433666282343744], [19.25349882074074, 47.43363879], [19.25350716368634, 47.43360948432291], [19.253511591250003, 47.43357900625], [19.253512000688662, 47.43354799671875], [19.25350828925926, 47.43351709666666], [19.25350035421875, 47.43348694703125], [19.253488092824078, 47.43345818875], [19.253471402332178, 47.43343146276041], [19.25345018, 47.43340741], [19.253418656822916, 47.433377916591425], [19.25337324541667, 47.43333630689815], [19.253317115468747, 47.43328537921875], [19.25325343666667, 47.43322793185185], [19.253185378697914, 47.43316676309605], [19.25311611125, 47.43310467125], [19.25304880401042, 47.43304445461227], [19.25298662666667, 47.43298891148147], [19.252932748906254, 47.43294084015625], [19.25289034041667, 47.432903038935194], [19.25286257088542, 47.43287830611689], [19.25285261, 47.43286944], [19.2527064, 47.43276517], [19.25270826236111, 47.43276654595486], [19.252713172222226, 47.43277017347223], [19.25272011375, 47.43277530203125], [19.252728071111115, 47.43278118111112], [19.25273602847222, 47.43278706019096], [19.25274297, 47.43279218875], [19.252747879861115, 47.432795816267365], [19.25274974222222, 47.432797192222225], [19.252747541250002, 47.43279556609375], [19.252740261111114, 47.43279018736112], [19.252726885972223, 47.43278030550348], [19.2527064, 47.43276517], [19.252679466354166, 47.432745287401616], [19.252647395833336, 47.4327221775463], [19.2526101440625, 47.43269660984375], [19.252567666666668, 47.43266935370371], [19.252519919270828, 47.43264117853587], [19.252466857500004, 47.432612853749994], [19.252408436979167, 47.432585148755784], [19.252344613333328, 47.432558832962954], [19.2522753421875, 47.43253467578125], [19.25220057916667, 47.432513446620376], [19.252120279895834, 47.43249591489005], [19.2520344, 47.43248285], [19.251959879965277, 47.432473964062495], [19.25191122638889, 47.43246816250001], [19.2518847440625, 47.4324650046875], [19.251876737777778, 47.43246405000001], [19.251883512326387, 47.43246485781249], [19.2519013725, 47.4324669875], [19.25192662309028, 47.432469998437504], [19.25195556888889, 47.43247345], [19.2519845146875, 47.4324769015625], [19.25200976527778, 47.43247991250001], [19.25202762545139, 47.4324820421875], [19.2520344, 47.43248285], [19.25204000159722, 47.43248350140624], [19.25205476944445, 47.43248521875], [19.252075648125, 47.43248764671875], [19.252099582222222, 47.43249043000001], [19.25212351631944, 47.43249321328124], [19.252144395000002, 47.43249564125], [19.252159162847224, 47.43249735859375], [19.252164764444444, 47.43249801], [19.252158144375002, 47.43249724015625], [19.252136247222225, 47.43249469375], [19.252096017569443, 47.43249001546875], [19.2520344, 47.43248285], [19.251963463912034, 47.432475634160866], [19.2518974712963, 47.43247081662038], [19.251836655625002, 47.43246805984375], [19.25178125037037, 47.4324670262963], [19.251731489004626, 47.43246737844328], [19.251687604999997, 47.43246877875], [19.251649831828704, 47.43247088968172], [19.25161840296296, 47.4324733737037], [19.251593551875, 47.43247589328125], [19.25157551203704, 47.432478110879636], [19.251564516921295, 47.43247968896412], [19.2515608, 47.43248029], [19.25145657, 47.43254315], [19.251455591076386, 47.43254639863425], [19.251452982777778, 47.43255581074075], [19.251449237812498, 47.432570885625005], [19.251444848888887, 47.4325911225926], [19.251440308715274, 47.43261602094906], [19.251436109999997, 47.43264508], [19.25143274545139, 47.43267779905093], [19.251430707777775, 47.432713677407406], [19.251430489687497, 47.432752214375], [19.251432583888892, 47.43279290925926], [19.251437483090278, 47.43283526136574], [19.25144568, 47.43287877], [19.251454091180555, 47.432915675], [19.251459582777777, 47.43293977000001], [19.251462571875003, 47.432952885000006], [19.251463475555557, 47.43295685000001], [19.251462710902775, 47.43295349499999], [19.251460695, 47.43294465], [19.251457844930556, 47.432932145], [19.25145457777778, 47.43291781], [19.251451310625, 47.432903474999996], [19.251448460555558, 47.43289097], [19.251446444652778, 47.432882125], [19.25144568, 47.43287877], [19.251444371840275, 47.432874116197915], [19.251440923055558, 47.43286184708334], [19.251436047187497, 47.43284450109375], [19.25143045777778, 47.43282461666667], [19.25142486836805, 47.432804732239575], [19.251419992499997, 47.43278738625], [19.25141654371528, 47.43277511713543], [19.251415235555555, 47.432770463333334], [19.251416781562497, 47.43277596328125], [19.25142189527778, 47.43279415541667], [19.251431290243055, 47.43282757817708], [19.25144568, 47.43287877], [19.25146773542824, 47.432939304855324], [19.25149873925926, 47.43299889717593], [19.2515373228125, 47.43305729609375], [19.25158211740741, 47.43311425074076], [19.25163175436342, 47.43316951024883], [19.251684864999998, 47.43322282375001], [19.251740080636573, 47.43327394037616], [19.25179603259259, 47.43332260925925], [19.2518513521875, 47.433368579531255], [19.251904670740743, 47.43341160032408], [19.251954619571755, 47.43345142076968], [19.25199983, 47.43348779]]], [[[19.25348355, 47.43448429], [19.253504607361105, 47.43450634939235], [19.25351835555556, 47.43452075180556], [19.25352583875, 47.43452859109375], [19.25352810111111, 47.434530961111115], [19.25352618680555, 47.4345289557118], [19.25352114, 47.43452366875], [19.25351400486111, 47.43451619407987], [19.25350582555555, 47.434507625555554], [19.253497646249997, 47.434499057031246], [19.25349051111111, 47.43449158236112], [19.253485464305555, 47.4344862953993], [19.25348355, 47.43448429], [19.253483504166663, 47.43448419355902], [19.253483383333336, 47.43448393930556], [19.253483212499997, 47.43448357984375], [19.253483016666664, 47.434483167777785], [19.253482820833327, 47.4344827557118], [19.253482649999995, 47.434482396250004], [19.253482529166664, 47.43448214199653], [19.25348248333333, 47.434482045555555], [19.2534825375, 47.43448215953125], [19.253482716666667, 47.43448253652778], [19.25348304583333, 47.43448322914931], [19.25348355, 47.43448429], [19.25349617971065, 47.43449674863425], [19.253530051018522, 47.43452895990742], [19.253580937187497, 47.434576964375005], [19.253644611481487, 47.4346368025926], [19.25371684716435, 47.43470451511573], [19.253793417500003, 47.4347761425], [19.25387009575232, 47.43484772530093], [19.253942655185185, 47.43491530407407], [19.2540068690625, 47.434974919375], [19.25405851064815, 47.435022611759265], [19.254093353206017, 47.43505442178241], [19.25410717, 47.43506639], [19.254108762326386, 47.43506700130208], [19.25410980194445, 47.43506740041667], [19.2541103678125, 47.43506761765625], [19.254110538888895, 47.435067683333344], [19.254110394131942, 47.43506762776041], [19.2541100125, 47.43506748125], [19.25410947295139, 47.435067274114594], [19.254108854444443, 47.435067036666666], [19.2541082359375, 47.435066799218745], [19.254107696388893, 47.435066592083345], [19.254107314756943, 47.43506644557292], [19.25410717, 47.43506639], [19.25695152, 47.43716836], [19.25697013, 47.43715764], [19.2573735, 47.43745666], [19.25790642, 47.43775781], [19.257908310312498, 47.43775875963542], [19.257913795, 47.43776144208334], [19.2579225946875, 47.43776560765625], [19.257934430000002, 47.43777100666667], [19.257949021562496, 47.437777389427076], [19.257966090000004, 47.437784506250004], [19.257985355937503, 47.43779210744792], [19.25800654, 47.437799943333324], [19.2580293628125, 47.437807764218746], [19.258053545000003, 47.437815320416675], [19.2580788071875, 47.43782236223959], [19.25810487, 47.43782864], [19.258127028124996, 47.43783352411458], [19.258141495000004, 47.43783671291667], [19.258149369374998, 47.437838448593745], [19.25815175, 47.437838973333335], [19.258149735624997, 47.43783852932291], [19.258144425, 47.43783735875], [19.258136916875, 47.43783570380209], [19.258128309999996, 47.43783380666666], [19.258119703124997, 47.43783190953125], [19.258112195000002, 47.43783025458334], [19.258106884375, 47.43782908401042], [19.25810487, 47.43782864], [19.258102727482637, 47.437828149010414], [19.25809707902778, 47.43782685458334], [19.258089093281246, 47.43782502453125], [19.25807993888889, 47.43782292666666], [19.258070784496525, 47.437820828802074], [19.258062798750004, 47.437818998750004], [19.25805715029514, 47.43781770432292], [19.258055007777777, 47.437817213333325], [19.258057539843747, 47.43781779359375], [19.258065915138893, 47.43781971291667], [19.258081302309026, 47.43782323911458], [19.25810487, 47.43782864], [19.25813258954282, 47.43783464424768], [19.258159680509262, 47.43783978564815], [19.258186183906247, 47.43784403968751], [19.258212140740742, 47.43784738185186], [19.258237592019675, 47.4378497876273], [19.25826257875, 47.437851232499995], [19.25828714193866, 47.43785169195603], [19.25831132259259, 47.43785114148148], [19.258335161718747, 47.437849556562504], [19.258358700324074, 47.43784691268519], [19.258381979415507, 47.43784318533565], [19.25840504, 47.43783835], [19.258424336979164, 47.43783381460068], [19.258436935833334, 47.43783085347222], [19.2584437934375, 47.43782924171876], [19.25844586666667, 47.437828754444446], [19.25844411239583, 47.43782916675346], [19.2584394875, 47.43783025374999], [19.258432948854168, 47.4378317905382], [19.25842545333333, 47.437833552222216], [19.258417957812497, 47.43783531390625], [19.258411419166666, 47.43783685069445], [19.258406794270833, 47.43783793769097], [19.25840504, 47.43783835], [19.258403030399304, 47.43783875791666], [19.258397732361114, 47.43783983333334], [19.25839024203125, 47.43784135375], [19.258381655555556, 47.43784309666667], [19.25837306907986, 47.43784483958332], [19.258365578750002, 47.437846359999995], [19.258360280711806, 47.43784743541667], [19.258358271111106, 47.43784784333333], [19.25836064609375, 47.43784736125], [19.258368501805556, 47.43784576666667], [19.258382934392362, 47.43784283708333], [19.25840504, 47.43783835], [19.258431554392356, 47.43783185616898], [19.258458175972223, 47.43782337851853], [19.25848444484375, 47.4378134028125], [19.258509901111115, 47.437802414814826], [19.258534084878466, 47.43779090028934], [19.258556536249998, 47.43777934500001], [19.258576795329866, 47.43776823471066], [19.258594402222222, 47.437758055185185], [19.25860889703125, 47.437749292187505], [19.258619819861114, 47.43774243148148], [19.258626710815975, 47.43773795883102], [19.25862911, 47.43773636], [19.25864493, 47.43774767], [19.25877753, 47.43766395], [19.25877546864583, 47.4376651166493], [19.258770034166666, 47.43766819236112], [19.258762350937502, 47.43767254078125], [19.258753543333334, 47.43767752555556], [19.25874473572916, 47.43768251032986], [19.2587370525, 47.43768685875], [19.258731618020835, 47.43768993446181], [19.258729556666665, 47.43769110111111], [19.2587319928125, 47.43768972234375], [19.258740050833335, 47.43768516180556], [19.258754855104165, 47.437676783142365], [19.25877753, 47.43766395], [19.258802435960646, 47.43764648753472], [19.25882320351852, 47.43762512527778], [19.2588398621875, 47.4376005834375], [19.25885244148148, 47.43757358222223], [19.258860970914345, 47.437544841840264], [19.258865479999997, 47.4375150825], [19.258865998252315, 47.43748502440973], [19.258862555185182, 47.437455387777774], [19.258855180312494, 47.437426892812496], [19.258843903148147, 47.437400259722224], [19.258828753206018, 47.43737620871528], [19.25880976, 47.43735546], [19.258792193993052, 47.437339614461806], [19.258780725277777, 47.43732926902778], [19.258774482812502, 47.43732363796875], [19.258772595555556, 47.43732193555556], [19.25877419246527, 47.43732337605901], [19.2587784025, 47.43732717375], [19.258784354618058, 47.437332542899306], [19.258791177777777, 47.437338697777776], [19.258798000937496, 47.43734485265625], [19.258803953055555, 47.43735022180556], [19.258808163090276, 47.43735401949653], [19.25880976, 47.43735546], [19.25840792, 47.4369761], [19.2550863, 47.43449085], [19.2550708379456, 47.43448183923032], [19.25502788689815, 47.434456816342596], [19.25496259953125, 47.434418795468744], [19.25488012851852, 47.43437079074075], [19.25478562653356, 47.4343158162905], [19.254684246249997, 47.434256886250004], [19.254581140341436, 47.43419701475116], [19.25448146148148, 47.434139215925924], [19.25439036234375, 47.434086503906244], [19.254312995601854, 47.43404189282408], [19.254254513929396, 47.43400839681134], [19.25422007, 47.43398903], [19.2541956341956, 47.43397832797453], [19.25416452939815, 47.4339689512963], [19.25412793703125, 47.4339611015625], [19.25408703851852, 47.43395498037038], [19.25404301528356, 47.43395078931712], [19.253997048749998, 47.43394873], [19.253950320341435, 47.43394900401621], [19.253904011481477, 47.43395181296296], [19.25385930359375, 47.43395735843751], [19.25381737810185, 47.43396584203704], [19.253779416429396, 47.433977465358794], [19.2537466, 47.43399243], [19.253721517708332, 47.434006464739575], [19.253705141666668, 47.43401562791668], [19.253696228124994, 47.43402061546876], [19.253693533333337, 47.43402212333334], [19.253695813541665, 47.43402084744791], [19.253701825, 47.434017483750004], [19.253710323958334, 47.434012728177095], [19.253720066666666, 47.43400727666666], [19.253729809375002, 47.43400182515626], [19.253738308333332, 47.43399706958334], [19.253744319791664, 47.43399370588542], [19.2537466, 47.43399243], [19.253746578038193, 47.433992403263886], [19.253746520138893, 47.433992332777784], [19.253746438281247, 47.43399223312501], [19.253746344444448, 47.4339921188889], [19.253746250607634, 47.43399200465277], [19.25374616875, 47.433991905], [19.2537461108507, 47.433991834513904], [19.25374608888889, 47.43399180777779], [19.25374611484375, 47.43399183937501], [19.253746200694444, 47.4339919438889], [19.253746358420138, 47.433992135902784], [19.2537466, 47.43399243], [19.253741980248837, 47.43399567804398], [19.253728697824073, 47.43400403685187], [19.25370848046875, 47.434016478437506], [19.25368305592593, 47.434031974814815], [19.25365415193865, 47.43404949799768], [19.25362349625, 47.43406802], [19.25359281660301, 47.434086512835655], [19.25356384074074, 47.43410394851851], [19.253538296406248, 47.4341192990625], [19.25351791134259, 47.43413153648149], [19.253504413292823, 47.43413963278935], [19.25349953, 47.43414256], [19.253501072482635, 47.43414155013888], [19.25350513902778, 47.43413888777778], [19.253510888281248, 47.434135123749996], [19.25351747888889, 47.434130808888895], [19.25352406949652, 47.434126494027765], [19.25352981875, 47.43412272999999], [19.25353388529514, 47.434120067638894], [19.253535427777777, 47.43411905777777], [19.25353360484375, 47.43412025124999], [19.25352757513889, 47.43412419888889], [19.25351649730903, 47.434131451527776], [19.25349953, 47.43414256], [19.253480333964113, 47.43415838692707], [19.2534633400463, 47.434178942083335], [19.25344886203125, 47.43420349703125], [19.2534372137037, 47.43423132333334], [19.253428708848375, 47.43426169255207], [19.253423661249997, 47.43429387625], [19.253422384693287, 47.43432714598959], [19.253425192962958, 47.434360773333324], [19.253432399843746, 47.43439402984375], [19.25344431912037, 47.43442618708334], [19.253461264577545, 47.43445651661458], [19.25348355, 47.43448429]]], [[[19.25554893, 47.43317187], [19.255547282031248, 47.43317050755786], [19.255542362083336, 47.43316674546297], [19.25553420609375, 47.4331610715625], [19.25552285, 47.43315397370372], [19.255508329739577, 47.43314593973379], [19.255490681250002, 47.4331374575], [19.25546994046875, 47.43312901484955], [19.25544614333333, 47.43312109962963], [19.25541932578125, 47.43311419968751], [19.25538952375, 47.43310880287038], [19.255356773177084, 47.43310539702547], [19.25532111, 47.43310447], [19.25528992939236, 47.433104869131945], [19.25526957180556, 47.43310512972223], [19.255258491093752, 47.43310527156251], [19.255255141111114, 47.433105314444454], [19.2552579757118, 47.433105278159715], [19.255265448750002, 47.4331051825], [19.25527601407986, 47.43310504725695], [19.255288125555552, 47.43310489222222], [19.25530023703125, 47.433104737187506], [19.255310802361112, 47.43310460194445], [19.255318275399304, 47.43310450628473], [19.25532111, 47.43310447], [19.2553235059375, 47.43310443925347], [19.255329822500002, 47.433104358194456], [19.255338752812502, 47.43310424359376], [19.25534899, 47.43310411222223], [19.255359227187498, 47.43310398085069], [19.2553681575, 47.43310386625], [19.255374474062503, 47.43310378519098], [19.25537687, 47.433103754444446], [19.255374038437502, 47.43310379078126], [19.2553646725, 47.43310391097223], [19.2553474653125, 47.4331041317882], [19.25532111, 47.43310447], [19.2552907427662, 47.43310567686342], [19.255262387962965, 47.433108323240745], [19.255236070937503, 47.43311215531251], [19.25521181703704, 47.43311691925927], [19.25518965160879, 47.433122361261574], [19.2551696, 47.433128227500006], [19.25515168755787, 47.43313426415509], [19.25513593962963, 47.433140217407406], [19.2551223815625, 47.4331458334375], [19.255111038703703, 47.43315085842593], [19.25510193640046, 47.43315503855324], [19.2550951, 47.43315812], [19.25509031461805, 47.433160176579854], [19.25508719027778, 47.433161519305564], [19.2550854896875, 47.43316225015625], [19.255084975555558, 47.433162471111125], [19.255085410590272, 47.433162284149304], [19.2550865575, 47.43316179125], [19.255088178993056, 47.43316109439237], [19.255090037777777, 47.43316029555555], [19.255091896562497, 47.43315949671875], [19.255093518055556, 47.43315879986112], [19.255094664965277, 47.43315830696181], [19.2550951, 47.43315812], [19.255095104965275, 47.43315812362847], [19.255095118055557, 47.43315813319445], [19.2550951365625, 47.433158146718746], [19.255095157777777, 47.43315816222223], [19.255095178993052, 47.43315817772569], [19.255095197499998, 47.43315819125], [19.255095210590277, 47.433158200815974], [19.25509521555555, 47.43315820444444], [19.255095209687497, 47.43315820015626], [19.25509519027778, 47.43315818597223], [19.255095154618054, 47.4331581599132], [19.2550951, 47.43315812], [19.2550948118287, 47.43315792976273], [19.255094130462965, 47.433157488101855], [19.255093135625003, 47.43315684609375], [19.25509190703704, 47.433156054814816], [19.25509052442129, 47.433155165341425], [19.2550890675, 47.43315422875], [19.25508761599537, 47.433153296116906], [19.255086249629628, 47.43315241851852], [19.255085048125004, 47.43315164703125], [19.255084091203706, 47.43315103273149], [19.25508345858796, 47.43315062669561], [19.25508323, 47.43315048], [19.25476873, 47.43341608], [19.254770805104165, 47.43341425258681], [19.254776275833336, 47.43340943486112], [19.2547840103125, 47.43340262359375], [19.254792876666667, 47.43339481555556], [19.254801743020824, 47.433387007517354], [19.254809477499997, 47.43338019625], [19.254814948229168, 47.43337537852431], [19.25481702333333, 47.4333735511111], [19.254814570937498, 47.43337571078125], [19.254806459166666, 47.43338285430556], [19.254791556145832, 47.43339597845487], [19.25476873, 47.43341608], [19.25474325711805, 47.4334400425], [19.25472126777778, 47.43346417416667], [19.2547029109375, 47.433488608750004], [19.254688335555556, 47.43351348000001], [19.254677690590277, 47.43353892166666], [19.254671125, 47.4335650675], [19.25466878774306, 47.43359205125001], [19.25467082777778, 47.43362000666667], [19.254677394062504, 47.4336490675], [19.25468863555556, 47.433679367500005], [19.254704701215278, 47.43371104041667], [19.25472574, 47.43374422], [19.25474554954861, 47.43377277053819], [19.25475848305556, 47.433791410972226], [19.254765522812495, 47.433801557031245], [19.254767651111113, 47.43380462444445], [19.25476585024305, 47.43380202894097], [19.2547611025, 47.433795186249995], [19.254754390173613, 47.433785512100705], [19.254746695555554, 47.43377442222222], [19.254739000937498, 47.433763332343744], [19.254732288611116, 47.43375365819445], [19.254727540868057, 47.43374681550347], [19.25472574, 47.43374422], [19.25523535, 47.4343051], [19.25599036, 47.43486287], [19.255994478964116, 47.43486551647569], [19.256006447546298, 47.43487302430557], [19.256025683281248, 47.43488474609375], [19.256051603703703, 47.43490003444445], [19.25608362634837, 47.4349182419618], [19.25612116875, 47.434938721250006], [19.256163648443287, 47.4349608249132], [19.256210482962963, 47.434983905555555], [19.256261089843747, 47.43500731578125], [19.256314886620373, 47.43503040819445], [19.256371290827545, 47.43505253539931], [19.25642972, 47.43507305], [19.256488129299765, 47.4350886432581], [19.256544478564816, 47.43509716439815], [19.256598192343752, 47.43509970296875], [19.256648695185184, 47.435097348518525], [19.25669541163773, 47.435091190596054], [19.256737766249998, 47.43508231875], [19.256775183570603, 47.43507182252894], [19.256807088148143, 47.43506079148148], [19.25683290453125, 47.435050315156246], [19.256852057268517, 47.435041483101855], [19.256863970908565, 47.43503538486689], [19.25686807, 47.43503311], [19.25675546, 47.4349481], [19.25492118, 47.43356339], [19.25542029, 47.4332521], [19.25554893, 47.43317187]]], [[[19.25748716, 47.43550978], [19.257484309363424, 47.435511622876156], [19.257476507407407, 47.43551706550926], [19.2574648790625, 47.43552597890625], [19.25745054925926, 47.43553823407408], [19.25743464292824, 47.43555370201967], [19.257418285000004, 47.435572253749996], [19.257402600405097, 47.435593760272], [19.257388714074075, 47.43561809259259], [19.2573777509375, 47.43564512171875], [19.25737083592593, 47.43567471865742], [19.257369093969906, 47.43570675441551], [19.25737365, 47.4357411], [19.2573862259375, 47.435778009751154], [19.25740665666667, 47.43581713467593], [19.2574332365625, 47.435857440781255], [19.257464260000003, 47.43589789407408], [19.257498021354163, 47.43593746056134], [19.257532814999998, 47.435975106250005], [19.2575669353125, 47.436009797146994], [19.257598676666664, 47.436040499259256], [19.2576263334375, 47.43606617859375], [19.2576482, 47.43608580115742], [19.257662570729163, 47.43609833295717], [19.25766774, 47.43610274], [19.25864614, 47.43682728], [19.25925774, 47.43714896], [19.25925556864583, 47.437147828298606], [19.259249844166668, 47.43714484472223], [19.2592417509375, 47.437140626562496], [19.259232473333338, 47.437135791111125], [19.25922319572916, 47.43713095565972], [19.2592151025, 47.4371267375], [19.259209378020834, 47.437123753923615], [19.259207206666666, 47.43712262222222], [19.259209772812497, 47.437123959687504], [19.259218260833336, 47.43712838361112], [19.259233855104164, 47.43713651128472], [19.25925774, 47.43714896], [19.259286673454856, 47.43716257719328], [19.25931646763889, 47.43717378087965], [19.259346888281247, 47.43718254421876], [19.259377701111116, 47.437188840370375], [19.259408671857635, 47.43719264249421], [19.259439566250002, 47.43719392375], [19.259470150017364, 47.43719265729746], [19.259500188888893, 47.4371888162963], [19.259529448593753, 47.43718237390625], [19.259557694861115, 47.43717330328704], [19.25958469342014, 47.43716157759838], [19.25961021, 47.43714717], [19.259630962760415, 47.43713392932292], [19.259644512083337, 47.43712528458334], [19.259651887031247, 47.43712057921876], [19.25965411666667, 47.437119156666675], [19.259652230052083, 47.437120360364574], [19.259647256250002, 47.437123533750004], [19.25964022432292, 47.437128020260424], [19.259632163333336, 47.437133163333336], [19.25962410234375, 47.437138306406254], [19.25961707041667, 47.437142792916674], [19.259612096614585, 47.43714596630208], [19.25961021, 47.43714717], [19.26006007, 47.43686676], [19.26005678470486, 47.436868822499996], [19.260048123472227, 47.43687426], [19.26003587828125, 47.4368819475], [19.260021841111115, 47.436890760000004], [19.260007803940972, 47.43689957249999], [19.259995558750003, 47.436907260000005], [19.259986897517365, 47.436912697500006], [19.259983612222225, 47.43691475999999], [19.259987494843752, 47.4369123225], [19.260000337361113, 47.436904260000006], [19.260023931753473, 47.4368894475], [19.26006007, 47.43686676], [19.26009849911458, 47.4368397441493], [19.26012832041667, 47.436812841527775], [19.26015035734375, 47.43678626953125], [19.260165433333338, 47.436760245555554], [19.260174371822913, 47.43673498699651], [19.26017799625, 47.43671071125], [19.260177130052085, 47.436687635711806], [19.260172596666667, 47.43666597777778], [19.260165219531252, 47.43664595484375], [19.260155822083334, 47.43662778430556], [19.260145227760418, 47.43661168355903], [19.26013426, 47.43659787], [19.260125117777775, 47.4365872846007], [19.26011914888889, 47.436580373472225], [19.260115900000002, 47.43657661171875], [19.26011491777778, 47.43657547444445], [19.260115748888886, 47.43657643675346], [19.26011794, 47.43657897375], [19.26012103777778, 47.4365825605382], [19.26012458888889, 47.43658667222222], [19.260128140000003, 47.43659078390625], [19.260131237777777, 47.43659437069445], [19.26013342888889, 47.436596907690976], [19.26013426, 47.43659787], [19.26013426973958, 47.43659787362847], [19.26013429541667, 47.436597883194445], [19.260134331718753, 47.436597896718744], [19.260134373333337, 47.436597912222226], [19.260134414947917, 47.43659792772568], [19.26013445125, 47.43659794125], [19.260134476927085, 47.43659795081598], [19.26013448666667, 47.436597954444444], [19.260134475156253, 47.436597950156255], [19.260134437083337, 47.43659793597223], [19.260134367135418, 47.436597909913196], [19.26013426, 47.43659787], [19.26013349745949, 47.43659730296874], [19.260131615509263, 47.43659581958333], [19.260128840156252, 47.436593603906246], [19.260125397407414, 47.43659084000001], [19.260121513269674, 47.43658771192707], [19.260117413750002, 47.436584403750004], [19.26011332485533, 47.43658109953125], [19.260109472592593, 47.43657798333332], [19.260106082968754, 47.43657523921875], [19.260103381990746, 47.43657305125001], [19.26010159566551, 47.43657160348958], [19.26010095, 47.43657108], [19.25981352, 47.43675006], [19.25947291, 47.43696216], [19.25853885, 47.43627899], [19.25833442, 47.43612947], [19.25757722, 47.43557565], [19.25748716, 47.43550978]]], [[[19.26089859, 47.43961708], [19.26092644520833, 47.43960477413194], [19.26094463166667, 47.43959673972222], [19.260954530625, 47.4395923665625], [19.260957523333335, 47.43959104444445], [19.260954991041665, 47.43959216315971], [19.260948315, 47.439595112499994], [19.260938876458333, 47.43959928225694], [19.260928056666664, 47.439604062222216], [19.260917236875, 47.439608842187496], [19.260907798333335, 47.439613011944445], [19.260901122291667, 47.43961596128472], [19.26089859, 47.43961708], [19.26103381, 47.43953588], [19.26105747, 47.43955059], [19.26114273, 47.43949846], [19.261140149010412, 47.43950023489584], [19.261133344583335, 47.43950491416668], [19.26112372453125, 47.4395115296875], [19.261112696666668, 47.43951911333333], [19.261101668802077, 47.439526696979165], [19.261092048749997, 47.439533312500004], [19.261085244322917, 47.43953799177084], [19.26108266333333, 47.43953976666667], [19.261085713593747, 47.4395376690625], [19.261095802916667, 47.43953073083334], [19.261114339114584, 47.439517983854174], [19.26114273, 47.43949846], [19.261174342274305, 47.43947389384259], [19.261201553194446, 47.439446933240745], [19.26122428640625, 47.43941798], [19.261242465555558, 47.43938743592592], [19.26125601428819, 47.43935570282406], [19.26126485625, 47.4393231825], [19.26126891508681, 47.439290276759266], [19.261268114444444, 47.4392573874074], [19.261262377968748, 47.43922491625], [19.26125162930556, 47.4391932650926], [19.261235792100695, 47.43916283574074], [19.26121479, 47.43913403], [19.261194951041663, 47.4391106198611], [19.26118199833334, 47.43909533555556], [19.261174948124996, 47.43908701624999], [19.26117281666667, 47.43908450111112], [19.26117462020833, 47.43908662930555], [19.261179374999998, 47.439092239999994], [19.261186097291667, 47.43910017236111], [19.26119380333333, 47.43910926555555], [19.261201509375, 47.439118358749994], [19.26120823166667, 47.439126291111116], [19.261212986458332, 47.43913190180555], [19.26121479, 47.43913403], [19.26087043, 47.43880833], [19.26010603, 47.43824128], [19.25954721, 47.43791895], [19.259548676666665, 47.437919927204845], [19.259552543333335, 47.43792250347223], [19.25955801, 47.43792614578125], [19.25956427666667, 47.43793032111111], [19.259570543333332, 47.43793449644096], [19.25957601, 47.43793813874999], [19.25957987666667, 47.43794071501736], [19.259581343333334, 47.43794169222222], [19.259579610000003, 47.43794053734375], [19.25957387666667, 47.43793671736111], [19.259563343333333, 47.437929699253466], [19.25954721, 47.43791895], [19.259524890920137, 47.43790706642939], [19.259497033194446, 47.43789703726852], [19.259464686093754, 47.43788891734375], [19.259428898888892, 47.43788276148148], [19.259390720850693, 47.43787862450809], [19.259351201250002, 47.43787656124999], [19.25931138935764, 47.437876626533566], [19.259272334444447, 47.437878875185184], [19.259235085781253, 47.43788336203124], [19.259200692638892, 47.43789014189815], [19.259170204288196, 47.43789926961226], [19.25914467, 47.4379108], [19.259125589392358, 47.43792151354165], [19.25911313180556, 47.437928508333336], [19.259106351093752, 47.43793231562499], [19.259104301111115, 47.43793346666667], [19.259106035711806, 47.43793249270832], [19.259110608750003, 47.437929925], [19.259117074079864, 47.437926294791666], [19.259124485555557, 47.43792213333333], [19.259131897031253, 47.437917971874995], [19.259138362361114, 47.43791434166667], [19.259142935399307, 47.43791177395833], [19.25914467, 47.4379108], [19.259143390052085, 47.43791161576388], [19.259139628750003, 47.437913996111114], [19.259133503906252, 47.437917840625], [19.259125133333335, 47.4379230488889], [19.25911463484375, 47.4379295204861], [19.259102126250003, 47.437937155], [19.259087725364587, 47.4379458520139], [19.25907155, 47.437955511111106], [19.259053717968754, 47.437966031875], [19.259034347083336, 47.437977313888894], [19.25901355515625, 47.43798925673611], [19.25899146, 47.43800176], [19.25897237939236, 47.43801247354167], [19.25895992180556, 47.43801946833334], [19.258953141093755, 47.438023275625], [19.258951091111115, 47.43802442666667], [19.258952825711805, 47.43802345270832], [19.25895739875, 47.438020885], [19.258963864079863, 47.43801725479167], [19.258971275555552, 47.438013093333325], [19.258978687031252, 47.438008931875004], [19.258985152361113, 47.438005301666664], [19.258989725399307, 47.438002733958335], [19.25899146, 47.43800176], [19.2590093, 47.43801507], [19.259007058188658, 47.4380163645486], [19.259000742175925, 47.4380201238889], [19.25899096609375, 47.438026161562505], [19.258978344074077, 47.438034291111116], [19.25896349024884, 47.43804432607638], [19.25894701875, 47.43805608], [19.258929543709492, 47.43806936642362], [19.25891167925926, 47.43808399888889], [19.25889403953125, 47.4380997909375], [19.258877238657412, 47.43811655611112], [19.258861890769676, 47.43813410795139], [19.25884861, 47.43815226], [19.258837820277776, 47.438171360104164], [19.25882945138889, 47.438191702500006], [19.25882337625, 47.438213020312496], [19.258819467777784, 47.43823504666667], [19.25881759888889, 47.43825751468749], [19.258817642500002, 47.4382801575], [19.258819471527783, 47.43830270822917], [19.258822958888885, 47.438324900000005], [19.258827977499998, 47.4383464659375], [19.258834400277777, 47.43836713916667], [19.258842100138885, 47.438386652812504], [19.25885095, 47.43840474], [19.258860459531245, 47.438421599733786], [19.25887010125, 47.43843753953705], [19.258879692343747, 47.43845245531251], [19.25888905, 47.438466242962974], [19.258897991406247, 47.438478798391195], [19.25890633375, 47.438490017499994], [19.25891389421875, 47.438499796192126], [19.258920489999998, 47.438508030370365], [19.25892593828125, 47.43851461593749], [19.25893005625, 47.4385194487963], [19.25893266109375, 47.43852242484953], [19.25893357, 47.43852344], [19.25930175, 47.43889524], [19.25979274, 47.43926327], [19.26036952, 47.43957452], [19.260366633072916, 47.43957296338541], [19.26035902208334, 47.43956885958334], [19.260348261718754, 47.43956305765625], [19.26033592666667, 47.43955640666667], [19.260323591614583, 47.43954975567707], [19.26031283125, 47.43954395375], [19.26030522026042, 47.43953984994792], [19.260302333333335, 47.439538293333335], [19.260305745156252, 47.43954013296875], [19.260317030416672, 47.43954621791667], [19.260337763802085, 47.43955739723958], [19.26036952, 47.43957452], [19.260409153848375, 47.43959359888309], [19.260451991620375, 47.43961004273149], [19.26049731515625, 47.439623794843754], [19.260544406296297, 47.43963479851852], [19.260592546880783, 47.43964299705439], [19.26064101875, 47.43964833375], [19.260689103744213, 47.43965075190393], [19.2607360837037, 47.43965019481481], [19.26078124046875, 47.43964660578125], [19.260823855879632, 47.439639928101855], [19.26086321177662, 47.43963010507523], [19.26089859, 47.43961708]]], [[[19.26118541, 47.43655531], [19.26125459, 47.43660499], [19.26180308, 47.4366564], [19.2621384, 47.43666837], [19.26268984, 47.43664752], [19.26276648, 47.43660409], [19.26200972, 47.4360382], [19.26118541, 47.43655531]]], [[[19.26303509, 47.43639764], [19.263033311857637, 47.436396573802085], [19.26302862402778, 47.43639376291667], [19.26302199640625, 47.436389788906254], [19.263014398888888, 47.43638523333334], [19.26300680137152, 47.43638067776042], [19.263000173749997, 47.43637670375], [19.26299548592014, 47.436373892864594], [19.262993707777774, 47.43637282666667], [19.262995809218747, 47.43637408671876], [19.26300276013889, 47.436378254583346], [19.263015530434025, 47.436385911822924], [19.26303509, 47.43639764], [19.263060027499996, 47.4364110496875], [19.263088015833336, 47.436423245], [19.26311865125, 47.4364340478125], [19.26315153, 47.436443280000006], [19.26318624833333, 47.436450763437485], [19.2632224025, 47.43645631999999], [19.263259588750003, 47.4364597715625], [19.26329740333333, 47.43646093999999], [19.263335442499997, 47.4364596471875], [19.2633733025, 47.436455715], [19.263410579583333, 47.43644896531249], [19.26344687, 47.43643922], [19.263476836406248, 47.436429722760415], [19.263496401250002, 47.43642352208334], [19.26350705046875, 47.43642014703125], [19.26351027, 47.43641912666667], [19.263507545781245, 47.436419990052066], [19.263500363749998, 47.43642226625], [19.26349020984375, 47.43642548432291], [19.263478569999997, 47.43642917333333], [19.26346693015625, 47.43643286234375], [19.263456776250003, 47.43643608041667], [19.26344959421875, 47.43643835661458], [19.26344687, 47.43643922], [19.26363115, 47.43632599], [19.263629726302078, 47.436326953072914], [19.263625972916664, 47.43632949208334], [19.26362066640625, 47.43633308171875], [19.26361458333333, 47.43633719666667], [19.26360850026041, 47.43634131161458], [19.263603193749997, 47.43634490125], [19.263599440364583, 47.43634744026042], [19.263598016666663, 47.43634840333333], [19.26359969921875, 47.43634726515625], [19.263605264583333, 47.43634350041667], [19.263615489322913, 47.43633658380209], [19.26363115, 47.43632599], [19.26364709468171, 47.436312727407405], [19.26365800078704, 47.436298328425934], [19.26366438890625, 47.436283053749996], [19.26366677962963, 47.43626716407408], [19.26366569354745, 47.436250920092576], [19.26366165125, 47.4362345825], [19.26365517332755, 47.43621841199074], [19.263646780370372, 47.43620266925926], [19.263636992968753, 47.436187615], [19.263626331712963, 47.43617350990741], [19.26361531719329, 47.43616061467593], [19.26360447, 47.43614919], [19.263592314537032, 47.436137160023144], [19.2635771987963, 47.43612248935186], [19.263559378750003, 47.436105499375], [19.26353911037037, 47.43608651148149], [19.263516649629622, 47.43606584706018], [19.2634922525, 47.4360438275], [19.263466174953706, 47.436020774189814], [19.263438672962963, 47.43599700851851], [19.263410002500002, 47.435972851875], [19.26338041953704, 47.43594862564815], [19.263350180046295, 47.435924651226856], [19.26331954, 47.43590125], [19.263289481296294, 47.43587918058449], [19.26326069203704, 47.43585889717593], [19.2632329875, 47.43584026453125], [19.263206182962964, 47.43582314740742], [19.2631800937037, 47.43580741056133], [19.263154534999998, 47.43579291875], [19.26312932212963, 47.43577953673033], [19.26310427037037, 47.435767129259254], [19.263079195, 47.43575556109376], [19.263053911296296, 47.435744696990746], [19.263028234537035, 47.43573440170718], [19.26300198, 47.43572454], [19.26297503362268, 47.43571599041666], [19.262947745648148, 47.43570954833334], [19.2629206278125, 47.43570495375], [19.26289419185185, 47.43570194666667], [19.26286894950231, 47.43570026708332], [19.2628454125, 47.43569965499999], [19.26282409258102, 47.435699850416675], [19.262805501481477, 47.43570059333333], [19.262790150937498, 47.435701623750006], [19.262778552685184, 47.43570268166667], [19.26277121846065, 47.43570350708333], [19.26276866, 47.43570384], [19.26263237, 47.43578884], [19.262630944346057, 47.43578990322916], [19.262626992268522, 47.435793073333336], [19.26262100109375, 47.4357983209375], [19.26261345814815, 47.43580561666667], [19.262604850758095, 47.43581493114582], [19.262595666249997, 47.435826235], [19.262586391950233, 47.43583949885417], [19.262577515185182, 47.435854693333326], [19.262569523281247, 47.435871789062496], [19.262562903564813, 47.435890756666666], [19.262558143362266, 47.43591156677083], [19.26255573, 47.43593419], [19.262555428061336, 47.435956539340275], [19.262556505324074, 47.435976592222225], [19.262558703906247, 47.4359944159375], [19.26256176592593, 47.43601007777779], [19.262565433501155, 47.436023645034716], [19.26256944875, 47.436035185], [19.26257355379051, 47.43604476496528], [19.26257749074074, 47.436052452222214], [19.26258100171875, 47.4360583140625], [19.262583828842594, 47.436062417777784], [19.262585714230326, 47.43606483065972], [19.2625864, 47.43606562], [19.26303509, 47.43639764]]], [[[19.25999999, 47.43738454], [19.26000194765625, 47.4373832398611], [19.260007108750003, 47.43737981222222], [19.260014405468752, 47.43737496625], [19.260022770000003, 47.43736941111111], [19.260031134531246, 47.43736385597221], [19.260038431250003, 47.437359009999994], [19.260043592343752, 47.43735558236111], [19.26004555, 47.437354282222216], [19.260043236406254, 47.43735581874999], [19.260035583750003, 47.437360901111106], [19.26002152421875, 47.43737023847222], [19.25999999, 47.43738454], [19.25997600470486, 47.43740307407986], [19.259955355972224, 47.43742431097222], [19.259938122031247, 47.43744776265625], [19.259924381111112, 47.43747294111112], [19.259914211440968, 47.43749935831596], [19.25990769125, 47.43752652625], [19.259904898767363, 47.437553956892366], [19.259905912222223, 47.43758116222222], [19.259910809843753, 47.43760765421875], [19.259919669861112, 47.43763294486112], [19.259932570503473, 47.43765654612848], [19.25994959, 47.43767797], [19.25996564350694, 47.437694920503475], [19.259976124722225, 47.43770598736112], [19.2599818296875, 47.43771201109375], [19.259983554444446, 47.43771383222222], [19.25998209503472, 47.43771229126735], [19.259978247499998, 47.43770822875], [19.259972807881947, 47.437702485190975], [19.259966572222222, 47.437695901111105], [19.2599603365625, 47.43768931703126], [19.25995489694445, 47.43768357347223], [19.25995104940972, 47.437679510954865], [19.25994959, 47.43767797], [19.26035189, 47.43808852], [19.26107521, 47.43863889], [19.26160613, 47.43892422], [19.261603732725693, 47.43892302145833], [19.261597412638892, 47.43891986166667], [19.26158847734375, 47.438915394374995], [19.261578234444446, 47.438910273333335], [19.261567991545135, 47.438905152291646], [19.26155905625, 47.43890068499999], [19.261552736163196, 47.43889752520833], [19.26155033888889, 47.43889632666666], [19.26155317203125, 47.438897743125], [19.261562543194447, 47.438902428333336], [19.261579759982638, 47.43891103604166], [19.26160613, 47.43892422], [19.261639226556714, 47.4389386233449], [19.261675365787042, 47.438950448425935], [19.26171396953125, 47.4389596878125], [19.261754459629632, 47.438966334074074], [19.26179625792245, 47.43897037978008], [19.26183878625, 47.438971817500004], [19.26188146645255, 47.438970639803244], [19.261923720370373, 47.43896683925926], [19.261964969843753, 47.438960408437495], [19.262004636712966, 47.438951339907405], [19.262042142818288, 47.43893962623842], [19.26207691, 47.43892526], [19.262104811423608, 47.43891207184027], [19.26212302805556, 47.43890346138889], [19.2621329434375, 47.4388987746875], [19.262135941111115, 47.438897357777776], [19.26213340461805, 47.438898556701375], [19.2621267175, 47.4389017175], [19.262117263298613, 47.43890618621528], [19.262106425555555, 47.43891130888888], [19.262095587812503, 47.438916431562504], [19.262086133611113, 47.43892090027778], [19.262079446493058, 47.438924061076385], [19.26207691, 47.43892526], [19.26255151, 47.43870402], [19.26340609, 47.43817589], [19.26384934, 47.43783724], [19.263847656388887, 47.43783874963541], [19.26384321777778, 47.43784272958334], [19.2638369425, 47.437848356406256], [19.263829748888888, 47.43785480666667], [19.263822555277773, 47.43786125692707], [19.26381628, 47.437866883750004], [19.26381184138889, 47.437870863697924], [19.263810157777776, 47.437872373333335], [19.263812147499998, 47.43787058921875], [19.26381872888889, 47.43786468791667], [19.26383082027778, 47.437853845989586], [19.26384934, 47.43783724], [19.26386992499421, 47.437815698616895], [19.263887464953704, 47.437791021435196], [19.26390175734375, 47.43776384140625], [19.263912599629634, 47.43773479148148], [19.263919789276617, 47.43770450461226], [19.26392312375, 47.43767361374999], [19.263922400515046, 47.43764275184607], [19.263917417037035, 47.43761255185185], [19.263907970781247, 47.43758364671876], [19.263893859212963, 47.43755666939816], [19.263874879797452, 47.437532252841436], [19.26385083, 47.43751103], [19.263828434496524, 47.43749471600694], [19.26381381263889, 47.437484064722234], [19.263805853906245, 47.43747826718751], [19.26380344777778, 47.43747651444445], [19.263805483732632, 47.437477997534714], [19.26381085125, 47.4374819075], [19.26381843980903, 47.437487435381954], [19.263827138888885, 47.43749377222222], [19.26383583796875, 47.437500109062505], [19.263843426527778, 47.43750563694445], [19.26384879404514, 47.43750954690972], [19.26385083, 47.43751103], [19.26384859135995, 47.43750934408565], [19.263842140879635, 47.43750449268519], [19.26383187671875, 47.437496785312504], [19.263818197037036, 47.43748653148148], [19.26380149999421, 47.437474040706014], [19.26378218375, 47.4374596225], [19.26376064646412, 47.43744358637732], [19.263737286296294, 47.437426241851846], [19.26371250140625, 47.4374078984375], [19.263686689953705, 47.43738886564815], [19.26366025009838, 47.437369452997686], [19.26363358, 47.43734997], [19.263611184496526, 47.43733365600694], [19.26359656263889, 47.43732300472223], [19.263588603906253, 47.437317207187505], [19.263586197777776, 47.437315454444445], [19.263588233732637, 47.43731693753471], [19.26359360125, 47.4373208475], [19.26360118980903, 47.43732637538195], [19.26360988888889, 47.43733271222222], [19.26361858796875, 47.4373390490625], [19.26362617652778, 47.43734457694444], [19.26363154404514, 47.43734848690973], [19.26363358, 47.43734997], [19.26321587, 47.43704029], [19.26321362691551, 47.437038957152765], [19.26320680949074, 47.437035192222226], [19.263195285468747, 47.437029345625], [19.263178922592594, 47.43702176777778], [19.26315758860532, 47.43701280909722], [19.26313115125, 47.43700282], [19.263099478269677, 47.43699215090278], [19.263062437407406, 47.43698115222222], [19.26301989640625, 47.436970174375006], [19.26297172300926, 47.436959567777784], [19.26291778495949, 47.43694968284723], [19.26285795, 47.43694087], [19.262805157447914, 47.43693401333333], [19.262770689583334, 47.43692953666667], [19.262751928593747, 47.4369271], [19.26274625666667, 47.436926363333335], [19.26275105598958, 47.436926986666656], [19.26276370875, 47.436928630000004], [19.26278159713542, 47.436930953333345], [19.262802103333332, 47.436933616666664], [19.26282260953125, 47.43693628], [19.26284049791667, 47.43693860333334], [19.26285315067708, 47.436940246666666], [19.26285795, 47.43694087], [19.26214445, 47.43687656], [19.26182218, 47.43686083], [19.26127284, 47.43687126], [19.261281720399303, 47.43687099206596], [19.261305132361112, 47.43687028569445], [19.26133823203125, 47.43686928703124], [19.261376175555558, 47.43686814222222], [19.261414119079856, 47.43686699741318], [19.26144721875, 47.436865998749994], [19.26147063071181, 47.43686529237848], [19.26147951111111, 47.43686502444443], [19.26146901609375, 47.43686534109375], [19.261434301805558, 47.436866388472225], [19.261370524392362, 47.436868312725686], [19.26127284, 47.43687126], [19.26116379453125, 47.43687589369791], [19.261068607083338, 47.43688248041667], [19.26098644359375, 47.436890571093755], [19.26091647, 47.436899716666666], [19.260857852239578, 47.436909468072905], [19.260809756249998, 47.43691937625], [19.26077134796875, 47.43692899213542], [19.26074179333333, 47.43693786666666], [19.26072025828125, 47.436945550781246], [19.26070590875, 47.43695159541667], [19.26069791067708, 47.43695555151041], [19.26069543, 47.43695697], [19.25999999, 47.43738454]]], [[[19.26422301, 47.43727806], [19.26422062151041, 47.43727636512152], [19.264214324583335, 47.43727189680555], [19.26420542203125, 47.43726557953125], [19.264195216666668, 47.437258337777784], [19.264185011302075, 47.43725109602429], [19.264176108749997, 47.43724477874999], [19.264169811822917, 47.43724031043402], [19.264167423333326, 47.43723861555555], [19.264170246093748, 47.43724061859375], [19.264179582916668, 47.43724724402777], [19.26419673661458, 47.4372594163368], [19.26422301, 47.43727806], [19.26425649304398, 47.43729834744791], [19.264293916018524, 47.43731490458333], [19.264334542187505, 47.43732783609375], [19.264377634814817, 47.437337246666665], [19.26442245716435, 47.43734324098957], [19.2644682725, 47.437345923749994], [19.26451434408565, 47.43734539963542], [19.264559935185186, 47.43734177333332], [19.264604309062506, 47.43733514953125], [19.264646728981486, 47.43732563291667], [19.26468645820602, 47.43731332817708], [19.26472276, 47.43729834], [19.26475161723958, 47.4372846476736], [19.26477045791667, 47.43727570805556], [19.26478071296875, 47.43727084218749], [19.264783813333334, 47.437269371111114], [19.26478118994791, 47.43727061586805], [19.264774273750003, 47.4372738975], [19.264764495677085, 47.43727853704861], [19.264753286666668, 47.43728385555555], [19.26474207765625, 47.4372891740625], [19.264732299583336, 47.43729381361111], [19.264725383385418, 47.43729709524305], [19.26472276, 47.43729834], [19.26525889, 47.43703394], [19.26991488, 47.43415855], [19.27043792, 47.43376405], [19.270431950781248, 47.43376866465277], [19.27041621375, 47.433780830555555], [19.27039396484375, 47.433798030625], [19.27036846, 47.43381774777778], [19.270342955156245, 47.43383746493055], [19.270320706249997, 47.433854665], [19.27030496921875, 47.43386683090279], [19.270298999999994, 47.433871445555546], [19.27030605453125, 47.433865991874995], [19.27032938875, 47.43384795277778], [19.27037225859375, 47.433814811180554], [19.27043792, 47.43376405], [19.270505139693284, 47.43370498679976], [19.270551695046297, 47.43364869273148], [19.270579357968753, 47.43359528109375], [19.270589900370375, 47.4335448651852], [19.27058509416088, 47.433497558304396], [19.27056671125, 47.433453473750006], [19.270536523547456, 47.433412724820606], [19.27049630296296, 47.43337542481481], [19.27044782140625, 47.43334168703125], [19.27039285078704, 47.43331162476852], [19.270333163015046, 47.43328535132523], [19.27027053, 47.43326298], [19.270217159756942, 47.433245853038194], [19.270182314722227, 47.433234670972226], [19.270163348437507, 47.43322858453125], [19.27015761444445, 47.433226744444454], [19.27016246628472, 47.43322830144096], [19.2701752575, 47.43323240625], [19.27019334163195, 47.433238209600695], [19.27021407222222, 47.43324486222222], [19.270234802812503, 47.43325151484375], [19.270252886944448, 47.43325731819445], [19.270265678159724, 47.43326142300347], [19.27027053, 47.43326298], [19.26995185, 47.43316825], [19.26995584628472, 47.43316941206597], [19.269966381944446, 47.43317247569445], [19.2699812771875, 47.43317680703125], [19.269998352222224, 47.43318177222223], [19.270015427256943, 47.43318673741319], [19.270030322500002, 47.433191068750006], [19.270040858159728, 47.433194132378475], [19.270044854444446, 47.433195294444445], [19.270040131562503, 47.433193921093746], [19.270024509722226, 47.43318937847223], [19.269995809131945, 47.4331810327257], [19.26995185, 47.43316825], [19.26990126597801, 47.433153798478], [19.269853930324075, 47.433141006157406], [19.26980952265625, 47.43313007890625], [19.269767722592597, 47.4331212225926], [19.269728209751154, 47.43311464308448], [19.269690663749998, 47.433110546250006], [19.26965476420718, 47.43310913795719], [19.26962019074074, 47.43311062407407], [19.269586622968752, 47.433115210468756], [19.26955374050926, 47.433123103009265], [19.269521222980323, 47.43313450756366], [19.26948875, 47.43314963], [19.26946139265625, 47.4331639567361], [19.26944353125, 47.43317331055557], [19.26943380921875, 47.433178401875], [19.269430870000004, 47.43317994111111], [19.269433357031243, 47.433178638680545], [19.269439913750002, 47.433175205], [19.26944918359375, 47.43317035048612], [19.26945981, 47.43316478555555], [19.26947043640625, 47.433159220625], [19.269479706250003, 47.43315436611112], [19.26948626296875, 47.43315093243056], [19.26948875, 47.43314963], [19.26860597, 47.4336291], [19.26427612, 47.43630391], [19.26384612, 47.43664914], [19.263848083385415, 47.43664740769096], [19.26385325958334, 47.43664284069445], [19.26386057765625, 47.43663638390625], [19.263868966666667, 47.436628982222224], [19.263877355677078, 47.43662158053818], [19.263884673750002, 47.43661512375], [19.26388984994792, 47.43661055675348], [19.263891813333334, 47.43660882444444], [19.26388949296875, 47.43661087171875], [19.26388181791667, 47.436617643472225], [19.263867717239584, 47.436630084600694], [19.26384612, 47.43664914], [19.26382243429977, 47.43667349501736], [19.263802925231484, 47.43670086097223], [19.26378780734375, 47.436730721718746], [19.263777295185186, 47.43676256111112], [19.263771603304395, 47.43679586300347], [19.26377094625, 47.436830111249996], [19.263775538570602, 47.43686478970486], [19.263785594814813, 47.43689938222222], [19.263801329531248, 47.436933372656256], [19.26382295726852, 47.43696624486111], [19.263850692575232, 47.43699748269097], [19.26388475, 47.43702657], [19.263916083958332, 47.43704996333332], [19.26393654166667, 47.437065236666676], [19.263947676875, 47.43707355], [19.263951043333336, 47.43707606333333], [19.263948194791663, 47.437073936666664], [19.263940684999998, 47.437068329999995], [19.263930067708333, 47.43706040333334], [19.263917896666662, 47.43705131666666], [19.263905725625, 47.43704223], [19.263895108333337, 47.437034303333334], [19.263887598541665, 47.437028696666665], [19.26388475, 47.43702657], [19.26422301, 47.43727806]]], [[[19.26760723, 47.43266362], [19.26849889, 47.4333189], [19.26865006, 47.43322465], [19.268649546093748, 47.433224980381944], [19.26864819125, 47.43322585138889], [19.268646275781247, 47.43322708281249], [19.268644079999998, 47.43322849444445], [19.268641884218745, 47.43322990607638], [19.268639968749998, 47.433231137499995], [19.268638613906248, 47.43323200850694], [19.268638099999997, 47.433232338888885], [19.268638707343747, 47.433231948437495], [19.268640716249998, 47.433230656944446], [19.268644407031246, 47.43322828420139], [19.26865006, 47.43322465], [19.26865762098958, 47.43321970997685], [19.268666666250002, 47.43321366231482], [19.26867692171875, 47.433206690625], [19.268688113333337, 47.433198978518526], [19.268699967031246, 47.43319070960647], [19.26871220875, 47.433182067500006], [19.268724564427085, 47.43317323581019], [19.26873676, 47.43316439814815], [19.268748521406252, 47.433155738124995], [19.268759574583335, 47.433147439351856], [19.26876964546875, 47.433139685439805], [19.26877846, 47.43313266], [19.268785262048606, 47.43312711416666], [19.268789703055557, 47.43312349333333], [19.2687921203125, 47.433121522499995], [19.26879285111111, 47.433120926666675], [19.268792232743053, 47.433121430833324], [19.2687906025, 47.43312276], [19.268788297673613, 47.43312463916667], [19.268785655555554, 47.43312679333333], [19.2687830134375, 47.433128947499995], [19.26878070861111, 47.43313082666667], [19.268779078368055, 47.43313215583333], [19.26877846, 47.43313266], [19.268777159670133, 47.43313406059027], [19.26877373152778, 47.43313775305556], [19.26876888484375, 47.4331429734375], [19.268763328888895, 47.43314895777778], [19.268757772934023, 47.433154942118044], [19.26875292625, 47.4331601625], [19.268749498107642, 47.43316385496528], [19.26874819777778, 47.43316525555555], [19.268749734531248, 47.4331636003125], [19.268754817638893, 47.433158125277785], [19.268764156371525, 47.43314806649305], [19.26877846, 47.43313266], [19.268793861597217, 47.433112401458324], [19.26880580027778, 47.43308875333333], [19.268813944374998, 47.433062401875], [19.268817962222226, 47.433034033333335], [19.268817522152773, 47.43300433395833], [19.2688122925, 47.432973989999994], [19.268801941597225, 47.43294368770833], [19.268786137777777, 47.432914113333325], [19.268764549375, 47.432885953124995], [19.268736844722223, 47.43285989333334], [19.26870269215278, 47.432836620208334], [19.26866176, 47.43281682], [19.26862442435764, 47.432801833645826], [19.268600048194447, 47.43279204916667], [19.26858678015625, 47.4327867234375], [19.26858276888889, 47.43278511333334], [19.26858616303819, 47.43278647572916], [19.26859511125, 47.432790067499994], [19.26860776217014, 47.43279514552084], [19.268622264444446, 47.43280096666666], [19.26863676671875, 47.432806787812495], [19.26864941763889, 47.432811865833344], [19.268658365850694, 47.432815457604164], [19.26866176, 47.43281682], [19.26799383, 47.4326108], [19.267995395399307, 47.43261138628471], [19.267999522361116, 47.43261293194445], [19.268005357031253, 47.432615117187495], [19.268012045555558, 47.43261762222223], [19.268018734079856, 47.43262012725693], [19.26802456875, 47.4326223125], [19.268028695711806, 47.43262385815972], [19.26803026111111, 47.432624444444436], [19.268028411093752, 47.432623751562495], [19.268022291805558, 47.43262145972223], [19.268011049392364, 47.43261724913194], [19.26799383, 47.4326108], [19.2679717990625, 47.43260363254628], [19.26794705166667, 47.43259756370371], [19.267920128437503, 47.43259271875], [19.26789157, 47.43258922296297], [19.267861916979165, 47.43258720162036], [19.267831710000003, 47.432586779999994], [19.267801489687503, 47.432588083379635], [19.267771796666665, 47.43259123703703], [19.2677431715625, 47.432596366249996], [19.267716155000002, 47.432603596296296], [19.267691287604165, 47.4326130524537], [19.26766911, 47.43262486], [19.267651756163193, 47.43263580461805], [19.267640425972225, 47.43264295027778], [19.26763425890625, 47.4326468396875], [19.267632394444444, 47.432648015555564], [19.267633972065966, 47.432647020590274], [19.267638131249996, 47.43264439749999], [19.267644011475696, 47.43264068899306], [19.26765075222222, 47.432636437777774], [19.267657492968752, 47.4326321865625], [19.267663373194445, 47.43262847805556], [19.26766753237847, 47.43262585496527], [19.26766911, 47.43262486], [19.26760723, 47.43266362]]]]}}, {"type": "Feature", "properties": {"id": 3, "name": "Apron1 twy", "category": "apron", "surface_code": "2"}, "geometry": {"type": "Polygon", "coordinates": [[[19.22777599, 47.43997395], [19.227771141660877, 47.43997768281829], [19.227757172453707, 47.439988220879634], [19.22773494609375, 47.440004573593754], [19.227705326296302, 47.44002575037038], [19.22766917677662, 47.44005076061921], [19.22762736125, 47.44007861375001], [19.227580743431716, 47.44010831917247], [19.227530187037036, 47.440138886296296], [19.22747655578125, 47.440169324531254], [19.227420713379633, 47.44019864328705], [19.227363523547453, 47.44022585197338], [19.22730585, 47.44024996], [19.227249936423608, 47.4402738865162], [19.227197588055557, 47.44030062629631], [19.2271490109375, 47.4403293021875], [19.22710441111111, 47.44035903703704], [19.22706399461805, 47.440388953692114], [19.227027967499996, 47.440418175], [19.22699653579861, 47.44044582380787], [19.226969905555553, 47.44047102296296], [19.2269482828125, 47.4404928953125], [19.22693187361111, 47.440510563703704], [19.226920883993053, 47.44052315098379], [19.22691552, 47.44052978], [19.22685766554977, 47.44060777212383], [19.226702120231483, 47.44081743949074], [19.22646846359375, 47.44113239109375], [19.226176275185185, 47.441526235925934], [19.225845134554394, 47.44197258298031], [19.225494621250004, 47.442445041250004], [19.225144314820604, 47.44291721972802], [19.224813794814814, 47.443362727407404], [19.224522640781252, 47.44375517328125], [19.22429043226852, 47.444068166342596], [19.224136748825234, 47.44427531558449], [19.22408117, 47.44435023], [19.22377086, 47.44476614], [19.22266466, 47.44455617], [19.22531602, 47.4409659], [19.2267116, 47.43996492], [19.22777599, 47.43997395]]]}}, {"type": "Feature", "properties": {"id": 4, "name": "Apron1 twy", "category": "apron", "surface_code": "2"}, "geometry": {"type": "Polygon", "coordinates": [[[19.22531602, 47.4409659], [19.22522521, 47.44095607], [19.2251344, 47.44105189], [19.22500726, 47.44093887], [19.225, 47.44026323], [19.22506175, 47.44026077], [19.22505812, 47.4395753], [19.225057844618053, 47.439567054809025], [19.22505712777778, 47.43954394013889], [19.225056133437498, 47.43950838734376], [19.225055025555555, 47.43946282777778], [19.225053968090272, 47.439409692795124], [19.225053125, 47.43935141375], [19.225052660243055, 47.43929042199653], [19.225052737777773, 47.43922914888889], [19.225053521562497, 47.43917002578125], [19.225055175555553, 47.43911548402778], [19.225057863715275, 47.43906795498263], [19.22506175, 47.43902987], [19.225068349004626, 47.438992569299764], [19.22507853703704, 47.43894720856482], [19.225091520625, 47.43889594234375], [19.2251065062963, 47.43884092518519], [19.225122700578698, 47.43878431163772], [19.22513931, 47.438728256249995], [19.225155541087965, 47.43867491357061], [19.22517060037037, 47.43862643814814], [19.225183694374998, 47.438584984531246], [19.22519402962963, 47.43855270726852], [19.225200812662035, 47.43853176090856], [19.22520325, 47.4385243], [19.22583379, 47.43870641], [19.22600723, 47.43841669], [19.22648317, 47.43796079], [19.226486968246526, 47.43795701180555], [19.22649698180556, 47.43794705111111], [19.22651113890625, 47.43793296875], [19.22652736777778, 47.437916825555554], [19.226543596649304, 47.4379006823611], [19.22655775375, 47.43788659999999], [19.226567767309028, 47.43787663930556], [19.226571565555556, 47.4378728611111], [19.22656707671875, 47.43787732625], [19.22655222902778, 47.437892095555554], [19.226524950711806, 47.43791922986111], [19.22648317, 47.43796079], [19.22643713063079, 47.43800982423611], [19.226398078379635, 47.438057622222225], [19.22636544453125, 47.438103606875], [19.226338660370374, 47.438147201111114], [19.22631715718171, 47.438187827847216], [19.22630036625, 47.43822491], [19.226287718859954, 47.43825787048612], [19.226278646296294, 47.438286132222224], [19.22627257984375, 47.438309118125], [19.226268950787038, 47.43832625111112], [19.22626719041088, 47.438336954097224], [19.22626673, 47.43834065], [19.22624572, 47.43890511], [19.2263761, 47.43940119], [19.22658013, 47.43954131], [19.22651632, 47.4395952], [19.22672353, 47.43974458], [19.2267116, 47.43996492], [19.22531602, 47.4409659]]]}}, {"type": "Feature", "properties": {"id": 5, "name": "Apron1 twy", "category": "apron", "surface_code": "54"}, "geometry": {"type": "Polygon", "coordinates": [[[19.22624572, 47.43890511], [19.22624451973958, 47.43890277498264], [19.226241355416672, 47.43889661902778], [19.22623688171875, 47.43888791578125], [19.226231753333337, 47.4388779388889], [19.226226624947913, 47.438867961996515], [19.226222151250003, 47.43885925875001], [19.226218986927087, 47.43885310279515], [19.226217786666666, 47.43885076777777], [19.22621920515625, 47.43885352734375], [19.226223897083337, 47.43886265513889], [19.22623251713542, 47.43887942480903], [19.22624572, 47.43890511], [19.226263615966435, 47.43893174396412], [19.22628521106482, 47.438951136712966], [19.22630950359375, 47.43896422703125], [19.226335491851856, 47.4389719537037], [19.226362174137726, 47.43897525551504], [19.22638854875, 47.43897507125], [19.22641361398727, 47.438972339693294], [19.22643636814815, 47.438967999629625], [19.226455809531252, 47.438962989843745], [19.226470936435184, 47.43895824912037], [19.22648074715857, 47.43895471624421], [19.22648424, 47.43895333], [19.2267344, 47.43907814], [19.22896038, 47.43708058], [19.23101036, 47.43729824], [19.231010324074067, 47.43729884486689], [19.231010224259258, 47.4373005314352], [19.2310100725, 47.43730310765624], [19.231009880740743, 47.43730638148149], [19.23100966092592, 47.43731016086226], [19.231009424999996, 47.43731425375], [19.231009184907407, 47.43731846809607], [19.231008952592592, 47.43732261185185], [19.23100874, 47.43732649296875], [19.231008559074073, 47.43732991939815], [19.231008421759256, 47.43733269909144], [19.23100834, 47.43733464], [19.231008297986104, 47.437335864704856], [19.231008270555556, 47.43733666430556], [19.231008255625, 47.43733709953125], [19.231008251111113, 47.437337231111115], [19.231008254930554, 47.4373371197743], [19.231008264999996, 47.437336826250004], [19.231008279236114, 47.437336411267374], [19.231008295555554, 47.43733593555555], [19.231008311875, 47.43733545984375], [19.231008326111112, 47.437335044861115], [19.231008336180555, 47.437334751336806], [19.23100834, 47.43733464], [19.23101326536458, 47.43733451777778], [19.23102625041667, 47.43733419555557], [19.23104460859375, 47.43733374], [19.231065653333335, 47.43733321777779], [19.23108669807291, 47.437332695555554], [19.231105056249998, 47.43733224], [19.231118041302082, 47.43733191777779], [19.231122966666664, 47.43733179555556], [19.231117145781248, 47.43733194000001], [19.231097892083334, 47.43733241777778], [19.231062519010415, 47.43733329555556], [19.23100834, 47.43733464], [19.230946018894674, 47.43733817575231], [19.230888135324076, 47.43734511185186], [19.23083487640625, 47.4373547415625], [19.23078642925926, 47.43736635814815], [19.230742981001153, 47.437379254872674], [19.23070471875, 47.43739272500001], [19.230671829623844, 47.43740606179398], [19.230644500740738, 47.437418558518516], [19.23062291921875, 47.4374295084375], [19.23060727217593, 47.43743820481482], [19.230597746730325, 47.43744394091435], [19.23059453, 47.43744601], [19.22777599, 47.43997395], [19.2267116, 47.43996492], [19.22672353, 47.43974458], [19.22651632, 47.4395952], [19.22658013, 47.43954131], [19.2263761, 47.43940119], [19.22624572, 47.43890511]]]}}, {"type": "Feature", "properties": {"id": 6, "name": "Apron1 twy", "category": "apron", "surface_code": "2"}, "geometry": {"type": "Polygon", "coordinates": [[[19.22600723, 47.43841669], [19.22583379, 47.43870641], [19.22520325, 47.4385243], [19.22470698, 47.43838442], [19.22499717, 47.43801991], [19.22849688, 47.43488876], [19.22937893, 47.43531982], [19.22972965, 47.43520684], [19.22955067, 47.43537313], [19.22884639, 47.43602194], [19.2286826, 47.43596259], [19.22811724, 47.4364737], [19.228115892118055, 47.43647491116898], [19.228111908611112, 47.436478491018526], [19.2281053796875, 47.436484359062504], [19.228096395555553, 47.436492434814824], [19.228085046423608, 47.436502637789346], [19.2280714225, 47.4365148875], [19.228055613993057, 47.43652910346065], [19.22803771111111, 47.43654520518518], [19.2280178040625, 47.4365631121875], [19.227995983055557, 47.43658274398148], [19.227972338298613, 47.43660402008101], [19.22794696, 47.43662686], [19.227924932118054, 47.43664668635415], [19.22791055027778, 47.43665963083334], [19.2279027221875, 47.4366666765625], [19.227900355555555, 47.43666880666667], [19.227902358090276, 47.43666700427082], [19.2279076375, 47.43666225249999], [19.227915101493057, 47.436655534479165], [19.227923657777776, 47.436647833333325], [19.2279322140625, 47.4366401321875], [19.227939678055556, 47.436633414166664], [19.22794495746528, 47.436628662395826], [19.22794696, 47.43662686], [19.22794816255208, 47.43662577776041], [19.227951332916668, 47.43662292458334], [19.22795581515625, 47.436618890781254], [19.227960953333337, 47.436614266666666], [19.227966091510414, 47.43660964255207], [19.22797057375, 47.43660560874999], [19.227973744114585, 47.43660275557291], [19.227974946666667, 47.43660167333333], [19.227973525468748, 47.43660295234375], [19.227968824583336, 47.43660718291667], [19.227960188072917, 47.436614955364576], [19.22794696, 47.43662686], [19.227930924519676, 47.43664129229166], [19.22791431615741, 47.43665624250001], [19.22789715453125, 47.43667169312501], [19.22787945925926, 47.43668762666667], [19.227861249959485, 47.43670402562499], [19.22784254625, 47.436720872500004], [19.227823367748844, 47.43673814979168], [19.227803734074072, 47.436755840000004], [19.22778366484375, 47.436773925625005], [19.227763179675925, 47.43679238916667], [19.227742298188655, 47.436811213125004], [19.22772104, 47.43683038], [19.22770302444444, 47.43684662467014], [19.227691262222226, 47.43685723069445], [19.22768486, 47.43686300359376], [19.227682924444448, 47.436864748888894], [19.227684562222215, 47.43686327210069], [19.22768888, 47.43685937875], [19.227694984444447, 47.436853874357645], [19.22770198222222, 47.43684756444445], [19.22770898, 47.43684125453126], [19.227715084444444, 47.4368357501389], [19.22771940222222, 47.4368318567882], [19.22772104, 47.43683038], [19.227729448888883, 47.436822798020835], [19.22775161777778, 47.43680280916667], [19.22778296, 47.436774549062505], [19.227818888888887, 47.43674215333335], [19.22785481777777, 47.43670975760416], [19.227886159999997, 47.436681497500004], [19.22790832888889, 47.43666150864585], [19.227916737777775, 47.43665392666667], [19.2279068, 47.43666288718751], [19.22787392888889, 47.436692525833344], [19.227813537777777, 47.43674697822917], [19.22772104, 47.43683038], [19.227606686192125, 47.43693353660301], [19.227485548703704, 47.43704292449074], [19.227360273437498, 47.43715618578125], [19.227233506296297, 47.43727096259259], [19.22710789318287, 47.43738489704281], [19.226986080000003, 47.437495631249995], [19.226870712650467, 47.437600807332174], [19.226764437037037, 47.4376980674074], [19.2266698990625, 47.43778505359375], [19.226589744629635, 47.43785940800926], [19.226526619641206, 47.43791877277199], [19.22648317, 47.43796079], [19.226455667708333, 47.437988147343745], [19.226437711666673, 47.43800600875], [19.226427938125, 47.43801573078125], [19.226424983333334, 47.43801867], [19.226427483541666, 47.43801618296874], [19.226434075, 47.43800962625], [19.226443393958338, 47.43800035640625], [19.226454076666666, 47.43798972999999], [19.226464759375, 47.43797910359375], [19.226474078333336, 47.43796983375], [19.226480669791666, 47.437963277031244], [19.22648317, 47.43796079], [19.22600723, 47.43841669]]]}}, {"type": "Feature", "properties": {"id": 7, "name": "Apron1 twy", "category": "apron", "surface_code": "2"}, "geometry": {"type": "Polygon", "coordinates": [[[19.22861435, 47.43494699], [19.22884795, 47.4347332], [19.22901524, 47.43482896], [19.23070896, 47.43422373], [19.23075913, 47.43439964], [19.23092292, 47.43463705], [19.23094631, 47.43480719], [19.22972965, 47.43520684], [19.22937572, 47.43532735], [19.22861435, 47.43494699]]]}}, {"type": "Feature", "properties": {"id": 8, "name": "Apron1 twy", "category": "apron", "surface_code": "2"}, "geometry": {"type": "Polygon", "coordinates": [[[19.22377086, 47.44476614], [19.22379031, 47.44476979], [19.22367725, 47.44499961], [19.22313709, 47.44491349], [19.22231876, 47.44479908], [19.22260249, 47.44454557], [19.22266466, 47.44455617], [19.22377086, 47.44476614]]]}}, {"type": "Feature", "properties": {"id": 9, "name": "Apron1 twy", "category": "apron", "surface_code": "2"}, "geometry": {"type": "Polygon", "coordinates": [[[19.22313709, 47.44491349], [19.22313225429398, 47.44491314949653], [19.223118551018523, 47.444912251805555], [19.2230971859375, 47.444910982656246], [19.223069364814815, 47.44490952777778], [19.223036293414346, 47.444908072899295], [19.2229991775, 47.444906803749994], [19.222959222835648, 47.44490590605903], [19.222917635185183, 47.44490556555555], [19.222875620312497, 47.44490596796875], [19.222834383981482, 47.444907299027776], [19.222795131956016, 47.4449097444618], [19.22275907, 47.44491349], [19.22272577565972, 47.44491951676505], [19.22269417527778, 47.44492826912038], [19.222664497812495, 47.44493912765624], [19.222636972222222, 47.44495147296297], [19.222611827465276, 47.44496468563078], [19.2225892925, 47.444978146249994], [19.22256959628472, 47.44499123541088], [19.222552967777773, 47.4450033337037], [19.2225396359375, 47.44501382171875], [19.222529829722223, 47.4450220800463], [19.222523778090277, 47.44502748927662], [19.22252171, 47.44502943], [19.22212611, 47.44535644], [19.22185799, 47.44521077], [19.22231876, 47.44479908], [19.22313709, 47.44491349]]]}}, {"type": "Feature", "properties": {"id": 10, "name": "taxi Y", "category": "taxiway", "surface_code": "2"}, "geometry": {"type": "Polygon", "coordinates": [[[19.27065586, 47.43399879], [19.270653766221066, 47.43400028331596], [19.270648043101854, 47.434004441527776], [19.27063952796875, 47.434010782031244], [19.270629058148153, 47.43401882222223], [19.270617470966435, 47.43402807949652], [19.27060560375, 47.43403807125], [19.270594293825233, 47.434048314878474], [19.270584378518517, 47.43405832777778], [19.27057669515625, 47.43406762734375], [19.270572081064813, 47.434075730972225], [19.2705713735706, 47.43408215605903], [19.27057541, 47.43408642], [19.27058460545717, 47.434088828501146], [19.27059816115741, 47.4340901238426], [19.270615093593747, 47.43409047828125], [19.270634419259263, 47.43409006407408], [19.270655154646985, 47.434089053478], [19.270676316249997, 47.43408761875], [19.270696920561345, 47.43408593214699], [19.270715984074073, 47.434084165925924], [19.27073252328125, 47.43408249234375], [19.270745554675926, 47.43408108365742], [19.270754094751155, 47.434080112123844], [19.27075716, 47.43407975], [19.27538798, 47.4333801], [19.275396796689815, 47.43337844941551], [19.27542291518519, 47.43337334449075], [19.275465838125, 47.43336455546874], [19.27552506814815, 47.433351852592594], [19.275600107893514, 47.43333500610532], [19.27569046, 47.433313786250004], [19.275795627106483, 47.43328796326968], [19.275915111851848, 47.4332573074074], [19.276048416875, 47.43322158890625], [19.276195044814813, 47.433180578009264], [19.276354498310184, 47.433134044959495], [19.27652628, 47.43308176], [19.27667566458333, 47.43303534515624], [19.276773196666667, 47.43300504125001], [19.27682628375, 47.43298854671874], [19.276842333333335, 47.432983560000004], [19.27682875291666, 47.43298777953124], [19.27679295, 47.43299890375], [19.276742332083334, 47.433014631093755], [19.276684306666667, 47.433032659999995], [19.276626281249996, 47.43305068890625], [19.276575663333332, 47.43306641625001], [19.276539860416666, 47.43307754046875], [19.27652628, 47.43308176], [19.276515944010413, 47.43308513715277], [19.276488694583332, 47.43309404055556], [19.27645016953125, 47.433106628124996], [19.27640600666667, 47.43312105777779], [19.27636184380208, 47.43313548743055], [19.276323318749995, 47.433148075], [19.276296069322918, 47.43315697840278], [19.27628573333333, 47.43316035555556], [19.276297948593747, 47.433156364375], [19.276338352916667, 47.43314316277778], [19.27641258411458, 47.433118908680555], [19.27652628, 47.43308176], [19.27665939366319, 47.433036438923615], [19.276787309305558, 47.432989590555565], [19.276908811406244, 47.4329422571875], [19.277022684444447, 47.43289548111111], [19.2771277128993, 47.43285030461805], [19.277222681250002, 47.432807770000004], [19.277306373975698, 47.432768919548614], [19.277377575555555, 47.432734795555554], [19.277435070468748, 47.4327064403125], [19.277477643194448, 47.43268489611112], [19.277504078211805, 47.432671205243054], [19.27751316, 47.43266641], [19.27928455, 47.43157219], [19.27938886, 47.43164911], [19.27593473, 47.43378426], [19.27583257, 47.43370644], [19.27585127, 47.43369551], [19.27581215, 47.4335774], [19.27438552, 47.4337615], [19.2704507, 47.43434504], [19.270440858229165, 47.43434698255786], [19.270412361666672, 47.43435312962963], [19.2703667534375, 47.434363960312496], [19.27030557666667, 47.43437995370371], [19.270230374479166, 47.43440158890046], [19.270142690000004, 47.434429345], [19.270044066354167, 47.43446370109954], [19.269936046666665, 47.43450513629629], [19.269820174062502, 47.4345541296875], [19.269697991666668, 47.43461116037037], [19.269571042604166, 47.43467670744212], [19.26944087, 47.43475125], [19.269330566736105, 47.43481779999999], [19.26925855055556, 47.434861250000004], [19.269219351874998, 47.43488489999999], [19.26920750111111, 47.43489205], [19.269217528680553, 47.43488599999999], [19.269243965000005, 47.43487005], [19.269281340486113, 47.434847500000004], [19.269324185555554, 47.434821649999996], [19.269367030625002, 47.434795799999996], [19.269404406111114, 47.434773250000006], [19.269430842430555, 47.4347573], [19.26944087, 47.43475125], [19.27065586, 47.43399879]]]}}, {"type": "Feature", "properties": {"id": 11, "name": "taxi Z", "category": "taxiway", "surface_code": "2"}, "geometry": {"type": "Polygon", "coordinates": [[[19.26473685, 47.43765808], [19.26489703, 47.43777612], [19.264895748576386, 47.437775108802086], [19.264892370277785, 47.437772442916675], [19.2648875940625, 47.437768673906255], [19.264882118888895, 47.43776435333334], [19.264876643715276, 47.43776003276041], [19.2648718675, 47.43775626375001], [19.264868489201394, 47.43775359786459], [19.264867207777776, 47.43775258666667], [19.2648687221875, 47.437753781718754], [19.264873731388892, 47.43775773458334], [19.264882934340278, 47.43776499682292], [19.26489703, 47.43777612], [19.264915272239584, 47.437788497523144], [19.264936227083336, 47.437799206018525], [19.264959561718747, 47.437808321875], [19.26498494333333, 47.43781592148149], [19.265012039114573, 47.43782208122684], [19.26504051625, 47.4378268775], [19.265070041927082, 47.437830386689825], [19.265100283333332, 47.43783268518518], [19.26513090765625, 47.437833849375], [19.26516158208333, 47.43783395564815], [19.265191973802082, 47.43783308039352], [19.26522175, 47.4378313], [19.265246418454858, 47.4378294450868], [19.26526252430556, 47.437828234027776], [19.26527129078125, 47.43782757484375], [19.26527394111111, 47.43782737555556], [19.2652716985243, 47.437827544184024], [19.26526578625, 47.43782798875], [19.265257427517362, 47.437828617274306], [19.265247845555553, 47.43782933777777], [19.26523826359375, 47.43783005828125], [19.26522990486111, 47.437830686805555], [19.265223992586805, 47.437831131371524], [19.26522175, 47.4378313], [19.26596276, 47.43776533], [19.26908228, 47.43729985], [19.26909233582754, 47.43729824094907], [19.26912160328704, 47.437293307592604], [19.26916873234375, 47.437284890625], [19.269232372962964, 47.43727283074075], [19.26931117510995, 47.43725696863425], [19.26940378875, 47.437237145000005], [19.26950886384838, 47.43721320053241], [19.26962505037037, 47.43718497592593], [19.269750998281253, 47.437152311875], [19.2698853575463, 47.43711504907408], [19.270026778130788, 47.4370730282176], [19.27017391, 47.43702609], [19.270319579357633, 47.436975684687496], [19.270456956527777, 47.43692407833334], [19.270585207656254, 47.43687233531251], [19.27070349888889, 47.43682152000001], [19.270810996371527, 47.436772696770824], [19.27090686625, 47.43672693], [19.27099027467014, 47.436685284062506], [19.271060387777776, 47.436648823333336], [19.27111637171875, 47.436618612187495], [19.27115739263889, 47.436595715], [19.27118261668403, 47.43658119614583], [19.27119121, 47.43657612], [19.27296848, 47.43547994], [19.27307025, 47.43555562], [19.26954482, 47.437736], [19.26943673, 47.43766091], [19.26948693, 47.43762984], [19.26944068, 47.43750856], [19.26801228, 47.43769101], [19.26426401, 47.43825705], [19.264251002991895, 47.43825909587962], [19.264213856435187, 47.43826547953704], [19.264155382031248, 47.43827656999999], [19.264078391481483, 47.438292736296304], [19.263985696487264, 47.43831434745369], [19.26388010875, 47.438341772499996], [19.263764439971066, 47.438375380462965], [19.26364150185185, 47.43841554037036], [19.263514106093748, 47.43846262125], [19.26338506439815, 47.438516992129635], [19.263257188466433, 47.43857902203703], [19.26313329, 47.43864908], [19.263031639496525, 47.43871142440971], [19.262965272638894, 47.438752128611114], [19.26292914890625, 47.43877428406249], [19.26291822777778, 47.438780982222234], [19.262927468732634, 47.4387753145486], [19.26295183125, 47.4387603725], [19.26298627480903, 47.43873924753472], [19.263025758888887, 47.4387150311111], [19.26306524296875, 47.4386908146875], [19.26309968652778, 47.438669689722225], [19.26312404904514, 47.43865474767361], [19.26313329, 47.43864908], [19.26473685, 47.43765808]]]}}, {"type": "Feature", "properties": {"id": 12, "name": "RET J4", "category": "taxiway", "surface_code": "31"}, "geometry": {"type": "Polygon", "coordinates": [[[19.24105087, 47.43642205], [19.24105080526041, 47.43642097921874], [19.24105063458334, 47.43641815625001], [19.24105039328125, 47.43641416515625], [19.241050116666667, 47.436409590000004], [19.241049840052078, 47.43640501484374], [19.24104959875, 47.436401023749994], [19.24104942807292, 47.43639820078125], [19.24104936333333, 47.43639712999999], [19.24104943984375, 47.43639839546874], [19.24104969291667, 47.43640258125], [19.24105015786458, 47.436410271406245], [19.24105087, 47.43642205], [19.24105174049768, 47.436435575706014], [19.241052692314813, 47.43644819231482], [19.241053778437497, 47.436460011562495], [19.241055051851852, 47.43647114518519], [19.24105656554398, 47.436481704918975], [19.2410583725, 47.4364918025], [19.24106052570602, 47.43650154966436], [19.241063078148144, 47.43651105814815], [19.2410660828125, 47.4365204396875], [19.241069592685186, 47.43652980601853], [19.241073660752313, 47.43653926887732], [19.24107834, 47.43654894], [19.241083765324074, 47.43655900059606], [19.2410902025926, 47.43656946726853], [19.241097901250004, 47.43658020484375], [19.241107110740746, 47.43659107814816], [19.24111808050926, 47.43660195200809], [19.24113106, 47.43661269125], [19.241146298657412, 47.436623160700236], [19.241164045925927, 47.436633225185176], [19.24118455125, 47.43664274953125], [19.24120806407408, 47.43665159856482], [19.241234833842594, 47.436659637112264], [19.24126511, 47.43666673], [19.24131229236111, 47.43667163033564], [19.241386046388893, 47.43667349101852], [19.241481020000002, 47.4366727765625], [19.241591861111115, 47.43666995148149], [19.241713217638885, 47.43666548028935], [19.2418397375, 47.43665982750001], [19.241966068611113, 47.43665345762732], [19.24208685888889, 47.436646835185186], [19.242196756250003, 47.4366404246875], [19.24229040861111, 47.43663469064816], [19.242362463888888, 47.43663009758102], [19.24240757, 47.43662711], [19.24243265019097, 47.43662540423611], [19.242449024861113, 47.436624290555564], [19.24245793765625, 47.43662368437499], [19.242460632222222, 47.43662350111112], [19.24245835220486, 47.43662365618055], [19.24245234125, 47.436624065000004], [19.242443843003475, 47.43662464298612], [19.242434101111108, 47.43662530555556], [19.242424359218752, 47.436625968125], [19.242415860972223, 47.436626546111114], [19.24240985001736, 47.43662695493056], [19.24240757, 47.43662711], [19.242406671666668, 47.43662716862847], [19.242404303333338, 47.43662732319446], [19.242400955, 47.43662754171875], [19.24239711666667, 47.43662779222223], [19.242393278333335, 47.436628042725694], [19.24238993, 47.43662826125001], [19.242387561666668, 47.43662841581598], [19.242386663333335, 47.43662847444444], [19.242387725, 47.436628405156256], [19.24239123666667, 47.43662817597223], [19.242397688333334, 47.436627754913204], [19.24240757, 47.43662711], [19.242420841747684, 47.43662613717014], [19.242436764814816, 47.43662479069445], [19.2424547809375, 47.43662312609375], [19.242474331851856, 47.436621198888886], [19.242494859293977, 47.436619064600684], [19.242515805, 47.43661677874999], [19.24253661070602, 47.436614396857635], [19.242556718148148, 47.43661197444443], [19.242575569062502, 47.43660956703125], [19.242592605185187, 47.43660723013889], [19.242607268252314, 47.43660501928819], [19.242619, 47.43660299], [19.24262747, 47.43660137666666], [19.242633000000005, 47.43660032333334], [19.242636010000005, 47.436599750000006], [19.242636920000006, 47.436599576666666], [19.242636149999996, 47.43659972333332], [19.242634119999998, 47.43660011], [19.242631250000002, 47.43660065666667], [19.24262796, 47.436601283333324], [19.242624670000005, 47.43660191], [19.242621800000002, 47.43660245666667], [19.24261977, 47.436602843333326], [19.242619, 47.43660299], [19.24261793342014, 47.436603161302074], [19.242615121527784, 47.43660361291666], [19.242611146093754, 47.43660425140625], [19.242606588888894, 47.43660498333333], [19.242602031684026, 47.436605715260406], [19.24259805625, 47.436606353749994], [19.24259524435764, 47.43660680536458], [19.24259417777778, 47.43660697666666], [19.242595438281253, 47.436606774218745], [19.242599607638894, 47.43660610458333], [19.24260726762153, 47.43660487432291], [19.242619, 47.43660299], [19.2426470593287, 47.43659823225693], [19.242701267962964, 47.43658866222223], [19.242778559375004, 47.4365746071875], [19.242875867037043, 47.43655639444445], [19.242990124421294, 47.436534351284706], [19.243118265000003, 47.436508805], [19.243257222245372, 47.43648008288195], [19.24340392962963, 47.43644851222221], [19.243555320625003, 47.436414420312495], [19.243708328703704, 47.436378134444446], [19.243859887337965, 47.436339981909725], [19.24400693, 47.43630029], [19.244127730434023, 47.43626638269097], [19.24420660013889, 47.436244244861115], [19.244249529218752, 47.43623219515625], [19.244262507777783, 47.43622855222223], [19.244251525920134, 47.43623163470485], [19.24422257375, 47.43623976125], [19.24418164137153, 47.436251250503474], [19.244134718888887, 47.436264421111105], [19.24408779640625, 47.43627759171875], [19.24404686402778, 47.43628908097222], [19.24401791185764, 47.436297207517356], [19.24400693, 47.43630029], [19.243992488871527, 47.43630434338541], [19.243954416805558, 47.436315029583334], [19.24390059078125, 47.43633013765624], [19.243838887777784, 47.436347456666674], [19.243777184774302, 47.43636477567707], [19.243723358750003, 47.43637988375], [19.24368528668403, 47.43639056994792], [19.243670845555556, 47.43639462333333], [19.243687912343752, 47.43638983296874], [19.243744364027783, 47.43637398791667], [19.243848077586808, 47.43634487723958], [19.24400693, 47.43630029], [19.244193405624998, 47.43624575218171], [19.244374075833335, 47.43618876412038], [19.244547948125, 47.43613007640624], [19.24471403, 47.43607043962963], [19.24487132895833, 47.436010604380776], [19.2450188525, 47.43595132124999], [19.245155608125003, 47.435893340827555], [19.24528060333333, 47.4358374137037], [19.245392845625, 47.435784290468746], [19.245491342500003, 47.43573472171296], [19.245575101458336, 47.435689458026616], [19.24564313, 47.43564925], [19.245693405920136, 47.43561779840277], [19.245726230694448, 47.435597263888894], [19.24574409734375, 47.435586086875], [19.24574949888889, 47.435582707777776], [19.245744928350693, 47.43558556701388], [19.24573287875, 47.435593104999995], [19.24571584310764, 47.43560376215279], [19.245696314444444, 47.43561597888888], [19.24567678578125, 47.435628195625], [19.24565975013889, 47.435638852777785], [19.245647700538196, 47.43564639076388], [19.24564313, 47.43564925], [19.24564675255208, 47.43564681624999], [19.24565630291667, 47.435640400000004], [19.24566980515625, 47.43563132875], [19.245685283333337, 47.43562093], [19.245700761510417, 47.435610531249985], [19.24571426375, 47.435601459999994], [19.245723814114587, 47.435595043750006], [19.245727436666666, 47.43559260999999], [19.245723155468752, 47.435595486249994], [19.24570899458334, 47.435605], [19.245682978072917, 47.43562247874999], [19.24564313, 47.43564925], [19.245571652876155, 47.43569557479166], [19.245458191342596, 47.435767113333334], [19.24531193265625, 47.435858291875], [19.245142064074077, 47.43596353666668], [19.244957772853002, 47.43607727395832], [19.244768246249997, 47.43619393], [19.244582671521993, 47.436307931041675], [19.244410235925923, 47.43641370333333], [19.24426012671875, 47.436505673125], [19.24414153115741, 47.43657826666667], [19.244063636498844, 47.43662591020833], [19.24403563, 47.43664303], [19.24397918, 47.4366045], [19.243969401822916, 47.43660604560763], [19.243941615416666, 47.43661043902779], [19.243898142968753, 47.43661731515625], [19.243841306666667, 47.4366263088889], [19.243773428697914, 47.436637055121516], [19.24369683125, 47.436649188749996], [19.24361383651042, 47.43666234467014], [19.243526766666665, 47.43667615777777], [19.24343794390625, 47.436690262968746], [19.24334969041667, 47.436704295138895], [19.243264328385415, 47.436717889184024], [19.24318418, 47.43673068], [19.24310092243634, 47.436743716788186], [19.24300520365741, 47.4367582726389], [19.242897802031248, 47.436774318281245], [19.242779495925927, 47.43679182444445], [19.242651063709484, 47.43681076185763], [19.24251328375, 47.43683110125], [19.24236693441551, 47.4368528133507], [19.242212794074074, 47.43687586888888], [19.242051641093745, 47.43690023859374], [19.241884253842592, 47.43692589319444], [19.24171141068866, 47.436952803420134], [19.24153389, 47.43698094], [19.241353376255788, 47.43701202597221], [19.241171977546298, 47.437047330277785], [19.240991107656246, 47.4370861425], [19.24081218037037, 47.437127752222224], [19.240636609473377, 47.437171449027765], [19.24046580875, 47.4372165225], [19.240301191984955, 47.43726226222222], [19.24014417296296, 47.437307957777776], [19.23999616546875, 47.43735289874999], [19.239858583287038, 47.437396374722226], [19.239732840202542, 47.43743767527778], [19.23962035, 47.43747609], [19.23952239453125, 47.437510054670135], [19.239438254583334, 47.43753889402778], [19.239366342343754, 47.43756323109375], [19.23930507, 47.437583688888886], [19.23925284973958, 47.43760089043401], [19.23920809375, 47.43761545875], [19.23916921421875, 47.43762801685764], [19.23913462333333, 47.437639187777776], [19.23910273328125, 47.437649594531244], [19.23907195625, 47.43765986013889], [19.239040704427083, 47.43767060762153], [19.23900739, 47.43768246], [19.238978085312503, 47.43769305800346], [19.238958952500003, 47.43769997736111], [19.2389485384375, 47.437703743593744], [19.238945390000005, 47.43770488222222], [19.238948054062497, 47.43770391876735], [19.238955077500005, 47.437701378750006], [19.238965007187502, 47.43769778769098], [19.238976389999998, 47.437693671111106], [19.2389877728125, 47.43768955453125], [19.2389977025, 47.43768596347222], [19.2390047259375, 47.43768342345486], [19.23900739, 47.43768246], [19.24105087, 47.43642205]]]}}, {"type": "Feature", "properties": {"id": 13, "name": "RET closed", "category": "taxiway", "surface_code": "31"}, "geometry": {"type": "Polygon", "coordinates": [[[19.23847311, 47.4374694], [19.238469272413194, 47.437472156111106], [19.238459155138894, 47.437479422222225], [19.238444851406253, 47.437489695], [19.238428454444445, 47.43750147111111], [19.238412057482634, 47.437513247222206], [19.23839775375, 47.43752351999999], [19.238387636475696, 47.43753078611111], [19.23838379888889, 47.43753354222222], [19.23838833421875, 47.437530284999994], [19.23840333569445, 47.437519511111105], [19.23843089654514, 47.437499717222224], [19.23847311, 47.4374694], [19.238522858778936, 47.43743255316551], [19.238571456064818, 47.43739450449075], [19.238618640781254, 47.437355751718755], [19.238664151851854, 47.4373167925926], [19.23870772820023, 47.43727812485532], [19.238749108750003, 47.43724024625], [19.23878803242477, 47.43720365451968], [19.238824238148148, 47.437168847407406], [19.238857464843754, 47.43713632265625], [19.23888745143519, 47.437106578009264], [19.238913936846068, 47.43708011120949], [19.23893666, 47.43705742], [19.238961230648147, 47.437033679780086], [19.238992989351853, 47.43700359407408], [19.23903127125, 47.4369669528125], [19.239075411481487, 47.43692354592593], [19.23912474518518, 47.4368731633449], [19.239178607499998, 47.436815595], [19.23923633356482, 47.43675063082176], [19.23929725851852, 47.43667806074074], [19.2393607175, 47.4365976746875], [19.239426045648152, 47.436509262592594], [19.239492578101853, 47.43641261438657], [19.23955965, 47.43630752], [19.239625600729166, 47.43619814114004], [19.239688830000002, 47.4360898499537], [19.2397487634375, 47.43598425203125], [19.239804826666667, 47.43588295296297], [19.239856445312498, 47.43578755833911], [19.239903045, 47.43569967375], [19.23994405135417, 47.435620904785885], [19.23997889, 47.43555285703704], [19.2400069865625, 47.43549713609375], [19.24002776666667, 47.435455347546295], [19.2400406559375, 47.43542909698495], [19.24004508, 47.43541999], [19.24071628, 47.43396601], [19.24102392, 47.43403357], [19.24047657, 47.43519027], [19.240474158460646, 47.43519954214119], [19.240467487685187, 47.43522538379631], [19.240457403437496, 47.43526483281249], [19.240444751481483, 47.43531492703704], [19.240430377581013, 47.43537270431712], [19.2404151275, 47.4354352025], [19.240399847002315, 47.43549945943287], [19.24038538185185, 47.43556251296296], [19.2403725778125, 47.43562140093749], [19.24036228064815, 47.43567316120371], [19.240355336122686, 47.43571483160879], [19.24035259, 47.43574345], [19.240352641273148, 47.43576371091435], [19.24035356351852, 47.43578238231482], [19.240355414375, 47.435799612187495], [19.240358251481485, 47.43581554851852], [19.240362132476847, 47.43583033929397], [19.240367114999998, 47.435844132499994], [19.240373256689814, 47.43585707612268], [19.24038061518518, 47.43586931814814], [19.240389248125, 47.4358810065625], [19.240399213148144, 47.435892289351855], [19.240410567893516, 47.43590331450231], [19.24042337, 47.43591423], [19.240437332777777, 47.43592462927661], [19.240452114722224, 47.43593404504631], [19.24046769125, 47.43594253421875], [19.24048403777778, 47.435950153703715], [19.24050112972222, 47.43595696041087], [19.2405189425, 47.43596301125], [19.24053745152778, 47.4359683631308], [19.24055663222222, 47.435973072962966], [19.24057646, 47.43597719765625], [19.24059691027778, 47.43598079412038], [19.24061795847222, 47.43598391926505], [19.24063958, 47.43598663], [19.240661097783562, 47.435988838506944], [19.24068191643519, 47.43599045222223], [19.24070213390625, 47.435991520937506], [19.24072184814815, 47.43599209444445], [19.24074115711226, 47.435992222534715], [19.24076015875, 47.435991955], [19.240778951012732, 47.43599134163195], [19.24079763185185, 47.43599043222222], [19.24081629921875, 47.4359892765625], [19.240835051064817, 47.435987924444454], [19.240853985341435, 47.43598642565972], [19.2408732, 47.43598483], [19.240889490885415, 47.43598346244791], [19.240900127083332, 47.43598256958334], [19.24090591640625, 47.43598208359375], [19.24090766666667, 47.43598193666667], [19.240906185677076, 47.43598206098957], [19.24090228125, 47.43598238875], [19.240896761197916, 47.435982852135425], [19.24089043333333, 47.43598338333333], [19.240884105468748, 47.43598391453125], [19.240878585416667, 47.435984377916675], [19.240874680989585, 47.435984705677086], [19.2408732, 47.43598483], [19.23847311, 47.4374694]]]}}, {"type": "Feature", "properties": {"id": 14, "name": "taxi C", "category": "taxiway", "surface_code": "31"}, "geometry": {"type": "Polygon", "coordinates": [[[19.22408117, 47.44435023], [19.224077651336806, 47.44435497336804], [19.224075354027782, 47.44435807027779], [19.224074103593754, 47.4443597559375], [19.22407372555556, 47.44436026555556], [19.224074045434023, 47.44435983434026], [19.22407488875, 47.4443586975], [19.224076081024307, 47.44435709024306], [19.22407744777778, 47.44435524777777], [19.224078814531254, 47.4443534053125], [19.224080006805558, 47.444351798055564], [19.22408085012153, 47.444350661215275], [19.22408117, 47.44435023], [19.224081692118055, 47.44434952626735], [19.224083068611115, 47.444347670972235], [19.224085014687503, 47.444345047968746], [19.22408724555556, 47.44434204111111], [19.224089476423607, 47.44433903425346], [19.224091422500003, 47.44433641125], [19.22409279899306, 47.44433455595487], [19.224093321111113, 47.444333852222215], [19.224092704062503, 47.44433468390625], [19.22409066305556, 47.44433743486111], [19.224086913298613, 47.44434248894097], [19.22408117, 47.44435023], [19.224073236510414, 47.44436293586804], [19.224063507083336, 47.44438193444445], [19.22405258328125, 47.4444061846875], [19.22404106666667, 47.44443464555557], [19.22402955880208, 47.444466276006935], [19.22401866125, 47.444500035000004], [19.224008975572918, 47.444534881493055], [19.224001103333332, 47.444569774444446], [19.223995646093748, 47.444603672812505], [19.22399320541667, 47.44463553555556], [19.223994382864582, 47.44466432163195], [19.22399978, 47.44468899], [19.224009125190967, 47.4447099690567], [19.224021284861113, 47.44472846495371], [19.224035567656248, 47.444744603281265], [19.22405128222222, 47.44475850962964], [19.224067737204855, 47.44477030958911], [19.22408424125, 47.44478012875], [19.224100103003472, 47.44478809270255], [19.224114631111107, 47.44479432703704], [19.224127134218747, 47.44479895734375], [19.22413692097222, 47.444802109212965], [19.22414330001736, 47.44480390823496], [19.22414558, 47.44480448], [19.22459305, 47.44494253], [19.22466065, 47.44495699], [19.22553068, 47.44509424], [19.22553389925347, 47.44509472480903], [19.22554319902778, 47.44509608847222], [19.22555804234375, 47.44509819484376], [19.225577892222223, 47.44510090777778], [19.225602211684027, 47.44510409112846], [19.225630463749997, 47.44510760875], [19.225662111440975, 47.44511132449654], [19.225696617777775, 47.44511510222222], [19.225733445781252, 47.44511880578125], [19.225772058472224, 47.44512229902778], [19.22581191887153, 47.44512544581597], [19.22585249, 47.44512811], [19.225891640920135, 47.44512983701967], [19.225927574861117, 47.445130392824076], [19.22596025609375, 47.445129972031246], [19.22598964888889, 47.44512876925926], [19.22601571751736, 47.445126979126144], [19.22603842625, 47.44512479625], [19.22605773935764, 47.445122415248846], [19.226073621111112, 47.44512003074074], [19.22608603578125, 47.445117837343744], [19.22609494763889, 47.44511602967593], [19.226100320954863, 47.44511480235532], [19.22610212, 47.44511435], [19.22565644, 47.44539183], [19.22548534, 47.44535837], [19.22367725, 47.44499961], [19.22379031, 47.44476979], [19.22377086, 47.44476614], [19.22377728551504, 47.44475752537036], [19.22379500912037, 47.4447337637963], [19.22382170140625, 47.44469797875], [19.223855032962966, 47.44465329370371], [19.22389267438078, 47.44460283212962], [19.223932296250002, 47.4445497175], [19.22397156916088, 47.44449707328704], [19.224008163703704, 47.44444802296296], [19.22403975046875, 47.444405689999996], [19.224064000046297, 47.44437319787038], [19.22407858302662, 47.44435367004629], [19.22408117, 47.44435023]]]}}, {"type": "Feature", "properties": {"id": 15, "name": "taxi D", "category": "taxiway", "surface_code": "31"}, "geometry": {"type": "Polygon", "coordinates": [[[19.21993542, 47.44809169], [19.219921607934026, 47.448081419704856], [19.21991259013889, 47.44807471430556], [19.21990768171875, 47.44807106453125], [19.219906197777778, 47.448069961111116], [19.21990745342013, 47.4480708947743], [19.21991076375, 47.44807335625], [19.21991544387153, 47.44807683626736], [19.219920808888887, 47.44808082555555], [19.21992617390625, 47.44808481484375], [19.21993085402778, 47.448088294861115], [19.21993416435764, 47.4480907563368], [19.21993542, 47.44809169], [19.2199374941493, 47.44809337666666], [19.219942962361113, 47.448097823333335], [19.21995069328125, 47.44810411], [19.219959555555555, 47.44811131666666], [19.219968417829854, 47.44811852333332], [19.21997614875, 47.44812481], [19.219981616961803, 47.44812925666666], [19.219983691111107, 47.448130943333325], [19.219981239843747, 47.44812895], [19.219973131805556, 47.448122356666666], [19.21995823564236, 47.44811024333333], [19.21993542, 47.44809169], [19.2199081726331, 47.44806899402777], [19.21988087189815, 47.44804486805556], [19.21985372234375, 47.448019015], [19.21982692851852, 47.44799113777778], [19.219800694971063, 47.44796093930554], [19.21977522625, 47.4479281225], [19.21975072690394, 47.44789239027779], [19.219727401481478, 47.44785344555555], [19.21970545453125, 47.44781099125], [19.219685090601853, 47.44776473027778], [19.219666514241897, 47.447714365555555], [19.21964993, 47.4476596], [19.219636888888886, 47.44761164954861], [19.219628374444447, 47.44758034305556], [19.219623740000003, 47.447563302812505], [19.21962233888889, 47.44755815111111], [19.21962352444444, 47.44756251024304], [19.219626650000002, 47.4475740025], [19.21963106888889, 47.44759025017362], [19.219636134444443, 47.44760887555555], [19.2196412, 47.4476275009375], [19.21964561888889, 47.447643748611114], [19.21964874444444, 47.44765524086806], [19.21964993, 47.4476596], [19.21997745, 47.44762428], [19.219976678090276, 47.447621706076376], [19.219974643055554, 47.447614920277786], [19.2199717659375, 47.4476053265625], [19.21996846777778, 47.44759432888889], [19.21996516961805, 47.447583331215256], [19.219962292499996, 47.4475737375], [19.219960257465274, 47.4475669517014], [19.219959485555552, 47.44756437777777], [19.2199603978125, 47.4475674196875], [19.219963415277775, 47.44757748138889], [19.219968958993054, 47.447595966840275], [19.21997745, 47.44762428], [19.219988639068283, 47.447657169849535], [19.2200017475463, 47.44768840046297], [19.220016402343752, 47.4477178984375], [19.22003223037037, 47.447745590370374], [19.220048858535876, 47.447771402858784], [19.22006591375, 47.44779526249999], [19.220083022922456, 47.447817095891196], [19.220099812962964, 47.44783682962962], [19.220115910781253, 47.44785439031249], [19.22013094328704, 47.447869704537034], [19.22014453739005, 47.44788269890046], [19.22015632, 47.4478933], [19.220165355086806, 47.44790118180555], [19.22017125402778, 47.44790632777779], [19.22017446484375, 47.44790912875], [19.220175435555557, 47.44790997555556], [19.220174614184025, 47.44790925902777], [19.22017244875, 47.447907369999996], [19.220169387274307, 47.44790469930555], [19.220165877777777, 47.447901637777775], [19.22016236828125, 47.44789857625], [19.220159306805556, 47.447895905555555], [19.22015714137153, 47.44789401652777], [19.22015632, 47.4478933], [19.2201545771875, 47.44789177967013], [19.220149982500004, 47.44788777152778], [19.2201434865625, 47.44788210484375], [19.22013604, 47.44787560888889], [19.220128593437497, 47.447869112934015], [19.220122097500003, 47.44786344624999], [19.220117502812503, 47.44785943810764], [19.220115760000002, 47.44785791777777], [19.220117819687502, 47.44785971453125], [19.220124632500003, 47.447865657638886], [19.220137149062502, 47.44787657637152], [19.22015632, 47.4478933], [19.220182200185185, 47.44791462253471], [19.220213831481484, 47.44793830361111], [19.220250645, 47.4479636209375], [19.220292071851855, 47.44798985222223], [19.22033754314814, 47.4480162751736], [19.22038649, 47.448042167500006], [19.22043834351852, 47.44806680690972], [19.220492534814813, 47.44808947111111], [19.220548495000003, 47.448109437812505], [19.22060565518519, 47.44812598472223], [19.220663446481485, 47.44813838954861], [19.2207213, 47.44814593], [19.22076977982639, 47.448150020052076], [19.220801431944444, 47.44815269041667], [19.2208186603125, 47.44815414390625], [19.22082386888889, 47.44815458333334], [19.22081946163194, 47.448154211510406], [19.2208078425, 47.448153231250004], [19.22079141545139, 47.44815184536459], [19.220772584444443, 47.448150256666665], [19.220753753437503, 47.44814866796875], [19.220737326388893, 47.44814728208334], [19.220725707256946, 47.448146301822916], [19.2207213, 47.44814593], [19.220719474305554, 47.448145771875], [19.220714661111113, 47.448145355], [19.22070785625, 47.448144765625], [19.220700055555557, 47.44814409000001], [19.220692254861106, 47.448143414375], [19.22068545, 47.448142825000005], [19.220680636805557, 47.44814240812501], [19.220678811111114, 47.448142250000004], [19.220680968750003, 47.448142436875], [19.22068810555556, 47.44814305500001], [19.220701217361114, 47.448144190625], [19.2207213, 47.44814593], [19.22074463685185, 47.44814790160879], [19.220766915648152, 47.44814967620371], [19.220788238750004, 47.4481512534375], [19.22080870851852, 47.448152632962966], [19.22082842731481, 47.44815381443286], [19.2208474975, 47.448154797499996], [19.22086602143519, 47.448155581817126], [19.22088410148148, 47.448156167037034], [19.220901840000003, 47.44815655281249], [19.220919339351855, 47.4481567387963], [19.22093670189815, 47.448156724641194], [19.22095403, 47.44815651], [19.22097310587963, 47.44815621737267], [19.220995066203706, 47.44815596731481], [19.221019045, 47.4481557565625], [19.2210441762963, 47.44815558185186], [19.221069594120365, 47.44815543991896], [19.221094432500003, 47.4481553275], [19.221117825462965, 47.44815524133103], [19.221138907037037, 47.44815517814814], [19.22115681125, 47.4481551346875], [19.22117067212963, 47.44815510768519], [19.221179623703705, 47.44815509387732], [19.2211828, 47.44815509], [19.22054475, 47.44854843], [19.22044566, 47.44847335], [19.220436876197912, 47.448466774149296], [19.22041243041667, 47.448448474027785], [19.220375181093747, 47.448420590781254], [19.220327986666668, 47.44838526555556], [19.22027370557291, 47.44834463949652], [19.220215196249995, 47.44830085375], [19.220155317135415, 47.448256049461804], [19.220096926666663, 47.44821236777777], [19.220042883281245, 47.44817194984375], [19.219996045416668, 47.448136936805554], [19.219959271510415, 47.448109469809026], [19.21993542, 47.44809169]]]}}, {"type": "Feature", "properties": {"id": 16, "name": "taxi D", "category": "taxiway", "surface_code": "31"}, "geometry": {"type": "Polygon", "coordinates": [[[19.21964993, 47.4476596], [19.219650112187498, 47.44766070420139], [19.219650592500003, 47.44766361527778], [19.2196512715625, 47.4476677309375], [19.21965205, 47.447672448888895], [19.219652828437496, 47.44767716684027], [19.2196535075, 47.44768128250001], [19.219653987812503, 47.44768419357639], [19.21965417, 47.44768529777778], [19.2196539546875, 47.4476839928125], [19.2196532425, 47.447679676388894], [19.219651934062497, 47.44767174621528], [19.21964993, 47.4476596], [19.219647702505785, 47.447645787690966], [19.21964577587963, 47.44763314402778], [19.219644128906253, 47.44762149390624], [19.21964274037037, 47.447610662222225], [19.21964158905671, 47.44760047387152], [19.21964065375, 47.44759075375], [19.219639913234957, 47.44758132675348], [19.219639346296294, 47.44757201777777], [19.21963893171875, 47.44756265171875], [19.219638648287038, 47.44755305347223], [19.21963847478588, 47.44754304793402], [19.21963839, 47.44753246], [19.219638350086804, 47.44752326946179], [19.219638324027777, 47.447517269027784], [19.21963830984375, 47.447514002968745], [19.219638305555556, 47.44751301555556], [19.219638309184024, 47.447513851059014], [19.21963831875, 47.44751605375], [19.219638332274307, 47.447519167899316], [19.219638347777778, 47.447522737777774], [19.21963836328125, 47.44752630765625], [19.219638376805555, 47.44752942180556], [19.21963838637153, 47.44753162449652], [19.21963839, 47.44753246], [19.219638436597222, 47.44753804689235], [19.219638559444444, 47.447552775972234], [19.219638733125, 47.44757359984374], [19.219638932222225, 47.44759747111111], [19.21963913131944, 47.44762134237847], [19.219639305, 47.44764216625], [19.219639427847223, 47.447656895329864], [19.219639474444442, 47.44766248222221], [19.219639419375, 47.44765587953125], [19.219639237222225, 47.447634039861114], [19.219638902569443, 47.44759391581597], [19.21963839, 47.44753246], [19.21964181578704, 47.44746084148148], [19.219652637129634, 47.44739239435185], [19.219669839999998, 47.44732731875], [19.21969241037037, 47.44726581481482], [19.219719334212957, 47.44720808268517], [19.219749597499998, 47.44715432249999], [19.219782186203705, 47.44710473439815], [19.21981608629629, 47.447059518518515], [19.21985028375, 47.447018875], [19.219883764537038, 47.44698300398149], [19.219915514629626, 47.44695210560185], [19.21994452, 47.44692638], [19.21996745538194, 47.44690699269098], [19.219982429722226, 47.44689433486112], [19.219990580312498, 47.44688744515626], [19.219993044444447, 47.446885362222226], [19.219990959409717, 47.44688712470485], [19.2199854625, 47.44689177125], [19.219977691006946, 47.44689834050348], [19.219968782222217, 47.44690587111111], [19.2199598734375, 47.446913401718746], [19.219952101944443, 47.44691997097223], [19.21994660503472, 47.44692461751737], [19.21994452, 47.44692638], [19.22185799, 47.44521077], [19.22212611, 47.44535644], [19.22029392, 47.44699658], [19.22029859270833, 47.44699243342013], [19.22031091166667, 47.44698150152778], [19.220328328125, 47.44696604609375], [19.220348293333338, 47.44694832888888], [19.22036825854166, 47.44693061168401], [19.220385675, 47.44691515625], [19.220397993958333, 47.44690422435764], [19.220402666666665, 47.44690007777776], [19.220397144375, 47.446904978281246], [19.220378878333335, 47.44692118763889], [19.220345319791665, 47.44695096762152], [19.22029392, 47.44699658], [19.220235427499997, 47.447051656030084], [19.220182370833335, 47.44710797074074], [19.22013487125, 47.447165001562496], [19.220093050000003, 47.447222225925934], [19.22005702833333, 47.44727912126156], [19.220026927499998, 47.447335165], [19.22000286875, 47.44738983457176], [19.21998497333333, 47.4474426074074], [19.2199733625, 47.447492960937495], [19.2199681575, 47.4475403725926], [19.21996947958333, 47.44758431980324], [19.21997745, 47.44762428], [19.219986974548608, 47.447656036197905], [19.219993193055554, 47.44767676958333], [19.2199965778125, 47.44768805484375], [19.219997601111114, 47.44769146666667], [19.219996735243054, 47.44768857973957], [19.219994452499996, 47.44768096875], [19.219991225173615, 47.44767020838542], [19.219987525555553, 47.44765787333333], [19.2199838259375, 47.44764553828125], [19.21998059861111, 47.447634777916676], [19.219978315868055, 47.447627166927084], [19.21997745, 47.44762428], [19.21964993, 47.4476596]]]}}, {"type": "Feature", "properties": {"id": 17, "name": "compass check zone", "category": "apron", "surface_code": "2"}, "geometry": {"type": "Polygon", "coordinates": [[[19.2442227, 47.43979784], [19.244191278599537, 47.439790830787025], [19.244160090462966, 47.43978150462963], [19.244129572187504, 47.43976996875], [19.244100160370376, 47.43975633037037], [19.24407229160879, 47.43974069671295], [19.2440464025, 47.439723175000005], [19.244022929641204, 47.439703872453705], [19.24400230962963, 47.43968289629629], [19.243984979062496, 47.43966035375], [19.243971374537036, 47.43963635203704], [19.24396193265046, 47.439610998379635], [19.24395709, 47.4395844], [19.243955051626155, 47.43955690762731], [19.243953670509264, 47.43952913935186], [19.243952855156248, 47.4395016034375], [19.243952514074074, 47.439474808148155], [19.243952555769674, 47.439449261747676], [19.24395288875, 47.4394254725], [19.243953421521994, 47.439403948668975], [19.243954062592593, 47.439385198518515], [19.24395472046875, 47.43936973031249], [19.24395530365741, 47.439358052314816], [19.24395572066551, 47.439350672789345], [19.24395588, 47.4393481], [19.2430712, 47.43869571], [19.24242681, 47.43832908], [19.24242810440972, 47.43832984618055], [19.242431516944446, 47.43833186611113], [19.242436341562502, 47.43833472187501], [19.242441872222226, 47.438337995555564], [19.24244740288194, 47.438341269236105], [19.242452227500003, 47.438344125], [19.242455640034727, 47.43834614493056], [19.242456934444444, 47.43834691111111], [19.242455404687504, 47.43834600562501], [19.242450344722226, 47.43834301055556], [19.242441048506947, 47.43833750798611], [19.24242681, 47.43832908], [19.242405423234953, 47.438319030231476], [19.242376066712968, 47.438309193518535], [19.24234011109375, 47.43829994875001], [19.24229892703704, 47.43829167481483], [19.24225388520254, 47.438284750601845], [19.242206356249998, 47.438279555], [19.242157710839123, 47.43827646689815], [19.242109319629627, 47.43827586518519], [19.24206255328125, 47.43827812875], [19.242018782453705, 47.438283636481486], [19.24197937780671, 47.43829276726852], [19.24194571, 47.4383059], [19.24190884157986, 47.4383244528588], [19.241860754305556, 47.43834866703705], [19.24180419765625, 47.438377155937495], [19.24174192111111, 47.43840853296297], [19.241676674149303, 47.4384414115162], [19.241611206250003, 47.438474405], [19.241548266892362, 47.43850612681714], [19.241490605555555, 47.43853519037037], [19.241440971718752, 47.438560209062494], [19.241402114861113, 47.438579796296295], [19.241376784461806, 47.438592565474536], [19.24136773, 47.43859713], [19.24318107, 47.43748308], [19.24317531609953, 47.43748740320023], [19.2431591087963, 47.437499593935186], [19.2431340296875, 47.437518483906246], [19.243101660370375, 47.43754290481482], [19.243063582442126, 47.437571688362254], [19.2430213775, 47.43760366625], [19.242976627141203, 47.4376376701794], [19.24293091296296, 47.437672531851845], [19.2428858165625, 47.43770708296874], [19.24284291953704, 47.43774015523148], [19.242803803483795, 47.437770580341436], [19.24277005, 47.43779719], [19.242743080480324, 47.437823078726844], [19.242722848842597, 47.43785163148148], [19.242708735468753, 47.437882115625], [19.242700120740743, 47.43791379851852], [19.242696385040507, 47.43794594752313], [19.24269690875, 47.43797783], [19.242701072251158, 47.43800871331019], [19.242708255925926, 47.43803786481482], [19.24271784015625, 47.438064551875], [19.242729205324075, 47.438088041851856], [19.242741731811343, 47.43810760210648], [19.2427548, 47.4381225], [19.242765834947914, 47.43813285432291], [19.242773039583334, 47.438139614583335], [19.242776961093753, 47.43814329421875], [19.242778146666673, 47.438144406666666], [19.24277714348958, 47.43814346536457], [19.242774498750002, 47.438140983749996], [19.24277075963542, 47.43813747526041], [19.242766473333333, 47.43813345333332], [19.242762187031246, 47.43812943140625], [19.242758447916668, 47.43812592291667], [19.242755803177083, 47.43812344130208], [19.2427548, 47.4381225], [19.24322791, 47.43859642], [19.24412669, 47.43925612], [19.244129767725692, 47.43925636795717], [19.244138700972226, 47.439257090324084], [19.24415303984375, 47.43925825484376], [19.24417233444445, 47.43925982925927], [19.24419613487847, 47.439261781313654], [19.244223991250003, 47.43926407875001], [19.244255453663197, 47.439266689311346], [19.24429007222222, 47.43926958074074], [19.24432739703125, 47.43927272078125], [19.244366978194446, 47.43927607717593], [19.24440836581597, 47.43927961766782], [19.24445111, 47.43928331], [19.244492690358793, 47.439288873593746], [19.244530923703707, 47.439297782916675], [19.2445658659375, 47.43930963828125], [19.244597572962967, 47.43932404000001], [19.24462610068287, 47.439340588385406], [19.244651505, 47.43935888375], [19.244673841817132, 47.43937852640625], [19.244693167037035, 47.439399116666664], [19.2447095365625, 47.43942025484375], [19.244723006296297, 47.439441541250005], [19.244733632141205, 47.43946257619792], [19.24474147, 47.43948296], [19.244746818339117, 47.43950345148726], [19.244749818379635, 47.43952494106482], [19.244750290156247, 47.43954722640625], [19.244748053703706, 47.4395701051852], [19.24474292905671, 47.439593375075226], [19.24473473625, 47.43961683375], [19.244723295318288, 47.439640278883104], [19.244708426296295, 47.43966350814814], [19.244689949218753, 47.43968631921875], [19.244667684120373, 47.43970850976852], [19.244641451035882, 47.439729877471066], [19.24461107, 47.43975022], [19.244578504866897, 47.43976820715856], [19.24454586226852, 47.439782810601855], [19.244513176406247, 47.43979428078125], [19.24448048148149, 47.43980286814815], [19.2444478116956, 47.439808823153925], [19.244415201250003, 47.43981239625], [19.244382684346068, 47.43981383788773], [19.24435029518519, 47.43981339851851], [19.244318067968752, 47.43981132859375], [19.244286036898153, 47.439807878564814], [19.244254236174772, 47.43980329888309], [19.2442227, 47.43979784]]]}}, {"type": "Feature", "properties": {"id": 18, "name": "taxi A1 B1", "category": "taxiway", "surface_code": "34"}, "geometry": {"type": "Polygon", "coordinates": [[[19.23101416, 47.43488385], [19.231016270584487, 47.43488194412615], [19.231022075509262, 47.43487664550927], [19.23103078453125, 47.43486858265624], [19.231041607407413, 47.434858384074076], [19.23105375389467, 47.434846678269665], [19.231066433749998, 47.43483409375], [19.231078856730328, 47.434821259021994], [19.231090232592592, 47.434808802592585], [19.231099771093753, 47.43479735296875], [19.23110668199074, 47.43478753865742], [19.231110175040506, 47.43477998816551], [19.23110946, 47.43477533], [19.231106869843746, 47.43477280706597], [19.23110517875, 47.43477115986112], [19.23110425828125, 47.43477026328125], [19.23110398, 47.43476999222223], [19.231104215468743, 47.43477022157985], [19.23110483625, 47.43477082625], [19.231105713906253, 47.434771681128474], [19.23110672, 47.43477266111111], [19.23110772609375, 47.43477364109375], [19.231108603750002, 47.434774495972235], [19.23110922453125, 47.43477510064236], [19.23110946, 47.43477533], [19.23183846, 47.4345469], [19.231841370607636, 47.43454551583333], [19.23184904402778, 47.43454186666668], [19.23185989265625, 47.4345367075], [19.23187232888889, 47.43453079333334], [19.23188476512152, 47.43452487916666], [19.231895613749998, 47.43451972], [19.231903287170137, 47.43451607083334], [19.231906197777775, 47.43451468666666], [19.231902757968747, 47.4345163225], [19.23189138013889, 47.43452173333334], [19.231870476684026, 47.434531674166664], [19.23183846, 47.4345469], [19.231800343582172, 47.434566485625], [19.23176257615741, 47.43458848000001], [19.231725722968747, 47.434612099375], [19.231690349259257, 47.43463656000001], [19.23165702027199, 47.434661078124996], [19.231626301249996, 47.43468487], [19.231598757436345, 47.434707151875], [19.231574954074073, 47.43472714], [19.231555456406248, 47.434744050625], [19.23154082967593, 47.434757100000006], [19.231531639126153, 47.434765504375], [19.23152845, 47.43476848], [19.23010118, 47.43605841], [19.22983657, 47.43635242], [19.2295468, 47.43620402], [19.23101416, 47.43488385]]]}}, {"type": "Feature", "properties": {"id": 19, "name": "taxi A1 B1", "category": "taxiway", "surface_code": "37"}, "geometry": {"type": "Polygon", "coordinates": [[[19.22983657, 47.43635242], [19.22979114, 47.43641842], [19.22948391, 47.43626061], [19.2295468, 47.43620402], [19.22983657, 47.43635242]]]}}, {"type": "Feature", "properties": {"id": 20, "name": "taxi A1 B1", "category": "taxiway", "surface_code": "2"}, "geometry": {"type": "Polygon", "coordinates": [[[19.22979114, 47.43641842], [19.22982029, 47.43643195], [19.22896038, 47.4370797], [19.22742264, 47.43846025], [19.22717342, 47.43833531], [19.22843455, 47.4372044], [19.22771887, 47.43683179], [19.22794781, 47.43662371], [19.22826813, 47.4367857], [19.22827018122685, 47.43678669695601], [19.228276371481485, 47.436789476481486], [19.228286755625003, 47.4367937215625], [19.22830138851852, 47.43679911518519], [19.228320325023148, 47.436805340335646], [19.22834362, 47.43681208], [19.22837132831019, 47.43681901716437], [19.228403504814818, 47.43682583481482], [19.228440204375, 47.4368322159375], [19.228481481851855, 47.43683784351853], [19.228527392106482, 47.43684240054398], [19.22857799, 47.43684557], [19.228629263761572, 47.436845995254615], [19.228677042592597, 47.436842965370374], [19.228721142812496, 47.43683713187501], [19.228761380740742, 47.436829146296304], [19.228797572696756, 47.43681966016202], [19.228829535000003, 47.436809325], [19.22885708396991, 47.43679879233797], [19.228880035925926, 47.4367887137037], [19.228898207187502, 47.436779740625006], [19.228911414074076, 47.43677252462963], [19.22891947290509, 47.436767717245374], [19.2289222, 47.43676597], [19.22948391, 47.43626061], [19.22979114, 47.43641842]]]}}, {"type": "Feature", "properties": {"id": 21, "name": "taxi A1 B1", "category": "taxiway", "surface_code": "34"}, "geometry": {"type": "Polygon", "coordinates": [[[19.22742264, 47.43846025], [19.2267344, 47.43907814], [19.22648424, 47.43895333], [19.22717342, 47.43833531], [19.22742264, 47.43846025]]]}}, {"type": "Feature", "properties": {"id": 22, "name": "taxi A1 B1", "category": "taxiway", "surface_code": "34"}, "geometry": {"type": "Polygon", "coordinates": [[[19.23110946, 47.43477533], [19.231109695468746, 47.43477555935764], [19.231110316250003, 47.434776164027795], [19.23111119390625, 47.434777018906246], [19.231112200000002, 47.43477799888889], [19.231113206093745, 47.43477897887152], [19.231114083749997, 47.43477983375], [19.23111470453125, 47.43478043842015], [19.231114939999998, 47.43478066777777], [19.23111466171875, 47.43478039671875], [19.23111374125, 47.434779500138895], [19.23111205015625, 47.43477785293403], [19.23110946, 47.43477533], [19.23110365971643, 47.43477343394097], [19.231093093564816, 47.43477351986112], [19.231078766093752, 47.43477524140625], [19.231061681851852, 47.43477825222224], [19.23104284538773, 47.43478220595485], [19.23102326125, 47.434786756250006], [19.23100393398727, 47.434791556753474], [19.230985868148146, 47.43479626111111], [19.230970068281252, 47.43480052296875], [19.230957538935186, 47.43480399597223], [19.230949284658564, 47.434806333767355], [19.23094631, 47.43480719], [19.23092292, 47.43463705], [19.2355098, 47.43311192], [19.23550504345486, 47.433113539635414], [19.23549250347222, 47.43311780958334], [19.235474774531248, 47.433123846406254], [19.23545445111111, 47.43313076666668], [19.23543412769097, 47.433137686927076], [19.235416398749997, 47.43314372375], [19.235403858767363, 47.43314799369792], [19.235399102222217, 47.43314961333333], [19.235404723593746, 47.43314769921875], [19.23542331736111, 47.433141367916676], [19.23545747800347, 47.43312973598958], [19.2355098, 47.43311192], [19.235569316840273, 47.43308798662036], [19.23562318222222, 47.4330591637963], [19.2356711709375, 47.43302631], [19.23571305777778, 47.4329902837037], [19.235748617534718, 47.43295194337962], [19.235777625000004, 47.4329121475], [19.235799854965283, 47.43287175453705], [19.235815082222224, 47.43283162296296], [19.2358230815625, 47.43279261125], [19.235823627777783, 47.43275557787038], [19.235816495659723, 47.4327213812963], [19.23580146, 47.43269088], [19.235785442204858, 47.43266704342013], [19.235774984305557, 47.43265148069445], [19.23576929203125, 47.432643009843744], [19.23576757111111, 47.4326404488889], [19.2357690272743, 47.43264261585069], [19.235772866250002, 47.432648328750005], [19.235778293767364, 47.432656405607645], [19.235784515555554, 47.43266566444444], [19.235790737343752, 47.432674923281255], [19.235796164861114, 47.432683000138894], [19.235800003836808, 47.432688713038196], [19.23580146, 47.43269088], [19.23608747, 47.43258899], [19.236086628576388, 47.43258785180555], [19.236084410277783, 47.43258485111111], [19.2360812740625, 47.43258060875], [19.236077678888893, 47.43257574555556], [19.236074083715273, 47.4325708823611], [19.2360709475, 47.43256664], [19.236068729201392, 47.432563639305556], [19.23606788777778, 47.43256250111111], [19.236068882187503, 47.43256384625], [19.23607217138889, 47.43256829555556], [19.236078214340278, 47.43257646986112], [19.23608747, 47.43258899], [19.236102846504625, 47.43260603618055], [19.236126774537038, 47.43262640361111], [19.236158996875, 47.432648635625], [19.236199256296302, 47.43267127555556], [19.2362472955787, 47.4326928667361], [19.2363028575, 47.4327119525], [19.236365684837963, 47.432727076180555], [19.23643552037037, 47.4327367811111], [19.236512106875004, 47.432739610625], [19.23659518712963, 47.432734108055556], [19.236684503912038, 47.43271881673611], [19.2367798, 47.43269228], [19.236862315277776, 47.432664849131946], [19.23691618888889, 47.432646939722225], [19.2369455125, 47.4326371915625], [19.23695437777778, 47.43263424444445], [19.23694687638889, 47.43263673815971], [19.2369271, 47.43264331249999], [19.236899140277778, 47.43265260725695], [19.23686708888889, 47.43266326222221], [19.2368350375, 47.4326739171875], [19.236807077777783, 47.43268321194444], [19.23678730138889, 47.432689786284726], [19.2367798, 47.43269228], [19.24055921, 47.43144588], [19.24055347548611, 47.431448447430554], [19.240538357222224, 47.43145521611112], [19.240516983125, 47.431464785624996], [19.240492481111115, 47.43147575555556], [19.240467979097218, 47.431486725486096], [19.240446605000002, 47.431496294999995], [19.240431486736117, 47.43150306368055], [19.240425752222222, 47.43150563111111], [19.240432529375003, 47.43150259687499], [19.240454946111115, 47.431492560555554], [19.240496130347225, 47.43147412173611], [19.24055921, 47.43144588], [19.240630669351848, 47.43141265972221], [19.24069461314815, 47.43137988111111], [19.240750600000002, 47.4313470375], [19.240798188518525, 47.43131362222223], [19.24083693731481, 47.4312791286111], [19.240866405, 47.431243050000006], [19.24088615018519, 47.43120487972222], [19.240895731481483, 47.43116411111111], [19.240894707500004, 47.431120237500004], [19.240882636851858, 47.43107275222223], [19.240859078148148, 47.43102114861111], [19.24082359, 47.43096492], [19.240788634444442, 47.43091558729166], [19.240765812222225, 47.43088337833335], [19.240753390000002, 47.430865846875], [19.240749634444448, 47.43086054666667], [19.24075281222222, 47.43086503145832], [19.24076119, 47.430876855], [19.240773034444448, 47.43089357104167], [19.240786612222223, 47.43091273333333], [19.24080019, 47.430931895625], [19.240812034444446, 47.43094861166667], [19.240820412222224, 47.430960435208334], [19.24082359, 47.43096492], [19.24070126, 47.43076409], [19.24100723, 47.43065975], [19.24123486, 47.43097111], [19.241233019791665, 47.43096869993055], [19.241228168333336, 47.430962346111116], [19.241221309375, 47.430953363125], [19.241213446666666, 47.43094306555557], [19.24120558395833, 47.43093276798611], [19.241198724999997, 47.430923785000005], [19.24119387354167, 47.43091743118057], [19.24119203333333, 47.43091502111111], [19.241194208125, 47.430917869375], [19.241201401666665, 47.43092729055556], [19.241214617708334, 47.43094459923611], [19.24123486, 47.43097111], [19.241261363067128, 47.431000221527775], [19.241292134537037, 47.431024638055554], [19.241326337812495, 47.4310446325], [19.241363136296297, 47.431060477777784], [19.241401693391197, 47.431072446805544], [19.2414411725, 47.4310808125], [19.241480737025466, 47.43108584777778], [19.24151955037037, 47.43108782555555], [19.241556775937504, 47.43108701875], [19.241591577129633, 47.43108370027778], [19.241623117349537, 47.43107814305555], [19.24165056, 47.43107062], [19.241671663576387, 47.43106354906249], [19.241685441944444, 47.4310589325], [19.2416929415625, 47.4310564196875], [19.241695208888892, 47.431055660000006], [19.24169329038194, 47.43105630281249], [19.2416882325, 47.4310579975], [19.24168108170139, 47.431060393437505], [19.241672884444444, 47.43106313999999], [19.2416646871875, 47.4310658865625], [19.241657536388892, 47.43106828250001], [19.241652478506943, 47.4310699771875], [19.24165056, 47.43107062], [19.24204646, 47.43094024], [19.242044304878473, 47.43094096894096], [19.242038623194446, 47.430942890694446], [19.24203059046875, 47.43094560765624], [19.242021382222223, 47.43094872222222], [19.24201217397569, 47.43095183678818], [19.242004141250003, 47.43095455374999], [19.241998459565973, 47.43095647550347], [19.24199630444444, 47.43095720444444], [19.24199885140625, 47.43095634296874], [19.242007275972227, 47.430953493472224], [19.242022753663196, 47.43094825835069], [19.24204646, 47.43094024], [19.242072366001157, 47.43092833784142], [19.242093831342597, 47.43091221606482], [19.24211111453125, 47.43089262421875], [19.242124474074075, 47.430870311851855], [19.242134168478007, 47.43084602851272], [19.242140456250002, 47.43082052375], [19.24214359589699, 47.43079454711227], [19.242143845925924, 47.43076884814815], [19.24214146484375, 47.43074417640625], [19.242136711157407, 47.43072128143518], [19.242129843373842, 47.430700912783564], [19.24212112, 47.43068382], [19.242113082743053, 47.43067104357638], [19.242107835277782, 47.43066270194445], [19.2421049790625, 47.4306581615625], [19.242104115555556, 47.430656788888896], [19.242104846215273, 47.430657950381935], [19.2421067725, 47.430661012499996], [19.242109495868057, 47.43066534170139], [19.242112617777778, 47.43067030444444], [19.2421157396875, 47.430675267187496], [19.242118463055558, 47.430679596388885], [19.24212038934028, 47.430682658506946], [19.24212112, 47.43068382], [19.24189052, 47.43037277], [19.24224704, 47.43025089], [19.2424778, 47.43056096], [19.242476163368057, 47.4305588623611], [19.24247184861111, 47.43055333222223], [19.242465748437496, 47.430545513750005], [19.24245875555556, 47.430536551111125], [19.24245176267361, 47.430527588472216], [19.2424456625, 47.430519770000004], [19.242441347743057, 47.43051423986112], [19.24243971111111, 47.43051214222222], [19.242441645312496, 47.43051462125], [19.242448043055553, 47.43052282111111], [19.24245979704861, 47.43053788597222], [19.2424778, 47.43056096], [19.242501317546296, 47.430586843709484], [19.242528677037036, 47.43060955800927], [19.242559363749997, 47.43062907765625], [19.242592862962965, 47.430645377407416], [19.2426286599537, 47.43065843201967], [19.24266624, 47.43066821625], [19.24270508837963, 47.43067470485532], [19.242744690370365, 47.43067787259259], [19.242784531249995, 47.430677694218744], [19.242824096296296, 47.430674144490744], [19.242862870787036, 47.43066719816551], [19.24290034, 47.43065683], [19.242931131979166, 47.43064667314235], [19.24295123583333, 47.43064004180556], [19.2429621784375, 47.430636432343746], [19.242965486666666, 47.43063534111111], [19.242962687395828, 47.430636264461796], [19.2429553075, 47.430638698749995], [19.242944873854167, 47.430642140329866], [19.242932913333334, 47.43064608555555], [19.242920952812497, 47.430650030781244], [19.242910519166667, 47.430653472361115], [19.24290313927083, 47.43065590664931], [19.24290034, 47.43065683], [19.24557527, 47.42976609], [19.245570266527775, 47.42976775432292], [19.24555707555556, 47.42977214208334], [19.24553842625, 47.42977834546875], [19.24551704777778, 47.42978545666668], [19.245495669305555, 47.429792567864574], [19.24547702, 47.42979877125], [19.24546382902778, 47.42980315901042], [19.245458825555556, 47.42980482333333], [19.24546473875, 47.42980285640625], [19.24548429777778, 47.42979635041667], [19.245520231805557, 47.42978439755208], [19.24557527, 47.42976609], [19.245635226001152, 47.42974378830439], [19.245684571342593, 47.429720529768524], [19.24572402203125, 47.429696421718745], [19.245754294074075, 47.429671571481485], [19.245776103478, 47.429646086383094], [19.24579016625, 47.42962007375001], [19.245797198396993, 47.42959364090857], [19.245797915925927, 47.42956689518518], [19.24579303484375, 47.42953994390625], [19.24578327115741, 47.42951289439816], [19.245769340873842, 47.42948585398727], [19.24575196, 47.42945893], [19.245736106059027, 47.429436385347216], [19.245725755138892, 47.42942166611111], [19.24572012109375, 47.429413654375], [19.245718417777777, 47.42941123222222], [19.245719859045135, 47.4294132817361], [19.245723658750002, 47.429418685], [19.245729030746528, 47.42942632409723], [19.245735188888887, 47.42943508111111], [19.24574134703125, 47.429443838125], [19.24574671902778, 47.42945147722223], [19.24575051873264, 47.429456880486114], [19.24575196, 47.42945893], [19.24558908, 47.42923755], [19.24593565, 47.42912776], [19.2461134, 47.4293695], [19.24611242947916, 47.42936828980902], [19.246109870833337, 47.42936509930556], [19.2461062534375, 47.42936058859375], [19.24610210666667, 47.42935541777778], [19.246097959895828, 47.4293502469618], [19.2460943425, 47.42934573625], [19.246091783854165, 47.42934254574653], [19.246090813333332, 47.42934133555555], [19.246091960312498, 47.42934276578126], [19.246095754166667, 47.42934749652778], [19.24610272427083, 47.4293561878993], [19.2461134, 47.4293695], [19.246126121979163, 47.42938424018518], [19.246138843333334, 47.42939688314815], [19.246151512187502, 47.429407590000004], [19.24616407666667, 47.429416521851856], [19.24617648489583, 47.42942383981481], [19.246188685, 47.429429705], [19.24620062510417, 47.42943427851852], [19.246212253333333, 47.42943772148148], [19.246223517812503, 47.429440195], [19.24623436666667, 47.42944186018519], [19.246244748020835, 47.42944287814814], [19.24625461, 47.42944341], [19.2462626640625, 47.42944369779512], [19.246267922500003, 47.429443885694454], [19.246270784687503, 47.42944398796875], [19.246271650000004, 47.429444018888894], [19.2462709178125, 47.42944399272567], [19.246268987500002, 47.42944392375], [19.246266258437505, 47.42944382623264], [19.24626313, 47.42944371444444], [19.2462600015625, 47.42944360265625], [19.246257272500003, 47.42944350513889], [19.246255342187503, 47.42944343616319], [19.24625461, 47.42944341], [19.246254482621527, 47.42944341171874], [19.246254146805555, 47.42944341625], [19.24625367203125, 47.429443422656256], [19.24625312777778, 47.429443430000006], [19.246252583524306, 47.429443437343735], [19.24625210875, 47.429443443749996], [19.246251772934034, 47.42944344828125], [19.246251645555557, 47.42944345], [19.246251796093752, 47.42944344796875], [19.246252294027784, 47.42944344125], [19.246253208836805, 47.42944342890624], [19.24625461, 47.42944341], [19.246263121371527, 47.42944295925925], [19.246283723472228, 47.42944174157408], [19.246314020781252, 47.42943989125], [19.24635161777778, 47.429437542592595], [19.24639411894097, 47.4294348299074], [19.246439128749998, 47.4294318875], [19.24648425168403, 47.42942884967593], [19.246527092222223, 47.42942585074074], [19.246565254843752, 47.429423025], [19.24659634402778, 47.429420506759264], [19.24661796425347, 47.42941843032408], [19.24662772, 47.42941693], [19.246630261840274, 47.429415948975695], [19.246631921388893, 47.42941530847223], [19.246632824687502, 47.429414959843754], [19.246633097777778, 47.429414854444445], [19.246632866701386, 47.429414943628466], [19.2466322575, 47.429415178750006], [19.246631396215278, 47.4294155111632], [19.246630408888883, 47.429415892222224], [19.246629421562503, 47.42941627328125], [19.246628560277777, 47.42941660569445], [19.246627951076388, 47.429416840815975], [19.24662772, 47.42941693], [19.24752026, 47.42912299], [19.24766524, 47.42934715], [19.24690386, 47.42951362], [19.23242123, 47.43432816], [19.232412674068286, 47.43433107974537], [19.23238864587963, 47.43433932962964], [19.23235160484375, 47.434352145625], [19.232304010370374, 47.4343687637037], [19.232248321869207, 47.43438841983796], [19.23218699875, 47.43441034999999], [19.232122500422456, 47.434433790162046], [19.232057286296296, 47.43445797629629], [19.231993815781248, 47.434482144374996], [19.231934548287036, 47.43450553037037], [19.231881943223378, 47.43452737025463], [19.23183846, 47.4345469], [19.23180644331597, 47.43456212583333], [19.231785539861114, 47.434572066666675], [19.231774162031247, 47.4345774775], [19.231770722222223, 47.43457911333334], [19.231773632829853, 47.43457772916666], [19.23178130625, 47.43457408], [19.231792154878473, 47.43456892083333], [19.231804591111107, 47.434563006666664], [19.23181702734375, 47.4345570925], [19.231827875972222, 47.43455193333334], [19.231835549392358, 47.43454828416667], [19.23183846, 47.4345469], [19.23110946, 47.43477533]]]}}, {"type": "Feature", "properties": {"id": 23, "name": "taxi A1 B1", "category": "taxiway", "surface_code": "31"}, "geometry": {"type": "Polygon", "coordinates": [[[19.24752026, 47.42912299], [19.247518458749997, 47.42912357284722], [19.247513710000003, 47.429125109444456], [19.247506996250003, 47.429127281875004], [19.247499300000005, 47.42912977222223], [19.24749160375, 47.42913226256944], [19.247484890000003, 47.42913443500001], [19.247480141250005, 47.429135971597226], [19.24747834, 47.42913655444444], [19.247480468750002, 47.429135865625], [19.247487510000003, 47.42913358722223], [19.24750044625, 47.42912940131944], [19.24752026, 47.42912299], [19.247544565902775, 47.429115365086794], [19.24757055555556, 47.42910789486112], [19.247598576875, 47.42910079609376], [19.247628977777783, 47.429094285555564], [19.247662106180552, 47.42908858001736], [19.247698310000004, 47.42908389625], [19.24773793715278, 47.42908045102431], [19.247781335555555, 47.429078461111104], [19.247828853125, 47.42907814328125], [19.247880837777778, 47.42907971430556], [19.247937637430557, 47.42908339095486], [19.2479996, 47.42908939], [19.24806233831018, 47.42909814185764], [19.248121051481483, 47.429109504027785], [19.248175466875, 47.429122833906256], [19.24822531185185, 47.4291374888889], [19.24827031377314, 47.429152826371514], [19.2483102, 47.42916820375], [19.24834469789352, 47.429182978420144], [19.248373534814814, 47.429196507777775], [19.248396438125, 47.429208149218745], [19.24841313518519, 47.42921726013889], [19.24842335335648, 47.429223197934036], [19.24842682, 47.42922532], [19.24881681, 47.42951656], [19.24852262, 47.42970369], [19.24851611181134, 47.42969876640624], [19.248498011990744, 47.42968507791667], [19.24847045765625, 47.429664247968745], [19.248435585925925, 47.42963790000001], [19.248395533917822, 47.4296076574479], [19.24835243875, 47.42957514374999], [19.248308437540512, 47.42954198234375], [19.248265667407406, 47.429509796666665], [19.24822626546875, 47.42948021015626], [19.248192368842595, 47.42945484625], [19.248166114646992, 47.429435328385416], [19.24814964, 47.42942328], [19.24813820541088, 47.429415259456015], [19.248125596620376, 47.429406848981486], [19.24811173859375, 47.429398207812504], [19.2480965562963, 47.429389495185184], [19.248079974693283, 47.429380870335635], [19.24806191875, 47.4293724925], [19.248042313431718, 47.429364520914355], [19.248021083703705, 47.429357114814806], [19.247998154531253, 47.4293504334375], [19.247973450879634, 47.42934463601853], [19.247946897714122, 47.42933988179398], [19.24791842, 47.42933633], [19.24788867966435, 47.42933410818865], [19.247858742314822, 47.42933310717593], [19.247829138437503, 47.429333131093756], [19.24780039851852, 47.42933398407407], [19.24777305304398, 47.42933547024883], [19.2477476325, 47.42933739375], [19.247724667372687, 47.42933955870949], [19.247704688148147, 47.42934176925925], [19.2476882253125, 47.42934382953125], [19.247675809351854, 47.42934554365741], [19.247667970752314, 47.429346715769675], [19.24766524, 47.42934715], [19.24752026, 47.42912299]]]}}, {"type": "Feature", "properties": {"id": 24, "name": "taxi B1", "category": "taxiway", "surface_code": "2"}, "geometry": {"type": "Polygon", "coordinates": [[[19.22982029, 47.43643195], [19.22981684946759, 47.436435067829855], [19.229807496574075, 47.4364440226389], [19.229793684375, 47.436458216406244], [19.229776865925928, 47.43647705111111], [19.2297584942824, 47.43649992873262], [19.229740022500003, 47.436526251249994], [19.22972290363426, 47.436555420642364], [19.229708590740742, 47.436586838888886], [19.229698536875, 47.43661990796875], [19.2296941950926, 47.43665402986111], [19.229697018449073, 47.43668860654513], [19.22970846, 47.43672304], [19.229727968287033, 47.43675490692708], [19.229753093796297, 47.436782387916665], [19.2297824425, 47.43680579078124], [19.229814620370373, 47.43682542333334], [19.229848233379627, 47.43684159338541], [19.2298818875, 47.436854608750004], [19.229914188703706, 47.43686477723959], [19.229943742962963, 47.436872406666666], [19.22996915625, 47.436877804843746], [19.229989034537038, 47.43688127958333], [19.230001983796296, 47.436883138697915], [19.23000661, 47.43688369], [19.22999712, 47.43692935], [19.22994283, 47.43718539], [19.22896038, 47.4370797], [19.22982029, 47.43643195]]]}}, {"type": "Feature", "properties": {"id": 25, "name": "taxi B1", "category": "taxiway", "surface_code": "37"}, "geometry": {"type": "Polygon", "coordinates": [[[19.22999712, 47.43692935], [19.23019077, 47.43696367], [19.23013009, 47.43720501], [19.22994283, 47.43718539], [19.22999712, 47.43692935]]]}}, {"type": "Feature", "properties": {"id": 26, "name": "taxi B1", "category": "taxiway", "surface_code": "34"}, "geometry": {"type": "Polygon", "coordinates": [[[19.23019077, 47.43696367], [19.23070956, 47.4370397], [19.23567002, 47.43754263], [19.23562275, 47.43777306], [19.235648219201387, 47.437775627239574], [19.23571536527778, 47.43778239541667], [19.2358102959375, 47.437791964218746], [19.235919118888894, 47.43780293333333], [19.236027941840273, 47.43781390244791], [19.2361228725, 47.43782347124999], [19.23619001857639, 47.43783023942708], [19.236215487777777, 47.437832806666655], [19.236185387812505, 47.437829772656244], [19.23608582638889, 47.43781973708333], [19.235902911215277, 47.43780129963541], [19.23562275, 47.43777306], [19.235260926047452, 47.43773658956596], [19.234851969212965, 47.43769536986112], [19.234410407031252, 47.43765086578125], [19.233950767037037, 47.437604542222225], [19.23348757676504, 47.43755786407986], [19.23303536375, 47.43751229625], [19.232608655526622, 47.437469303628475], [19.232221979629628, 47.43743035111111], [19.23188986359375, 47.43739690359375], [19.231626834953705, 47.43737042597223], [19.231447421244212, 47.43735238314236], [19.23136615, 47.43734424], [19.231343162100693, 47.4373419670486], [19.231328153472226, 47.437340483055564], [19.231319984218747, 47.4373396753125], [19.231317514444445, 47.43733943111111], [19.231319604253468, 47.43733963774305], [19.231325113749996, 47.4373401825], [19.231332903038197, 47.43734095267362], [19.23134183222222, 47.43734183555555], [19.231350761406247, 47.437342718437506], [19.231358550694445, 47.43734348861112], [19.23136406019097, 47.437344033368056], [19.23136615, 47.43734424], [19.231368892934025, 47.43734451118055], [19.23137612430556, 47.43734522611112], [19.231386347968748, 47.43734623687501], [19.23139806777778, 47.43734739555556], [19.2314097875868, 47.43734855423611], [19.231420011250002, 47.437349565000005], [19.23142724262153, 47.43735027993057], [19.231429985555554, 47.437350551111116], [19.231426743906248, 47.437350230625], [19.231416021527778, 47.437349170555564], [19.231396322274307, 47.43734722298612], [19.23136615, 47.43734424], [19.231328937482633, 47.437341068124994], [19.23128977402778, 47.43733859833334], [19.231249648281246, 47.43733674937499], [19.23120954888889, 47.43733544], [19.231170464496525, 47.43733458895832], [19.231133383749995, 47.437334115], [19.231099295295138, 47.43733393687501], [19.231069187777777, 47.43733397333333], [19.23104404984375, 47.437334143125], [19.23102487013889, 47.437334365000005], [19.23101263730903, 47.43733455770833], [19.23100834, 47.43733464], [19.23101003, 47.43729838], [19.23013009, 47.43720501], [19.23019077, 47.43696367]]]}}, {"type": "Feature", "properties": {"id": 27, "name": "taxi B1", "category": "taxiway", "surface_code": "27"}, "geometry": {"type": "Polygon", "coordinates": [[[19.23567002, 47.43754263], [19.2359392, 47.43756992], [19.23715695, 47.437686], [19.23715052932291, 47.437685470052074], [19.237133602083336, 47.43768407291667], [19.237109670468747, 47.43768209765626], [19.237082236666666, 47.43767983333334], [19.23705480286458, 47.43767756901041], [19.23703087125, 47.43767559375], [19.237013944010418, 47.437674196614594], [19.237007523333332, 47.43767366666667], [19.237015111406247, 47.43767429296875], [19.237040210416666, 47.43767636458334], [19.23708632255208, 47.43768017057292], [19.23715695, 47.437686], [19.23724067925347, 47.43769265955439], [19.23732301402778, 47.437698760601855], [19.237402832343744, 47.43770429921875], [19.237479012222224, 47.43770927148149], [19.237550431684024, 47.43771367346643], [19.23761596875, 47.437717501250006], [19.23767450144097, 47.437720750908575], [19.237724907777775, 47.437723418518516], [19.237766065781248, 47.43772550015625], [19.237796853472226, 47.43772699189816], [19.237816148871527, 47.4377278898206], [19.23782283, 47.43772819], [19.2380582, 47.43772197], [19.23712987, 47.43829521], [19.237129770966433, 47.43829498345485], [19.237129423564816, 47.43829410430557], [19.23712875234375, 47.438292273281256], [19.237127681851856, 47.43828919111112], [19.23712613663773, 47.438284558524295], [19.23712404125, 47.43827807625], [19.23712132023727, 47.43826944501736], [19.23711789814815, 47.438258365555555], [19.23711369953125, 47.43824453859375], [19.237108648935187, 47.43822766486112], [19.237102670908563, 47.43820744508681], [19.23709569, 47.43818358], [19.237087637638883, 47.43815852509258], [19.23707836527778, 47.43813488740741], [19.237067677499997, 47.438112595], [19.23705537888889, 47.43809157592594], [19.237041274027774, 47.43807175824073], [19.237025167500004, 47.438053069999995], [19.23700686388889, 47.43803543925927], [19.23698616777778, 47.43801879407407], [19.236962883750003, 47.4380030625], [19.23693681638889, 47.4379881725926], [19.236907770277778, 47.43797405240741], [19.23687555, 47.43796063], [19.236835995781245, 47.43794730053819], [19.236786747083332, 47.4379336901389], [19.236730307343752, 47.43792007328125], [19.236669180000003, 47.437906724444446], [19.23660586848958, 47.437893918107626], [19.236542876250002, 47.437881928749995], [19.23648270671875, 47.437871030850694], [19.236427863333333, 47.43786149888888], [19.23638084953125, 47.43785360734375], [19.23634416875, 47.43784763069444], [19.236320324427084, 47.43784384342014], [19.23631182, 47.43784252], [19.236306221822915, 47.437841955584474], [19.23628972291667, 47.43784029217592], [19.236262766718752, 47.437837574531244], [19.23622579666667, 47.437833847407404], [19.236179256197914, 47.43782915556133], [19.23612358875, 47.43782354374999], [19.23605923776042, 47.43781705673033], [19.235986646666667, 47.43780973925926], [19.235906258906255, 47.43780163609375], [19.23581851791667, 47.437792791990745], [19.23572386713542, 47.437783251707174], [19.23562275, 47.43777306], [19.23553519095486, 47.43776423498263], [19.235478024305557, 47.43775847319445], [19.23544690828125, 47.43775533703124], [19.235437501111114, 47.43775438888889], [19.2354454610243, 47.437755191163184], [19.23546644625, 47.43775730625], [19.235496115017362, 47.43776029654514], [19.235530125555556, 47.43776372444444], [19.23556413609375, 47.437767152343746], [19.23559380486111, 47.4377701426389], [19.235614790086807, 47.43777225772569], [19.23562275, 47.43777306], [19.23567002, 47.43754263]]]}}, {"type": "Feature", "properties": {"id": 28, "name": "taxi B2", "category": "taxiway", "surface_code": "31"}, "geometry": {"type": "Polygon", "coordinates": [[[19.23859864, 47.43793705], [19.238597911938655, 47.43793839956018], [19.23859587300926, 47.43794237814815], [19.238592741093747, 47.43794888062501], [19.238588734074078, 47.43795780185186], [19.238584069832168, 47.4379690366898], [19.23857896625, 47.43798248], [19.23857364120949, 47.43799802664353], [19.23856831259259, 47.43801557148148], [19.23856319828125, 47.438035009375], [19.238558516157408, 47.438056235185186], [19.238554484103005, 47.438079143773145], [19.23855132, 47.43810363], [19.238548534716433, 47.43812880634259], [19.238545668564818, 47.43815391407407], [19.238542983593753, 47.43817904125], [19.238540741851853, 47.438204275925926], [19.238539205387728, 47.4382297061574], [19.23853863625, 47.43825542], [19.238539296487268, 47.43828150550926], [19.238541448148144, 47.43830805074074], [19.23854535328125, 47.438335143749995], [19.238551273935187, 47.43836287259259], [19.238559472158563, 47.438391325324076], [19.23857021, 47.43842059], [19.23858515145833, 47.43845116608796], [19.238604997500005, 47.43848299703704], [19.238628565625003, 47.43851533687501], [19.238654673333336, 47.43854743962964], [19.238682138124997, 47.4385785593287], [19.2387097775, 47.43860795], [19.238736408958335, 47.4386348656713], [19.23876085, 47.43865856037037], [19.238781918125, 47.438678288125], [19.238798430833334, 47.43869330296296], [19.238809205625, 47.43870285891204], [19.23881306, 47.43870621], [19.23881780920139, 47.438709354056705], [19.23883116777778, 47.43871816078705], [19.238851802187497, 47.43873169203125], [19.23887837888889, 47.43874900962963], [19.23890956434027, 47.43876917542244], [19.238944025, 47.43879125125], [19.23898042732639, 47.43881429895255], [19.239017437777775, 47.438837380370366], [19.2390537228125, 47.43885955734375], [19.239087948888887, 47.438879891712965], [19.239118782465276, 47.43889744531829], [19.23914489, 47.43891128], [19.23916841879629, 47.43892283973958], [19.23919260203704, 47.438934144583335], [19.239217734999997, 47.438945120468745], [19.239244112962968, 47.438955693333334], [19.2392720312037, 47.43896578911457], [19.239301785000002, 47.43897533375], [19.239333669629634, 47.43898425317708], [19.23936798037037, 47.43899247333333], [19.2394050125, 47.43899992015625], [19.2394450612963, 47.43900651958333], [19.239488422037038, 47.439012197552074], [19.23953539, 47.43901688], [19.239576454374998, 47.43902037555555], [19.239603265000003, 47.439022657777784], [19.239617858125, 47.4390239], [19.23962227, 47.43902427555556], [19.239618536874993, 47.43902395777776], [19.239608695, 47.439023119999995], [19.239594780625, 47.43902193555556], [19.23957883, 47.43902057777777], [19.239562879375, 47.43901921999999], [19.239548965000004, 47.43901803555556], [19.239539123125, 47.43901719777777], [19.23953539, 47.43901688], [19.23949122, 47.43924419], [19.239494376961805, 47.43924444590277], [19.239502699861116, 47.43924512055556], [19.239514466718752, 47.43924607437499], [19.239527955555562, 47.43924716777778], [19.23954144439236, 47.43924826118054], [19.239553211249998, 47.439249215], [19.23956153414931, 47.43924988965278], [19.239564691111113, 47.43925014555554], [19.239560960156254, 47.439249843125], [19.23954861930556, 47.43924884277777], [19.239525946579864, 47.43924700493055], [19.23949122, 47.43924419], [19.239449707528934, 47.439240273663195], [19.23940795856482, 47.43923526097223], [19.23936617328125, 47.43922920640625], [19.239324551851855, 47.43922216444445], [19.239283294450228, 47.439214189565966], [19.23924260125, 47.43920533625], [19.23920267242477, 47.43919565897569], [19.239163708148148, 47.43918521222222], [19.23912590859375, 47.43917405046875], [19.239089473935188, 47.43916222819445], [19.239054604346062, 47.43914979987848], [19.2390215, 47.43913682], [19.238984836689816, 47.43912075156829], [19.238940382685186, 47.439099727546306], [19.238889976875, 47.439074807343744], [19.238835458148152, 47.43904705037038], [19.238778665393514, 47.439017516035875], [19.238721437500004, 47.43898726375001], [19.238665613356485, 47.438957352922465], [19.238613031851852, 47.438928842962966], [19.238565531875, 47.43890279328126], [19.23852495231482, 47.43888026328705], [19.238493132060185, 47.43886231239004], [19.23847191, 47.43885], [19.23845455718171, 47.438840219809016], [19.23843337078704, 47.43882928680557], [19.238408728906247, 47.43881739234375], [19.238381009629634, 47.43880472777778], [19.23835059104745, 47.438791484461795], [19.238317851250002, 47.43877785375], [19.23828316832755, 47.43876402699653], [19.238246920370372, 47.438750195555556], [19.23820948546875, 47.43873655078125], [19.23817124171297, 47.43872328402778], [19.23813256719329, 47.43871058664931], [19.23809384, 47.43869865], [19.23805532282407, 47.4386880430787], [19.23801706092593, 47.43867912296297], [19.237979106250002, 47.438671763125], [19.237941510740743, 47.43866583703704], [19.23790432634259, 47.43866121817129], [19.237867604999998, 47.43865777999999], [19.23783139865741, 47.438655395995376], [19.23779575925926, 47.438653939629624], [19.23776073875, 47.438653284375], [19.237726389074076, 47.4386533037037], [19.23769276217593, 47.438653871087965], [19.23765991, 47.43865486], [19.23762696149884, 47.438656638350686], [19.237593446990743, 47.43865950097223], [19.23756002046875, 47.43866321171875], [19.23752733592593, 47.43866753444445], [19.23749604735532, 47.43867223300346], [19.23746680875, 47.43867707125], [19.23744027410301, 47.4386818130382], [19.237417097407405, 47.438686222222216], [19.23739793265625, 47.43869006265625], [19.237383433842595, 47.43869309819445], [19.23737425495949, 47.43869509269098], [19.23737105, 47.43869581], [19.23859864, 47.43793705]]]}}, {"type": "Feature", "properties": {"id": 29, "name": "MaintAPRON2", "category": "apron", "surface_code": "2"}, "geometry": {"type": "Polygon", "coordinates": [[[19.24189052, 47.43037277], [19.2413113, 47.42957143], [19.24183002, 47.42939145], [19.24159482, 47.42906577], [19.24323425, 47.42852146], [19.24348302, 47.42886063], [19.24417042, 47.42863244], [19.24474463, 47.42942326], [19.24224704, 47.43025089], [19.24189052, 47.43037277]]]}}, {"type": "Feature", "properties": {"id": 30, "name": "MainAPRON1", "category": "apron", "surface_code": "2"}, "geometry": {"type": "Polygon", "coordinates": [[[19.23580146, 47.43269088], [19.23556624, 47.43237542], [19.23515954, 47.43180424], [19.23482361, 47.43191931], [19.23460174, 47.43163931], [19.23483185, 47.43126883], [19.23677213, 47.43061618], [19.23680182, 47.43065728], [19.23861444, 47.43005359], [19.23975475, 47.42967298], [19.24018588, 47.42952907], [19.24100723, 47.43065975], [19.24075377, 47.43074633], [19.24068343, 47.43077004], [19.23629026, 47.43222949], [19.23628706997685, 47.432231047905084], [19.23627812064815, 47.432235607407414], [19.236264343124997, 47.4322429971875], [19.236246668518522, 47.43225304592593], [19.23622602793981, 47.43226558230323], [19.2362033525, 47.432280434999996], [19.23617957331019, 47.43229743269677], [19.23615562148148, 47.43231640407407], [19.236132428124996, 47.4323371778125], [19.236110924351856, 47.432359582592596], [19.236092041273146, 47.43238344709491], [19.23607671, 47.4324086], [19.23606579046296, 47.43243378123842], [19.23605910453704, 47.432457724074084], [19.23605602625, 47.4324802471875], [19.236055929629632, 47.43250116925926], [19.236058188703698, 47.4325203089699], [19.236062177500003, 47.432537485], [19.2360672700463, 47.4325525160301], [19.23607284037037, 47.432565220740734], [19.2360782625, 47.4325754178125], [19.236082910462965, 47.43258292592593], [19.236086158287037, 47.43258756376157], [19.23608738, 47.43258915], [19.23580146, 47.43269088]]]}}, {"type": "Feature", "properties": {"id": 31, "name": "EngTest", "category": "apron", "surface_code": "2"}, "geometry": {"type": "Polygon", "coordinates": [[[19.24558741, 47.42923702], [19.24542389, 47.42901728], [19.245418565219907, 47.429011016041656], [19.245403457592598, 47.42899362500001], [19.2453798671875, 47.42896720812499], [19.24534909407408, 47.42893386666667], [19.245312438321758, 47.428895701874985], [19.2452712, 47.428854814999994], [19.245226679178245, 47.42881330729166], [19.245180175925924, 47.428773279999994], [19.245132990312502, 47.428736834374995], [19.24508642240741, 47.42870607166667], [19.245041772280093, 47.428683093124995], [19.24500034, 47.42867], [19.244960081782402, 47.428664779999984], [19.244918677592597, 47.42866356833334], [19.244877013125, 47.4286656875], [19.244835974074075, 47.428670460000006], [19.244796446134256, 47.428677208333326], [19.244759315, 47.428685255000005], [19.24472546636574, 47.4286939225], [19.244695785925924, 47.42870253333333], [19.244671159375002, 47.428710409999994], [19.24465247240741, 47.428716875000006], [19.24464061071759, 47.428721250833334], [19.24463646, 47.42872286], [19.24448965, 47.42852312], [19.24492072, 47.42837773], [19.24473159, 47.428119], [19.244729073715277, 47.42811889855902], [19.244721997222225, 47.42811846680557], [19.244711069062504, 47.42811751359375], [19.24469699777778, 47.42811584777778], [19.24468049190972, 47.4281132782118], [19.24466226, 47.428109613749996], [19.244643010590277, 47.42810466324653], [19.24462345222222, 47.42809823555555], [19.244604293437497, 47.42809013953125], [19.24458624277778, 47.42808018402778], [19.24457000878472, 47.428068177899306], [19.2445563, 47.42805393], [19.244546124843747, 47.42803861737268], [19.244539845416668, 47.428023611481485], [19.24453720078125, 47.428009012812495], [19.244537930000003, 47.427994921851855], [19.244541772135413, 47.427981439085634], [19.244548466250002, 47.427968665], [19.24455775140625, 47.427956700081026], [19.244569366666667, 47.42794564481482], [19.244583051093752, 47.4279355996875], [19.24459854375, 47.42792666518519], [19.244615583697918, 47.42791894179398], [19.24463391, 47.42791253], [19.24465294009259, 47.427907408032404], [19.244672184074076, 47.4279035575926], [19.24469152, 47.427901084374994], [19.244710825925928, 47.427900094074076], [19.244729979907405, 47.42790069238425], [19.244748859999998, 47.427902985], [19.24476734425926, 47.42790707761574], [19.24478531074074, 47.42791307592592], [19.2448026375, 47.427921085625], [19.244819202592595, 47.427931212407415], [19.244834884074073, 47.427943561967595], [19.24484956, 47.42795824], [19.24486055315393, 47.42797430190392], [19.244865867731484, 47.427990533564824], [19.24486640390625, 47.42800663640625], [19.244863061851852, 47.42802231185186], [19.24485674174189, 47.42803726132522], [19.24484834375, 47.428051186249995], [19.244838768049767, 47.428063788049776], [19.24482891481481, 47.42807476814814], [19.24481968421875, 47.42808382796875], [19.244811976435184, 47.42809066893519], [19.244806691637727, 47.42809499247107], [19.24480473, 47.4280965], [19.2449241, 47.42826426], [19.24543738, 47.42808555], [19.24553477, 47.42801052], [19.24605998, 47.42778912], [19.24639254, 47.42800967], [19.2462822, 47.42820467], [19.24664615, 47.42873691], [19.24615027, 47.42890296], [19.246146673090276, 47.42890429492476], [19.246136642222226, 47.42890811939815], [19.2461213171875, 47.42891416296875], [19.24610183777778, 47.4289221551852], [19.24607934378472, 47.42893182559606], [19.246054975000003, 47.42894290375], [19.24602987121528, 47.42895511919561], [19.246005172222223, 47.42896820148148], [19.2459820178125, 47.42898188015626], [19.24596154777778, 47.428995884768526], [19.245944901909724, 47.4290099448669], [19.24593322, 47.42902379], [19.2459258237037, 47.42903729277199], [19.245921026296298, 47.4290504063426], [19.245918454999998, 47.42906298109374], [19.245917737037036, 47.429074867407415], [19.245918499629624, 47.429085915665496], [19.245920369999997, 47.429095976250004], [19.24592297537037, 47.42910489954283], [19.245925942962963, 47.429112535925924], [19.245928900000003, 47.429118735781245], [19.245931473703706, 47.429123349490744], [19.245933291296296, 47.42912622743634], [19.24593398, 47.42912722], [19.24558741, 47.42923702]]]}}]}